# Blender 4.4.3
# www.blender.org
mtllib hanging_industrial_lamp_1k.mtl
o hanging_industrial_lamp
v 0.127787 -0.871333 -0.000008
v 0.044933 -0.755583 -0.000003
v 0.123434 -0.871333 0.033066
v 0.043403 -0.755583 0.011627
v 0.110670 -0.871333 0.063886
v 0.038914 -0.755583 0.022464
v 0.090364 -0.871333 0.090353
v 0.031774 -0.755583 0.031770
v 0.063900 -0.871333 0.110662
v 0.022469 -0.755583 0.038911
v 0.033081 -0.871333 0.123430
v 0.011632 -0.755583 0.043401
v 0.000008 -0.871333 0.127786
v 0.000003 -0.755583 0.044933
v -0.033066 -0.871333 0.123434
v -0.011627 -0.755583 0.043402
v -0.063886 -0.871333 0.110670
v -0.022464 -0.755583 0.038914
v -0.090353 -0.871333 0.090364
v -0.031770 -0.755583 0.031774
v -0.110662 -0.871333 0.063900
v -0.038912 -0.755584 0.022469
v -0.123430 -0.871333 0.033081
v -0.043401 -0.755583 0.011632
v -0.127786 -0.871333 0.000008
v -0.044933 -0.755584 0.000003
v 0.123430 -0.871333 -0.033081
v 0.043401 -0.755583 -0.011632
v 0.110662 -0.871333 -0.063900
v 0.038912 -0.755584 -0.022469
v 0.090353 -0.871333 -0.090364
v 0.031770 -0.755583 -0.031774
v 0.063886 -0.871333 -0.110670
v 0.022464 -0.755583 -0.038914
v 0.033066 -0.871333 -0.123434
v 0.011627 -0.755583 -0.043403
v -0.000008 -0.871333 -0.127787
v -0.000003 -0.755583 -0.044933
v -0.033081 -0.871333 -0.123430
v -0.011632 -0.755584 -0.043401
v -0.063900 -0.871333 -0.110662
v -0.022469 -0.755583 -0.038912
v -0.090364 -0.871333 -0.090353
v -0.031774 -0.755583 -0.031770
v -0.110670 -0.871333 -0.063886
v -0.038914 -0.755583 -0.022464
v 0.139246 -0.871333 -0.000009
v 0.134503 -0.871333 0.036031
v 0.120595 -0.871333 0.069615
v 0.098468 -0.871333 0.098455
v 0.069630 -0.871333 0.120586
v 0.036048 -0.871333 0.134499
v 0.000009 -0.871333 0.139246
v -0.036031 -0.871333 0.134503
v -0.069615 -0.871333 0.120595
v -0.098455 -0.871333 0.098468
v -0.120586 -0.871333 0.069630
v -0.134499 -0.871333 0.036048
v -0.139246 -0.871333 0.000009
v -0.123434 -0.871333 -0.033066
v -0.043402 -0.755583 -0.011627
v 0.134499 -0.871333 -0.036048
v 0.120586 -0.871333 -0.069631
v 0.098456 -0.871333 -0.098468
v 0.069615 -0.871333 -0.120595
v 0.036031 -0.871333 -0.134503
v -0.000009 -0.871333 -0.139246
v 0.118468 -0.879336 -0.000008
v 0.114433 -0.879336 0.030654
v 0.102600 -0.879336 0.059227
v 0.083775 -0.879336 0.083764
v 0.059240 -0.879336 0.102592
v 0.030669 -0.879336 0.114429
v 0.000007 -0.879336 0.118468
v -0.030655 -0.879336 0.114433
v -0.059227 -0.879336 0.102600
v -0.083764 -0.879336 0.083775
v -0.102592 -0.879336 0.059240
v -0.114429 -0.879336 0.030669
v -0.118468 -0.879336 0.000007
v -0.036048 -0.871333 -0.134499
v -0.069630 -0.871333 -0.120586
v -0.098468 -0.871333 -0.098456
v -0.120595 -0.871333 -0.069615
v -0.134503 -0.871333 -0.036031
v 0.114429 -0.879336 -0.030669
v 0.102593 -0.879336 -0.059240
v 0.083764 -0.879336 -0.083775
v 0.059228 -0.879336 -0.102600
v 0.008539 -0.738625 0.002287
v 0.008840 -0.738625 -0.000001
v 0.007656 -0.738625 0.004419
v 0.006251 -0.738625 0.006250
v 0.004420 -0.738625 0.007655
v 0.002288 -0.738625 0.008538
v 0.000001 -0.738625 0.008839
v -0.002287 -0.738625 0.008538
v -0.004419 -0.738625 0.007655
v -0.006250 -0.738625 0.006251
v -0.007655 -0.738625 0.004420
v -0.008538 -0.738625 0.002288
v -0.008839 -0.738625 0.000000
v 0.030655 -0.879336 -0.114433
v -0.000007 -0.879336 -0.118468
v -0.030669 -0.879336 -0.114429
v -0.059240 -0.879336 -0.102593
v -0.083775 -0.879336 -0.083764
v -0.102600 -0.879336 -0.059228
v -0.114433 -0.879336 -0.030655
v 0.008538 -0.738625 -0.002288
v 0.007655 -0.738625 -0.004420
v 0.139246 -0.889756 -0.000009
v 0.134503 -0.889756 0.036031
v 0.120595 -0.889756 0.069615
v 0.098468 -0.889756 0.098455
v 0.069630 -0.889756 0.120586
v 0.036048 -0.889756 0.134499
v 0.000009 -0.889756 0.139246
v -0.036031 -0.889756 0.134503
v -0.069615 -0.889756 0.120595
v -0.098455 -0.889756 0.098468
v -0.120586 -0.889756 0.069630
v -0.134499 -0.889756 0.036048
v -0.139246 -0.889756 0.000009
v 0.006250 -0.738625 -0.006251
v 0.004419 -0.738625 -0.007656
v 0.002287 -0.738625 -0.008539
v -0.000001 -0.738625 -0.008840
v -0.002288 -0.738625 -0.008538
v -0.004420 -0.738625 -0.007655
v -0.006251 -0.738625 -0.006250
v -0.007656 -0.738625 -0.004419
v -0.008538 -0.738625 -0.002287
v 0.132565 -0.878987 -0.000008
v 0.128050 -0.878987 0.034302
v 0.114808 -0.878987 0.066275
v 0.093743 -0.878987 0.093731
v 0.066289 -0.878987 0.114800
v 0.034318 -0.878987 0.128045
v 0.000008 -0.878987 0.132564
v -0.034302 -0.878987 0.128049
v -0.066275 -0.878987 0.114808
v -0.093731 -0.878987 0.093743
v -0.114800 -0.878987 0.066289
v -0.128045 -0.878987 0.034318
v -0.132564 -0.878987 0.000008
v 0.134499 -0.889756 -0.036048
v 0.120586 -0.889756 -0.069631
v 0.098456 -0.889756 -0.098468
v 0.069615 -0.889756 -0.120595
v 0.036031 -0.889756 -0.134503
v -0.000009 -0.889756 -0.139246
v -0.036048 -0.889756 -0.134499
v -0.069630 -0.889756 -0.120586
v -0.098468 -0.889756 -0.098456
v -0.120595 -0.889756 -0.069615
v -0.134503 -0.889756 -0.036031
v 0.097512 -0.876878 -0.000006
v 0.094191 -0.876878 0.025232
v 0.084451 -0.876878 0.048750
v 0.068956 -0.876878 0.068947
v 0.048761 -0.876878 0.084444
v 0.025244 -0.876878 0.094187
v 0.000006 -0.876878 0.097512
v -0.025232 -0.876878 0.094191
v -0.048751 -0.876878 0.084451
v -0.068947 -0.876878 0.068955
v -0.084445 -0.876878 0.048761
v -0.094187 -0.876878 0.025244
v -0.097512 -0.876878 0.000006
v 0.128045 -0.878987 -0.034318
v 0.114800 -0.878987 -0.066290
v 0.093731 -0.878987 -0.093743
v 0.066275 -0.878987 -0.114808
v 0.034302 -0.878987 -0.128050
v -0.000008 -0.878987 -0.132565
v -0.034318 -0.878987 -0.128045
v -0.066289 -0.878987 -0.114800
v -0.093743 -0.878987 -0.093731
v 0.114743 -0.876550 -0.000007
v 0.110835 -0.876550 0.029691
v 0.099374 -0.876550 0.057365
v 0.081141 -0.876550 0.081130
v 0.057378 -0.876550 0.099366
v 0.029705 -0.876550 0.110831
v 0.000007 -0.876550 0.114743
v -0.029691 -0.876550 0.110835
v -0.057365 -0.876550 0.099374
v -0.081130 -0.876550 0.081140
v -0.099367 -0.876550 0.057378
v -0.110831 -0.876550 0.029704
v -0.114743 -0.876550 0.000007
v -0.114808 -0.878987 -0.066275
v -0.128050 -0.878987 -0.034302
v 0.094188 -0.876878 -0.025244
v 0.084445 -0.876878 -0.048761
v 0.068947 -0.876878 -0.068956
v 0.048751 -0.876878 -0.084451
v 0.025232 -0.876878 -0.094191
v -0.000006 -0.876878 -0.097512
v -0.025244 -0.876878 -0.094188
v 0.069044 -0.873022 -0.000004
v 0.066693 -0.873022 0.017866
v 0.059796 -0.873022 0.034518
v 0.048825 -0.873022 0.048818
v 0.034526 -0.873022 0.059792
v 0.017874 -0.873022 0.066690
v 0.000004 -0.873022 0.069044
v -0.017866 -0.873022 0.066693
v -0.034518 -0.873022 0.059796
v -0.048818 -0.873022 0.048825
v -0.059792 -0.873022 0.034526
v -0.066690 -0.873022 0.017874
v -0.069044 -0.873022 0.000004
v -0.048761 -0.876878 -0.084445
v -0.068955 -0.876878 -0.068947
v -0.084451 -0.876878 -0.048751
v -0.094191 -0.876878 -0.025232
v 0.110831 -0.876550 -0.029705
v 0.099367 -0.876550 -0.057378
v 0.081130 -0.876550 -0.081141
v 0.057365 -0.876550 -0.099374
v 0.029691 -0.876550 -0.110835
v 0.093185 -0.873022 -0.000006
v 0.090011 -0.873022 0.024112
v 0.080703 -0.873022 0.046587
v 0.065896 -0.873022 0.065887
v 0.046598 -0.873022 0.080697
v 0.024124 -0.873022 0.090008
v 0.000006 -0.873022 0.093185
v -0.024112 -0.873022 0.090011
v -0.046587 -0.873022 0.080703
v -0.065887 -0.873022 0.065896
v -0.080698 -0.873022 0.046597
v -0.090008 -0.873022 0.024124
v -0.093185 -0.873022 0.000006
v -0.000007 -0.876550 -0.114743
v -0.029705 -0.876550 -0.110831
v -0.057378 -0.876550 -0.099367
v -0.081140 -0.876550 -0.081130
v -0.099374 -0.876550 -0.057365
v -0.110835 -0.876550 -0.029691
v 0.066690 -0.873022 -0.017874
v 0.059792 -0.873022 -0.034526
v 0.048819 -0.873022 -0.048825
v 0.053089 -0.862465 -0.000003
v 0.051281 -0.862465 0.013737
v 0.045978 -0.862465 0.026541
v 0.037542 -0.862465 0.037537
v 0.026547 -0.862465 0.045974
v 0.013744 -0.862465 0.051279
v 0.000003 -0.862465 0.053089
v -0.013737 -0.862465 0.051280
v -0.026541 -0.862465 0.045978
v -0.037537 -0.862465 0.037542
v -0.045974 -0.862465 0.026547
v -0.051279 -0.862465 0.013743
v -0.053089 -0.862465 0.000003
v 0.034518 -0.873022 -0.059796
v 0.017866 -0.873022 -0.066693
v -0.000004 -0.873022 -0.069044
v -0.017874 -0.873022 -0.066691
v -0.034526 -0.873022 -0.059792
v -0.048825 -0.873022 -0.048819
v -0.059796 -0.873022 -0.034518
v -0.066693 -0.873022 -0.017866
v 0.090008 -0.873022 -0.024124
v 0.069044 -0.862465 -0.000004
v 0.066693 -0.862465 0.017866
v 0.059796 -0.862465 0.034518
v 0.048825 -0.862465 0.048818
v 0.034526 -0.862465 0.059792
v 0.017874 -0.862465 0.066690
v 0.000004 -0.862465 0.069044
v -0.017866 -0.862465 0.066693
v -0.034518 -0.862465 0.059796
v -0.048818 -0.862465 0.048825
v -0.059792 -0.862465 0.034526
v -0.066690 -0.862465 0.017874
v -0.069044 -0.862465 0.000004
v 0.080698 -0.873022 -0.046598
v 0.065888 -0.873022 -0.065896
v 0.046587 -0.873022 -0.080704
v 0.024112 -0.873022 -0.090011
v -0.000006 -0.873022 -0.093185
v -0.024124 -0.873022 -0.090008
v -0.046597 -0.873022 -0.080698
v -0.065896 -0.873022 -0.065888
v -0.080703 -0.873022 -0.046588
v -0.090011 -0.873022 -0.024113
v 0.065461 -0.873977 -0.000004
v 0.063232 -0.873977 0.016939
v 0.056693 -0.873977 0.032727
v 0.046291 -0.873977 0.046285
v 0.032734 -0.873977 0.056689
v 0.016947 -0.873977 0.063230
v 0.000004 -0.873977 0.065461
v -0.016939 -0.873977 0.063232
v -0.032727 -0.873977 0.056693
v -0.046285 -0.873977 0.046291
v -0.056689 -0.873977 0.032734
v -0.063230 -0.873977 0.016946
v -0.065461 -0.873977 0.000004
v 0.051279 -0.862465 -0.013744
v 0.045975 -0.862465 -0.026547
v 0.037537 -0.862465 -0.037542
v 0.026541 -0.862465 -0.045978
v 0.013737 -0.862465 -0.051281
v -0.000003 -0.862465 -0.053089
v -0.013744 -0.862465 -0.051279
v -0.026547 -0.862465 -0.045975
v -0.037542 -0.862465 -0.037537
v -0.045978 -0.862465 -0.026542
v 0.065461 -0.923717 -0.000004
v 0.063232 -0.923717 0.016939
v 0.056693 -0.923717 0.032727
v 0.046291 -0.923717 0.046285
v 0.032734 -0.923717 0.056689
v 0.016947 -0.923717 0.063230
v 0.000004 -0.923717 0.065461
v -0.016939 -0.923717 0.063232
v -0.032727 -0.923717 0.056693
v -0.046285 -0.923717 0.046291
v -0.056689 -0.923717 0.032734
v -0.063230 -0.923717 0.016946
v -0.065461 -0.923717 0.000004
v -0.051281 -0.862465 -0.013737
v 0.066690 -0.862465 -0.017874
v 0.059792 -0.862465 -0.034526
v 0.048819 -0.862465 -0.048825
v 0.034518 -0.862465 -0.059796
v 0.017866 -0.862465 -0.066693
v -0.000004 -0.862465 -0.069044
v -0.017874 -0.862465 -0.066691
v -0.034526 -0.862465 -0.059792
v 0.274803 -1.136708 -0.000017
v 0.265444 -1.136708 0.071108
v 0.237995 -1.136708 0.137387
v 0.194327 -1.136708 0.194303
v 0.137417 -1.136708 0.237978
v 0.071141 -1.136708 0.265435
v 0.000017 -1.136708 0.274803
v -0.071108 -1.136708 0.265444
v -0.137387 -1.136708 0.237995
v -0.194303 -1.136708 0.194327
v -0.237978 -1.136708 0.137416
v -0.265435 -1.136708 0.071141
v -0.274803 -1.136708 0.000017
v -0.048825 -0.862465 -0.048819
v -0.059796 -0.862465 -0.034518
v -0.066693 -0.862465 -0.017866
v 0.063230 -0.873977 -0.016947
v 0.056689 -0.873977 -0.032734
v 0.046285 -0.873977 -0.046291
v 0.032727 -0.873977 -0.056693
v 0.016939 -0.873977 -0.063232
v -0.000004 -0.873977 -0.065461
v 0.265312 -1.144297 -0.000017
v 0.256276 -1.144297 0.068652
v 0.229775 -1.144297 0.132641
v 0.187616 -1.144297 0.187592
v 0.132670 -1.144297 0.229759
v 0.068684 -1.144297 0.256267
v 0.000017 -1.144297 0.265312
v -0.068652 -1.144297 0.256276
v -0.132642 -1.144297 0.229775
v -0.187592 -1.144297 0.187616
v -0.229759 -1.144297 0.132670
v -0.256267 -1.144297 0.068684
v -0.265312 -1.144297 0.000016
v -0.016947 -0.873977 -0.063230
v -0.032734 -0.873977 -0.056689
v -0.046291 -0.873977 -0.046285
v -0.056693 -0.873977 -0.032727
v -0.063232 -0.873977 -0.016939
v 0.063230 -0.923717 -0.016947
v 0.056689 -0.923717 -0.032734
v 0.046285 -0.923717 -0.046291
v 0.032727 -0.923717 -0.056693
v 0.274803 -1.161267 -0.000017
v 0.265444 -1.161267 0.071108
v 0.237995 -1.161267 0.137387
v 0.194327 -1.161267 0.194303
v 0.137417 -1.161267 0.237978
v 0.071141 -1.161267 0.265435
v 0.000017 -1.161267 0.274803
v -0.071108 -1.161267 0.265444
v -0.137387 -1.161267 0.237995
v -0.194303 -1.161267 0.194327
v -0.237978 -1.161267 0.137416
v -0.265435 -1.161267 0.071141
v -0.274803 -1.161267 0.000017
v 0.016939 -0.923717 -0.063232
v -0.000004 -0.923717 -0.065461
v -0.016947 -0.923717 -0.063230
v -0.032734 -0.923717 -0.056689
v -0.046291 -0.923717 -0.046285
v -0.056693 -0.923717 -0.032727
v -0.063232 -0.923717 -0.016939
v 0.265435 -1.136708 -0.071141
v 0.237978 -1.136708 -0.137417
v 0.271412 -1.144297 -0.000017
v 0.262169 -1.144297 0.070230
v 0.235059 -1.144297 0.135691
v 0.191930 -1.144297 0.191905
v 0.135721 -1.144297 0.235041
v 0.070263 -1.144297 0.262160
v 0.000017 -1.144297 0.271412
v -0.070230 -1.144297 0.262168
v -0.135691 -1.144297 0.235058
v -0.191905 -1.144297 0.191929
v -0.235041 -1.144297 0.135721
v -0.262160 -1.144297 0.070263
v -0.271412 -1.144297 0.000017
v 0.194303 -1.136708 -0.194328
v 0.137387 -1.136708 -0.237995
v 0.071108 -1.136708 -0.265444
v -0.000017 -1.136708 -0.274803
v -0.071141 -1.136708 -0.265435
v -0.137416 -1.136708 -0.237978
v -0.194327 -1.136708 -0.194303
v -0.237995 -1.136708 -0.137387
v -0.265444 -1.136708 -0.071108
v 0.253703 -1.161267 -0.000016
v 0.245063 -1.161267 0.065648
v 0.219721 -1.161267 0.126838
v 0.179407 -1.161267 0.179384
v 0.126865 -1.161267 0.219705
v 0.065679 -1.161267 0.245054
v 0.000016 -1.161267 0.253703
v -0.065648 -1.161267 0.245062
v -0.126838 -1.161267 0.219721
v -0.179384 -1.161267 0.179406
v -0.219705 -1.161267 0.126865
v -0.245054 -1.161267 0.065678
v -0.253703 -1.161267 0.000016
v 0.256268 -1.144297 -0.068684
v 0.229759 -1.144297 -0.132671
v 0.187592 -1.144297 -0.187616
v 0.132642 -1.144297 -0.229776
v 0.068652 -1.144297 -0.256276
v -0.000017 -1.144297 -0.265312
v -0.068684 -1.144297 -0.256268
v -0.132670 -1.144297 -0.229759
v -0.187616 -1.144297 -0.187592
v -0.229775 -1.144297 -0.132642
v -0.256276 -1.144297 -0.068652
v 0.265312 -1.161267 -0.000017
v 0.256276 -1.161267 0.068652
v 0.229775 -1.161267 0.132641
v 0.187616 -1.161267 0.187592
v 0.132670 -1.161267 0.229759
v 0.068684 -1.161267 0.256267
v 0.000017 -1.161267 0.265312
v -0.068652 -1.161267 0.256276
v -0.132642 -1.161267 0.229775
v -0.187592 -1.161267 0.187616
v -0.229759 -1.161267 0.132670
v -0.256267 -1.161267 0.068684
v -0.265312 -1.161267 0.000016
v 0.265435 -1.161267 -0.071141
v 0.237978 -1.161267 -0.137417
v 0.194303 -1.161267 -0.194328
v 0.137387 -1.161267 -0.237995
v 0.071108 -1.161267 -0.265444
v -0.000017 -1.161267 -0.274803
v -0.071141 -1.161267 -0.265435
v -0.137416 -1.161267 -0.237978
v -0.194327 -1.161267 -0.194303
v 0.144468 -1.035102 -0.000009
v 0.139547 -1.035102 0.037382
v 0.125117 -1.035102 0.072226
v 0.102160 -1.035102 0.102147
v 0.072242 -1.035102 0.125108
v 0.037400 -1.035102 0.139542
v 0.000009 -1.035102 0.144467
v -0.037382 -1.035102 0.139547
v -0.072226 -1.035102 0.125117
v -0.102147 -1.035102 0.102160
v -0.125108 -1.035102 0.072241
v -0.139542 -1.035102 0.037400
v -0.144467 -1.035102 0.000009
v -0.237995 -1.161267 -0.137387
v -0.265444 -1.161267 -0.071108
v 0.262160 -1.144297 -0.070263
v 0.235042 -1.144297 -0.135721
v 0.191906 -1.144297 -0.191930
v 0.135691 -1.144297 -0.235059
v 0.070230 -1.144297 -0.262169
v -0.000017 -1.144297 -0.271412
v -0.070263 -1.144297 -0.262160
v 0.117845 -0.755583 0.031568
v 0.123434 -0.761320 0.033066
v 0.127787 -0.761320 -0.000008
v 0.122000 -0.755583 -0.000008
v 0.105659 -0.755583 0.060993
v 0.110670 -0.761320 0.063886
v 0.086273 -0.755583 0.086262
v 0.090364 -0.761320 0.090353
v 0.061007 -0.755583 0.105651
v 0.063900 -0.761320 0.110662
v 0.031583 -0.755584 0.117841
v 0.033081 -0.761320 0.123430
v 0.000008 -0.755583 0.122000
v 0.000008 -0.761320 0.127786
v -0.031569 -0.755583 0.117845
v -0.033066 -0.761320 0.123434
v -0.060993 -0.755583 0.105659
v -0.063886 -0.761320 0.110670
v -0.086262 -0.755583 0.086272
v -0.090353 -0.761320 0.090364
v -0.105651 -0.755583 0.061007
v -0.110662 -0.761320 0.063900
v -0.117841 -0.755583 0.031583
v -0.123430 -0.761320 0.033081
v -0.122000 -0.755583 0.000008
v -0.127786 -0.761320 0.000008
v -0.135721 -1.144297 -0.235042
v -0.191929 -1.144297 -0.191906
v -0.235058 -1.144297 -0.135692
v -0.262168 -1.144297 -0.070230
v 0.245054 -1.161267 -0.065679
v 0.219706 -1.161267 -0.126865
v 0.179384 -1.161267 -0.179407
v 0.126838 -1.161267 -0.219722
v 0.065648 -1.161267 -0.245063
v -0.000016 -1.161267 -0.253703
v -0.065678 -1.161267 -0.245054
v -0.126865 -1.161267 -0.219706
v -0.179406 -1.161267 -0.179384
v -0.219721 -1.161267 -0.126838
v -0.245063 -1.161267 -0.065648
v 0.256268 -1.161267 -0.068684
v 0.229759 -1.161267 -0.132671
v 0.187592 -1.161267 -0.187616
v 0.025281 -0.738625 0.006772
v 0.026172 -0.738625 -0.000002
v 0.022666 -0.738625 0.013084
v 0.018508 -0.738625 0.018505
v 0.013087 -0.738625 0.022665
v 0.006775 -0.738625 0.025280
v 0.000002 -0.738625 0.026172
v -0.006772 -0.738625 0.025281
v -0.013085 -0.738625 0.022666
v -0.018505 -0.738625 0.018507
v -0.022665 -0.738625 0.013087
v -0.025280 -0.738625 0.006775
v -0.026172 -0.738625 0.000002
v 0.132642 -1.161267 -0.229776
v 0.068652 -1.161267 -0.256276
v -0.000017 -1.161267 -0.265312
v -0.068684 -1.161267 -0.256268
v -0.132670 -1.161267 -0.229759
v -0.187616 -1.161267 -0.187592
v -0.229775 -1.161267 -0.132642
v -0.256276 -1.161267 -0.068652
v 0.139543 -1.035102 -0.037400
v 0.008539 -0.730578 0.002287
v 0.008840 -0.730578 -0.000001
v 0.007656 -0.730578 0.004419
v 0.006251 -0.730578 0.006250
v 0.004420 -0.730578 0.007655
v 0.002288 -0.730578 0.008538
v 0.000001 -0.730578 0.008839
v -0.002287 -0.730578 0.008538
v -0.004419 -0.730578 0.007655
v -0.006250 -0.730578 0.006251
v -0.007655 -0.730578 0.004420
v -0.008538 -0.730578 0.002288
v -0.008839 -0.730578 0.000000
v 0.125108 -1.035102 -0.072242
v 0.102148 -1.035102 -0.102160
v 0.072226 -1.035102 -0.125117
v 0.037382 -1.035102 -0.139547
v -0.000009 -1.035102 -0.144468
v -0.037400 -1.035102 -0.139543
v -0.072241 -1.035102 -0.125108
v -0.102160 -1.035102 -0.102148
v -0.125117 -1.035102 -0.072226
v -0.139547 -1.035102 -0.037382
v 0.117841 -0.755583 -0.031583
v 0.123430 -0.761320 -0.033081
v 0.105651 -0.755583 -0.061007
v 0.110662 -0.761320 -0.063900
v 0.086262 -0.755583 -0.086273
v 0.090353 -0.761320 -0.090364
v 0.060993 -0.755583 -0.105659
v 0.063886 -0.761320 -0.110670
v 0.031569 -0.755583 -0.117845
v 0.033066 -0.761320 -0.123434
v -0.000008 -0.755583 -0.122000
v -0.000008 -0.761320 -0.127787
v -0.031583 -0.755583 -0.117841
v -0.033081 -0.761320 -0.123430
v -0.061007 -0.755583 -0.105651
v -0.063900 -0.761320 -0.110662
v -0.086272 -0.755583 -0.086262
v -0.090364 -0.761320 -0.090353
v -0.105659 -0.755583 -0.060994
v -0.110670 -0.761320 -0.063886
v -0.117845 -0.755583 -0.031569
v -0.123434 -0.761320 -0.033066
v 0.025280 -0.738625 -0.006775
v 0.022665 -0.738625 -0.013088
v 0.018505 -0.738625 -0.018508
v 0.013085 -0.738625 -0.022667
v 0.006772 -0.738625 -0.025281
v -0.000002 -0.738625 -0.026172
v -0.006775 -0.738625 -0.025280
v -0.013087 -0.738625 -0.022665
v -0.018507 -0.738625 -0.018505
v -0.022666 -0.738625 -0.013085
v -0.025281 -0.738625 -0.006772
v 0.008538 -0.730578 -0.002288
v 0.007655 -0.730578 -0.004420
v 0.006250 -0.730578 -0.006251
v 0.004419 -0.730578 -0.007656
v 0.002287 -0.730578 -0.008539
v -0.000001 -0.730578 -0.008840
v -0.002288 -0.730578 -0.008538
v -0.004420 -0.730578 -0.007655
v -0.006251 -0.730578 -0.006250
v -0.007655 -0.730578 -0.004419
v -0.008538 -0.730578 -0.002287
v 0.002145 -1.147615 -0.271267
v 0.002146 -1.146929 -0.267288
v 0.141001 -1.147859 -0.233057
v 0.136685 -1.148102 -0.232946
v 0.136717 -1.146686 -0.229140
v 0.141033 -1.146443 -0.229251
v 0.271415 -1.147593 -0.002032
v 0.267139 -1.146951 -0.002032
v 0.233388 -1.148056 -0.136796
v 0.233650 -1.147834 -0.140813
v 0.229546 -1.146488 -0.140981
v 0.229284 -1.146710 -0.136963
v 0.002179 -1.147616 0.271266
v 0.002179 -1.146929 0.267288
v 0.141030 -1.147859 0.233039
v 0.136714 -1.148102 0.232929
v 0.136746 -1.146686 0.229122
v 0.141062 -1.146443 0.229233
v 0.271416 -1.147593 0.001998
v 0.267139 -1.146951 0.001998
v 0.233405 -1.148056 0.136766
v 0.233668 -1.147834 0.140784
v 0.229563 -1.146488 0.140951
v 0.229301 -1.146710 0.136934
v 0.002152 -1.297258 -0.156772
v 0.002153 -1.293486 -0.154825
v 0.002145 -1.155217 -0.270077
v 0.002146 -1.154436 -0.266114
v -0.002179 -1.147615 -0.271267
v -0.002179 -1.146929 -0.267288
v -0.141030 -1.147859 -0.233040
v -0.136714 -1.148102 -0.232929
v -0.136746 -1.146686 -0.229123
v 0.002172 -1.297258 0.156772
v 0.002172 -1.293486 0.154824
v 0.141895 -1.162612 -0.227860
v 0.002179 -1.155217 0.270076
v 0.002179 -1.154436 0.266113
v -0.141062 -1.146443 -0.229233
v 0.137574 -1.162783 -0.227775
v -0.271415 -1.147593 -0.001998
v -0.267139 -1.146951 -0.001999
v 0.137589 -1.161062 -0.224080
v 0.141909 -1.160892 -0.224165
v 0.270221 -1.155199 -0.002032
v 0.265960 -1.154463 -0.002032
v -0.233405 -1.148056 -0.136766
v -0.233667 -1.147834 -0.140784
v -0.229563 -1.146488 -0.140952
v -0.229301 -1.146710 -0.136934
v -0.002145 -1.147615 0.271267
v 0.141923 -1.162612 0.227841
v -0.002145 -1.146929 0.267288
v 0.137603 -1.162783 0.227757
v -0.141001 -1.147859 0.233057
v -0.136685 -1.148102 0.232946
v 0.137617 -1.161062 0.224062
v 0.141938 -1.160892 0.224147
v 0.270221 -1.155199 0.001998
v 0.265960 -1.154463 0.001998
v -0.136717 -1.146686 0.229140
v -0.141033 -1.146443 0.229251
v -0.271415 -1.147593 0.002032
v -0.267139 -1.146952 0.002032
v -0.233388 -1.148056 0.136795
v -0.233650 -1.147834 0.140813
v -0.229546 -1.146488 0.140980
v -0.229284 -1.146710 0.136963
v 0.231016 -1.155183 -0.137263
v 0.231269 -1.154986 -0.141282
v 0.231033 -1.155183 0.137234
v 0.231287 -1.154986 0.141253
v 0.227210 -1.153561 0.141416
v 0.226955 -1.153758 0.137397
v 0.227192 -1.153561 -0.141445
v 0.226938 -1.153758 -0.137425
v 0.141679 -1.286847 -0.097524
v 0.137355 -1.286838 -0.097525
v 0.137363 -1.282858 -0.095981
v 0.141687 -1.282867 -0.095981
v 0.141691 -1.286847 0.097506
v 0.137367 -1.286838 0.097507
v 0.137375 -1.282858 0.095964
v 0.141699 -1.282867 0.095963
v 0.141684 -1.291658 0.085740
v 0.137359 -1.291650 0.085738
v 0.137367 -1.287585 0.084401
v 0.141692 -1.287593 0.084403
v 0.141692 -1.295852 0.073550
v 0.137367 -1.295846 0.073543
v 0.141673 -1.291658 -0.085758
v 0.137349 -1.291650 -0.085755
v 0.137375 -1.291711 0.072410
v 0.141700 -1.291717 0.072417
v 0.141722 -1.299382 0.061048
v 0.137398 -1.299378 0.061034
v 0.137405 -1.295184 0.060109
v 0.141730 -1.295188 0.060122
v 0.141786 -1.263310 0.140148
v 0.137978 -1.263223 0.139873
v 0.136869 -1.259514 0.138800
v 0.141793 -1.259583 0.138127
v 0.141757 -1.269570 0.129934
v 0.137433 -1.269559 0.129939
v 0.137440 -1.265806 0.127958
v 0.141765 -1.265817 0.127954
v 0.141731 -1.275672 0.119516
v 0.137406 -1.275662 0.119520
v 0.137414 -1.271854 0.117634
v 0.141738 -1.271865 0.117630
v 0.141708 -1.281478 0.108753
v 0.137384 -1.281469 0.108755
v 0.137391 -1.277582 0.107016
v 0.141716 -1.277591 0.107014
v 0.137357 -1.287585 -0.084418
v 0.141681 -1.287593 -0.084421
v 0.141683 -1.295852 -0.073568
v 0.137358 -1.295846 -0.073560
v 0.137366 -1.291711 -0.072428
v 0.141691 -1.291717 -0.072435
v 0.002169 -1.322389 0.103027
v 0.002169 -1.318273 0.101836
v 0.002168 -1.325954 0.091382
v 0.002168 -1.321790 0.090349
v 0.002167 -1.329251 0.078794
v 0.002167 -1.325048 0.077906
v 0.002166 -1.332174 0.065554
v 0.002166 -1.327939 0.064811
v 0.002819 -1.306417 0.139254
v 0.002548 -1.302320 0.138363
v 0.002171 -1.310918 0.131505
v 0.002170 -1.306975 0.129882
v 0.002170 -1.314821 0.122880
v 0.002170 -1.310828 0.121366
v 0.002169 -1.318657 0.113492
v 0.002169 -1.314603 0.112129
v 0.002174 -1.276942 0.188491
v 0.002174 -1.273371 0.186236
v 0.002173 -1.285416 0.176055
v 0.002173 -1.281721 0.173982
v 0.002173 -1.291384 0.166550
v 0.002173 -1.287649 0.164540
v 0.141714 -1.299382 -0.061066
v 0.137390 -1.299378 -0.061051
v 0.137398 -1.295184 -0.060126
v 0.141722 -1.295188 -0.060141
v 0.002172 -1.303056 0.146817
v 0.002171 -1.299266 0.144900
v 0.002171 -1.304499 0.144320
v 0.002601 -1.301075 0.142571
v 0.141769 -1.263310 -0.140166
v 0.137961 -1.263223 -0.139891
v 0.136851 -1.259514 -0.138817
v 0.141776 -1.259583 -0.138145
v 0.141741 -1.269570 -0.129953
v 0.137417 -1.269558 -0.129957
v -0.002172 -1.297258 -0.156772
v -0.002172 -1.293486 -0.154825
v -0.002179 -1.155217 -0.270077
v -0.002179 -1.154436 -0.266113
v 0.002177 -1.235241 0.230486
v 0.002177 -1.232552 0.227337
v 0.137424 -1.265806 -0.127976
v 0.141749 -1.265817 -0.127972
v 0.002176 -1.246357 0.221647
v 0.002176 -1.243463 0.218662
v 0.141716 -1.275672 -0.119535
v 0.137391 -1.275662 -0.119538
v 0.002176 -1.257044 0.211873
v 0.002175 -1.253915 0.209102
v 0.137399 -1.271854 -0.117652
v 0.002175 -1.267253 0.200886
v 0.002175 -1.263885 0.198374
v 0.002179 -1.189217 0.259015
v 0.002178 -1.187229 0.255439
v 0.002178 -1.200373 0.253167
v 0.002178 -1.198163 0.249707
v 0.002178 -1.212010 0.246294
v 0.002178 -1.209627 0.242936
v 0.141723 -1.271865 -0.117648
v 0.002177 -1.223747 0.238663
v 0.002177 -1.221215 0.235402
v 0.002179 -1.169617 0.266780
v 0.002179 -1.168320 0.262937
v 0.141694 -1.281478 -0.108771
v 0.137370 -1.281469 -0.108773
v 0.002179 -1.178904 0.263578
v 0.002179 -1.177234 0.259862
v 0.141880 -1.224100 0.184091
v 0.137556 -1.224073 0.184112
v 0.137561 -1.220961 0.181324
v 0.141885 -1.220989 0.181304
v 0.137378 -1.277582 -0.107034
v 0.141702 -1.277591 -0.107032
v 0.002156 -1.322389 -0.103028
v 0.002156 -1.318273 -0.101837
v 0.141793 -1.234409 0.173580
v 0.137469 -1.234395 0.173587
v 0.137475 -1.231164 0.170921
v 0.141799 -1.231178 0.170914
v 0.002157 -1.325954 -0.091383
v 0.002157 -1.321790 -0.090350
v 0.002157 -1.329251 -0.078795
v 0.002157 -1.325048 -0.077907
v 0.141765 -1.244424 0.162638
v 0.137441 -1.244418 0.162636
v 0.137447 -1.241109 0.160055
v 0.141771 -1.241114 0.160057
v 0.002158 -1.332174 -0.065554
v 0.002158 -1.327939 -0.064811
v 0.002802 -1.306416 -0.139255
v 0.002531 -1.302320 -0.138364
v 0.141775 -1.254246 0.151428
v 0.137451 -1.254245 0.151421
v 0.137457 -1.250895 0.148887
v 0.141781 -1.250896 0.148895
v 0.141787 -1.259117 0.145774
v 0.137463 -1.259117 0.145765
v 0.137469 -1.255758 0.143241
v 0.141560 -1.255766 0.143434
v 0.142430 -1.182066 0.217810
v 0.138106 -1.182078 0.217807
v 0.138102 -1.179688 0.214454
v 0.142426 -1.179675 0.214457
v 0.002154 -1.310918 -0.131505
v 0.002154 -1.306975 -0.129883
v 0.002155 -1.314821 -0.122881
v 0.002155 -1.310827 -0.121367
v 0.142386 -1.192077 0.211088
v 0.138062 -1.192049 0.211111
v 0.138059 -1.189431 0.207911
v 0.142383 -1.189459 0.207887
v 0.142232 -1.202651 0.203073
v 0.137908 -1.202608 0.203108
v 0.137908 -1.199810 0.200044
v 0.142232 -1.199853 0.200009
v 0.142040 -1.213442 0.193997
v 0.137716 -1.213401 0.194030
v 0.137719 -1.210442 0.191100
v 0.142043 -1.210484 0.191067
v 0.055128 -1.297548 0.141761
v 0.055100 -1.297665 0.137732
v 0.054166 -1.293460 0.137631
v 0.054194 -1.293342 0.141660
v 0.067735 -1.294488 0.141658
v 0.067743 -1.294596 0.137630
v 0.066627 -1.290435 0.137529
v 0.066618 -1.290326 0.141558
v 0.080027 -1.290906 0.141657
v 0.080078 -1.291002 0.137628
v 0.078764 -1.286898 0.137528
v 0.078713 -1.286802 0.141557
v 0.091860 -1.286802 0.141770
v 0.091960 -1.286881 0.137742
v 0.090430 -1.282853 0.137640
v 0.090330 -1.282774 0.141668
v 0.258672 -1.189724 0.001999
v 0.254802 -1.187802 0.001999
v 0.002155 -1.318657 -0.113493
v 0.002155 -1.314603 -0.112130
v -0.002152 -1.297258 0.156772
v -0.002152 -1.293486 0.154825
v 0.252434 -1.201263 0.001999
v 0.248687 -1.199112 0.001999
v 0.244991 -1.213379 0.002000
v 0.241360 -1.211040 0.002000
v 0.002151 -1.276942 -0.188491
v -0.141923 -1.162612 -0.227842
v -0.002145 -1.155217 0.270077
v -0.002146 -1.154436 0.266113
v -0.137603 -1.162783 -0.227758
v 0.002151 -1.273371 -0.186236
v 0.236573 -1.225677 0.002000
v 0.233060 -1.223165 0.002000
v -0.137617 -1.161062 -0.224063
v -0.141937 -1.160892 -0.224147
v 0.002151 -1.285416 -0.176056
v 0.002151 -1.281721 -0.173983
v 0.002152 -1.291384 -0.166550
v 0.183420 -1.280607 0.002003
v 0.180841 -1.277149 0.002004
v 0.002152 -1.287649 -0.164541
v 0.170762 -1.289459 0.002004
v 0.168366 -1.285872 0.002004
v 0.157720 -1.297787 0.002005
v 0.155441 -1.294125 0.002005
v 0.002153 -1.303056 -0.146817
v 0.002153 -1.299266 -0.144901
v 0.144479 -1.305816 0.002006
v 0.142215 -1.302824 0.002533
v 0.089458 -1.326386 0.002009
v 0.088220 -1.322258 0.002009
v 0.078797 -1.329344 0.002010
v 0.077718 -1.325172 0.002010
v 0.002153 -1.304499 -0.144320
v 0.002583 -1.301075 -0.142572
v -0.270221 -1.155200 -0.001998
v -0.265960 -1.154463 -0.001999
v -0.141894 -1.162612 0.227859
v -0.137574 -1.162783 0.227775
v 0.002148 -1.235241 -0.230486
v 0.002148 -1.232552 -0.227338
v 0.067833 -1.331914 0.002011
v 0.066932 -1.327700 0.002011
v 0.056299 -1.334106 0.002011
v 0.055578 -1.329857 0.002011
v 0.002148 -1.246357 -0.221648
v 0.002166 -1.334619 0.051952
v 0.002166 -1.330357 0.051359
v 0.002165 -1.336558 0.038213
v 0.002165 -1.332278 0.037747
v 0.002164 -1.338108 0.024403
v 0.002164 -1.333818 0.024023
v 0.002163 -1.339410 0.010553
v 0.002163 -1.335117 0.010221
v 0.002163 -1.340013 0.003624
v 0.002719 -1.335719 0.002658
v 0.002149 -1.243463 -0.218663
v 0.227384 -1.237782 0.002001
v 0.224002 -1.235096 0.002001
v 0.217486 -1.249468 0.002001
v 0.214262 -1.246597 0.002002
v 0.206866 -1.260592 0.002002
v 0.203829 -1.257524 0.002002
v 0.195505 -1.271011 0.002003
v 0.192691 -1.267740 0.002003
v 0.103094 -1.282179 0.142010
v 0.103249 -1.282236 0.137983
v 0.101480 -1.278306 0.137876
v 0.101324 -1.278250 0.141903
v 0.113670 -1.277089 0.142374
v 0.113875 -1.277121 0.138349
v 0.111897 -1.273292 0.138234
v 0.111692 -1.273259 0.142260
v 0.123727 -1.271654 0.142831
v 0.123967 -1.271668 0.138807
v 0.121841 -1.267919 0.138686
v 0.121601 -1.267905 0.142710
v 0.133444 -1.266008 0.143347
v 0.133704 -1.266011 0.139324
v 0.131494 -1.262309 0.139199
v 0.131235 -1.262307 0.143222
v 0.002149 -1.257044 -0.211874
v 0.002149 -1.253915 -0.209103
v 0.138232 -1.263147 0.143616
v 0.136005 -1.259456 0.143490
v 0.178434 -1.229197 0.138139
v 0.178591 -1.229246 0.142167
v 0.175616 -1.226123 0.142301
v 0.175458 -1.226074 0.138273
v 0.167244 -1.239387 0.138479
v 0.167431 -1.239409 0.142506
v 0.002150 -1.267253 -0.200887
v 0.002150 -1.263885 -0.198374
v 0.002146 -1.189217 -0.259016
v 0.002146 -1.187229 -0.255440
v 0.002146 -1.200373 -0.253167
v 0.002147 -1.198163 -0.249708
v 0.002147 -1.212010 -0.246294
v 0.002147 -1.209627 -0.242936
v -0.137589 -1.161062 0.224080
v -0.141909 -1.160892 0.224164
v 0.164574 -1.236177 0.142636
v -0.270221 -1.155200 0.002032
v -0.265960 -1.154463 0.002032
v 0.002147 -1.223747 -0.238664
v 0.002148 -1.221215 -0.235403
v -0.231033 -1.155183 -0.137234
v -0.231287 -1.154986 -0.141253
v 0.002146 -1.169617 -0.266781
v 0.002146 -1.168320 -0.262938
v -0.231015 -1.155183 0.137263
v -0.231269 -1.154986 0.141282
v 0.002146 -1.178904 -0.263578
v 0.002146 -1.177234 -0.259863
v 0.141857 -1.224100 -0.184110
v 0.137533 -1.224073 -0.184130
v 0.137538 -1.220961 -0.181342
v 0.141863 -1.220989 -0.181322
v -0.227192 -1.153561 0.141444
v -0.226938 -1.153758 0.137425
v -0.227209 -1.153561 -0.141416
v -0.226955 -1.153758 -0.137397
v 0.141771 -1.234409 -0.173598
v 0.137447 -1.234395 -0.173605
v -0.141691 -1.286847 -0.097507
v -0.137367 -1.286838 -0.097508
v -0.137375 -1.282858 -0.095964
v -0.141699 -1.282867 -0.095963
v 0.164388 -1.236155 0.138610
v -0.141679 -1.286847 0.097524
v -0.137354 -1.286838 0.097524
v 0.137453 -1.231164 -0.170939
v 0.141778 -1.231178 -0.170932
v -0.137363 -1.282858 0.095981
v -0.141687 -1.282867 0.095981
v 0.155657 -1.249318 0.138940
v 0.155862 -1.249325 0.142965
v 0.153081 -1.246027 0.143093
v 0.152877 -1.246021 0.139067
v 0.141745 -1.244424 -0.162656
v 0.137420 -1.244418 -0.162653
v 0.143861 -1.259098 0.139466
v 0.144073 -1.259098 0.143491
v 0.141114 -1.255773 0.139592
v 0.137427 -1.241109 -0.160072
v 0.141751 -1.241114 -0.160075
v 0.141756 -1.254246 -0.151447
v 0.137432 -1.254245 -0.151438
v 0.142303 -1.172910 0.223060
v 0.137979 -1.172992 0.223016
v 0.137980 -1.170898 0.219494
v 0.142303 -1.170816 0.219537
v -0.141673 -1.291658 0.085758
v -0.137348 -1.291650 0.085755
v -0.137357 -1.287585 0.084418
v -0.141681 -1.287593 0.084421
v 0.137438 -1.250894 -0.148905
v 0.141762 -1.250896 -0.148913
v -0.141682 -1.295852 0.073567
v -0.137358 -1.295846 0.073560
v -0.141684 -1.291658 -0.085740
v -0.137359 -1.291650 -0.085738
v 0.141769 -1.259117 -0.145792
v 0.137444 -1.259117 -0.145783
v -0.137366 -1.291711 0.072427
v -0.141691 -1.291717 0.072435
v -0.141714 -1.299382 0.061065
v -0.137390 -1.299378 0.061051
v 0.137451 -1.255758 -0.143259
v 0.141542 -1.255766 -0.143452
v -0.137397 -1.295184 0.060126
v -0.141722 -1.295188 0.060140
v 0.137972 -1.308422 0.002679
v 0.136526 -1.305010 0.002006
v -0.141768 -1.263310 0.140166
v -0.137961 -1.263223 0.139891
v -0.136851 -1.259514 0.138817
v -0.141776 -1.259583 0.138145
v 0.132620 -1.311143 0.002007
v 0.131058 -1.307126 0.002007
v -0.141741 -1.269570 0.129952
v -0.137416 -1.269559 0.129956
v 0.142403 -1.182066 -0.217828
v 0.138078 -1.182078 -0.217824
v 0.138075 -1.179688 -0.214471
v 0.142400 -1.179675 -0.214475
v 0.142360 -1.192077 -0.211106
v 0.138035 -1.192049 -0.211129
v -0.137424 -1.265806 0.127975
v -0.141748 -1.265817 0.127972
v 0.121692 -1.315313 0.002007
v 0.120164 -1.311283 0.002007
v -0.141716 -1.275672 0.119534
v -0.137391 -1.275662 0.119537
v -0.137399 -1.271854 0.117651
v -0.141723 -1.271865 0.117648
v -0.141694 -1.281479 0.108770
v -0.137370 -1.281469 0.108772
v 0.138033 -1.189431 -0.207928
v 0.142357 -1.189459 -0.207905
v 0.110831 -1.319311 0.002008
v 0.109366 -1.315257 0.002008
v 0.142207 -1.202651 -0.203091
v 0.137883 -1.202608 -0.203125
v 0.100081 -1.323032 0.002009
v 0.098712 -1.318945 0.002009
v 0.137883 -1.199810 -0.200061
v 0.142207 -1.199853 -0.200027
v 0.266833 -1.169699 0.001998
v 0.142016 -1.213442 -0.194015
v 0.137692 -1.213401 -0.194047
v 0.262693 -1.168453 0.001999
v -0.137378 -1.277582 0.107034
v -0.141702 -1.277592 0.107032
v 0.263484 -1.179143 0.001998
v 0.259472 -1.177534 0.001999
v -0.137367 -1.287585 -0.084401
v -0.141692 -1.287593 -0.084403
v 0.137695 -1.210442 -0.191118
v 0.142019 -1.210484 -0.191085
v 0.055110 -1.297548 -0.141768
v 0.055083 -1.297665 -0.137740
v 0.054149 -1.293460 -0.137638
v 0.054177 -1.293342 -0.141667
v 0.067717 -1.294487 -0.141667
v 0.067726 -1.294596 -0.137638
v 0.066610 -1.290435 -0.137538
v 0.066600 -1.290326 -0.141567
v 0.080009 -1.290906 -0.141668
v 0.080061 -1.291002 -0.137639
v 0.078747 -1.286898 -0.137538
v 0.078695 -1.286802 -0.141567
v 0.091842 -1.286802 -0.141782
v 0.091943 -1.286881 -0.137754
v 0.090413 -1.282853 -0.137651
v 0.090312 -1.282774 -0.141680
v 0.141781 -1.302201 0.048346
v 0.137457 -1.302199 0.048323
v 0.137463 -1.297958 0.047610
v 0.141788 -1.297960 0.047632
v 0.141870 -1.304336 0.035548
v 0.137546 -1.304335 0.035518
v 0.137551 -1.300065 0.034982
v 0.141875 -1.300066 0.035012
v 0.141982 -1.305953 0.022699
v 0.137658 -1.305953 0.022664
v 0.137662 -1.301667 0.022251
v 0.141986 -1.301668 0.022286
v 0.142108 -1.307241 0.009827
v 0.137784 -1.307241 0.009789
v 0.137788 -1.302948 0.009444
v 0.142112 -1.302948 0.009482
v 0.142174 -1.307820 0.003391
v 0.137854 -1.303526 0.003022
v 0.215027 -1.186737 0.138158
v 0.215137 -1.186828 0.142186
v 0.211555 -1.184418 0.142319
v 0.211445 -1.184326 0.138291
v 0.207549 -1.197067 0.138079
v 0.207641 -1.197184 0.142107
v 0.204207 -1.194569 0.142241
v 0.204115 -1.194453 0.138213
v 0.198814 -1.207827 0.137982
v 0.198910 -1.207940 0.142010
v 0.195621 -1.205146 0.142147
v 0.258672 -1.189724 -0.002032
v 0.254802 -1.187802 -0.002031
v 0.195525 -1.205033 0.138119
v -0.141692 -1.295852 -0.073550
v -0.137367 -1.295846 -0.073543
v -0.137375 -1.291711 -0.072410
v -0.141700 -1.291717 -0.072418
v -0.002156 -1.322389 0.103028
v -0.002156 -1.318274 0.101836
v 0.189034 -1.218650 0.137973
v 0.189154 -1.218735 0.142001
v 0.186020 -1.215770 0.142137
v 0.185900 -1.215684 0.138109
v -0.002156 -1.325954 0.091382
v 0.043980 -1.335937 0.002012
v 0.043417 -1.331665 0.002012
v -0.002156 -1.321790 0.090349
v 0.252434 -1.201263 -0.002031
v 0.248687 -1.199112 -0.002031
v 0.030952 -1.337470 0.002013
v 0.030494 -1.333186 0.002013
v 0.017433 -1.338799 0.002014
v 0.017037 -1.334508 0.002014
v 0.244991 -1.213380 -0.002031
v 0.010559 -1.339414 0.002014
v 0.010180 -1.335122 0.002014
v 0.241360 -1.211040 -0.002030
v 0.003646 -1.340012 0.002015
v 0.003572 -1.305713 0.142848
v 0.016533 -1.304050 0.142516
v 0.016434 -1.304180 0.138489
v 0.015860 -1.299911 0.138380
v 0.015958 -1.299781 0.142408
v 0.029469 -1.302221 0.142210
v 0.029385 -1.302349 0.138182
v 0.028734 -1.298091 0.138076
v 0.028818 -1.297964 0.142104
v 0.042346 -1.300097 0.141951
v 0.042286 -1.300221 0.137923
v 0.041515 -1.295983 0.137819
v 0.041575 -1.295860 0.141847
v -0.002157 -1.329251 0.078794
v -0.002157 -1.325048 0.077907
v -0.002158 -1.332174 0.065554
v -0.002158 -1.327939 0.064811
v -0.002801 -1.306417 0.139254
v -0.002531 -1.302320 0.138364
v -0.002154 -1.310919 0.131505
v -0.002154 -1.306975 0.129882
v -0.002154 -1.314821 0.122881
v -0.002155 -1.310828 0.121367
v -0.002155 -1.318657 0.113492
v -0.002155 -1.314602 0.112129
v -0.002150 -1.276942 0.188491
v -0.002150 -1.273371 0.186236
v -0.002151 -1.285416 0.176056
v -0.002151 -1.281721 0.173983
v -0.002152 -1.291384 0.166550
v -0.002152 -1.287650 0.164540
v -0.141722 -1.299382 -0.061048
v -0.137397 -1.299378 -0.061034
v 0.236573 -1.225677 -0.002030
v 0.233059 -1.223165 -0.002030
v -0.137405 -1.295184 -0.060109
v -0.141729 -1.295188 -0.060123
v -0.002153 -1.303056 0.146817
v -0.002153 -1.299266 0.144900
v -0.002153 -1.304499 0.144320
v -0.002583 -1.301075 0.142571
v 0.183420 -1.280607 -0.002027
v 0.180841 -1.277149 -0.002027
v 0.170762 -1.289459 -0.002026
v 0.168365 -1.285872 -0.002026
v 0.157719 -1.297787 -0.002025
v 0.155441 -1.294125 -0.002025
v 0.144479 -1.305816 -0.002024
v -0.141786 -1.263310 -0.140149
v -0.137978 -1.263223 -0.139874
v -0.136869 -1.259514 -0.138800
v -0.141793 -1.259583 -0.138127
v -0.141757 -1.269570 -0.129935
v -0.137433 -1.269559 -0.129939
v -0.002148 -1.235241 0.230486
v -0.002148 -1.232552 0.227337
v -0.137440 -1.265806 -0.127959
v -0.141764 -1.265817 -0.127954
v -0.002148 -1.246357 0.221648
v -0.002148 -1.243463 0.218662
v -0.141731 -1.275672 -0.119517
v -0.137406 -1.275662 -0.119521
v -0.002149 -1.257044 0.211874
v -0.002149 -1.253915 0.209102
v 0.142215 -1.302824 -0.002551
v 0.089458 -1.326386 -0.002021
v 0.088219 -1.322258 -0.002021
v 0.078797 -1.329344 -0.002020
v 0.077718 -1.325172 -0.002020
v 0.067833 -1.331914 -0.002020
v 0.066931 -1.327700 -0.002020
v 0.056299 -1.334106 -0.002019
v 0.055578 -1.329857 -0.002019
v 0.002159 -1.334619 -0.051953
v 0.002159 -1.330357 -0.051360
v 0.002160 -1.336558 -0.038214
v 0.002160 -1.332278 -0.037747
v 0.002161 -1.338108 -0.024403
v 0.002161 -1.333818 -0.024023
v 0.002162 -1.339410 -0.010553
v 0.002162 -1.335117 -0.010222
v 0.002162 -1.340013 -0.003624
v 0.002719 -1.335719 -0.002659
v 0.227383 -1.237782 -0.002030
v 0.224002 -1.235096 -0.002029
v 0.217486 -1.249468 -0.002029
v 0.214262 -1.246597 -0.002029
v 0.206865 -1.260592 -0.002028
v 0.203828 -1.257525 -0.002028
v 0.195505 -1.271011 -0.002028
v 0.192691 -1.267740 -0.002027
v 0.103076 -1.282179 -0.142024
v 0.103232 -1.282236 -0.137996
v -0.137413 -1.271854 -0.117634
v -0.002150 -1.267253 0.200887
v -0.002150 -1.263885 0.198374
v -0.002146 -1.189217 0.259016
v 0.101463 -1.278306 -0.137889
v 0.101306 -1.278250 -0.141916
v -0.002146 -1.187229 0.255440
v -0.002146 -1.200373 0.253167
v -0.002147 -1.198163 0.249708
v -0.002147 -1.212010 0.246294
v 0.113652 -1.277089 -0.142389
v 0.113857 -1.277121 -0.138363
v 0.111879 -1.273292 -0.138249
v 0.111674 -1.273259 -0.142274
v 0.123709 -1.271654 -0.142847
v 0.123950 -1.271668 -0.138823
v -0.002147 -1.209627 0.242936
v -0.141738 -1.271865 -0.117631
v -0.002147 -1.223747 0.238663
v -0.002147 -1.221215 0.235402
v -0.002145 -1.169617 0.266781
v -0.002146 -1.168320 0.262937
v -0.141708 -1.281478 -0.108753
v -0.137383 -1.281469 -0.108756
v -0.002146 -1.178904 0.263578
v -0.002146 -1.177235 0.259862
v -0.141857 -1.224101 0.184109
v -0.137533 -1.224073 0.184129
v -0.137538 -1.220961 0.181342
v -0.141862 -1.220989 0.181322
v -0.137391 -1.277582 -0.107017
v -0.141716 -1.277591 -0.107014
v -0.002169 -1.322389 -0.103028
v -0.002169 -1.318274 -0.101837
v -0.141771 -1.234409 0.173598
v -0.137447 -1.234395 0.173604
v -0.137453 -1.231164 0.170938
v -0.141777 -1.231178 0.170932
v -0.002168 -1.325954 -0.091382
v -0.002168 -1.321789 -0.090349
v -0.002167 -1.329251 -0.078794
v -0.002167 -1.325048 -0.077907
v -0.141745 -1.244424 0.162656
v -0.137420 -1.244418 0.162653
v -0.137427 -1.241109 0.160072
v -0.141751 -1.241114 0.160075
v -0.002166 -1.332174 -0.065554
v -0.002166 -1.327939 -0.064811
v -0.002819 -1.306416 -0.139254
v -0.002548 -1.302320 -0.138364
v -0.141756 -1.254246 0.151446
v -0.137431 -1.254245 0.151438
v -0.137438 -1.250895 0.148904
v -0.141762 -1.250895 0.148913
v -0.141769 -1.259117 0.145792
v -0.137444 -1.259117 0.145782
v -0.137451 -1.255758 0.143258
v -0.141542 -1.255766 0.143451
v -0.142403 -1.182066 0.217828
v -0.138078 -1.182078 0.217824
v -0.138075 -1.179688 0.214471
v -0.142399 -1.179675 0.214475
v -0.002170 -1.310919 -0.131505
v -0.002170 -1.306975 -0.129882
v -0.002170 -1.314820 -0.122881
v -0.002170 -1.310827 -0.121367
v -0.142359 -1.192077 0.211106
v -0.138035 -1.192049 0.211129
v -0.138033 -1.189431 0.207928
v -0.142357 -1.189459 0.207905
v -0.142207 -1.202651 0.203091
v -0.137882 -1.202608 0.203125
v -0.137883 -1.199810 0.200061
v -0.142207 -1.199853 0.200027
v 0.121823 -1.267919 -0.138702
v 0.121583 -1.267905 -0.142726
v 0.133427 -1.266008 -0.143364
v -0.142016 -1.213442 0.194014
v -0.137692 -1.213401 0.194047
v 0.133686 -1.266011 -0.139341
v 0.131477 -1.262310 -0.139216
v -0.137695 -1.210442 0.191117
v -0.142019 -1.210484 0.191085
v 0.131217 -1.262307 -0.143239
v 0.138214 -1.263147 -0.143634
v -0.055110 -1.297548 0.141768
v -0.055082 -1.297665 0.137739
v 0.135988 -1.259456 -0.143507
v -0.054149 -1.293460 0.137638
v -0.054176 -1.293342 0.141666
v 0.178417 -1.229197 -0.138162
v 0.178574 -1.229246 -0.142189
v 0.175598 -1.226123 -0.142323
v -0.067717 -1.294488 0.141667
v -0.067726 -1.294596 0.137638
v 0.175441 -1.226074 -0.138296
v -0.066610 -1.290435 0.137538
v -0.066600 -1.290326 0.141567
v -0.080009 -1.290906 0.141667
v 0.167227 -1.239387 -0.138501
v 0.167413 -1.239409 -0.142527
v -0.080060 -1.291002 0.137638
v -0.078747 -1.286898 0.137538
v -0.078695 -1.286802 0.141567
v 0.164556 -1.236177 -0.142657
v -0.091842 -1.286802 0.141782
v -0.091943 -1.286881 0.137753
v -0.090413 -1.282853 0.137651
v -0.090312 -1.282774 0.141679
v -0.258672 -1.189724 0.002031
v -0.254801 -1.187803 0.002031
v -0.002169 -1.318657 -0.113493
v -0.002169 -1.314602 -0.112129
v -0.252434 -1.201263 0.002031
v -0.248687 -1.199112 0.002031
v -0.244991 -1.213380 0.002030
v -0.241360 -1.211040 0.002030
v -0.002174 -1.276942 -0.188491
v -0.002174 -1.273371 -0.186236
v -0.236572 -1.225677 0.002030
v -0.233059 -1.223165 0.002030
v -0.002173 -1.285416 -0.176056
v -0.002173 -1.281721 -0.173983
v -0.002173 -1.291384 -0.166550
v -0.183420 -1.280607 0.002026
v -0.180841 -1.277149 0.002026
v -0.002172 -1.287649 -0.164541
v -0.170762 -1.289459 0.002026
v -0.168365 -1.285872 0.002026
v -0.157719 -1.297787 0.002025
v -0.155441 -1.294125 0.002025
v -0.002171 -1.303056 -0.146817
v -0.002171 -1.299266 -0.144900
v -0.144479 -1.305816 0.002024
v -0.142214 -1.302824 0.002551
v -0.089458 -1.326386 0.002021
v -0.088219 -1.322258 0.002020
v 0.164371 -1.236155 -0.138631
v -0.078797 -1.329344 0.002020
v -0.077718 -1.325172 0.002020
v 0.155640 -1.249318 -0.138959
v 0.155844 -1.249325 -0.142985
v 0.153064 -1.246027 -0.143112
v 0.152860 -1.246021 -0.139086
v 0.143844 -1.259098 -0.139484
v 0.144055 -1.259098 -0.143510
v 0.141096 -1.255773 -0.139610
v 0.142275 -1.172910 -0.223078
v 0.137951 -1.172992 -0.223034
v 0.137952 -1.170898 -0.219512
v 0.142276 -1.170816 -0.219556
v -0.002171 -1.304499 -0.144320
v -0.002600 -1.301075 -0.142571
v -0.002177 -1.235241 -0.230486
v -0.002176 -1.232552 -0.227337
v -0.067833 -1.331914 0.002019
v -0.066931 -1.327700 0.002019
v -0.056299 -1.334106 0.002018
v -0.055578 -1.329857 0.002018
v -0.002176 -1.246357 -0.221648
v -0.002159 -1.334619 0.051953
v -0.002159 -1.330357 0.051360
v -0.002160 -1.336558 0.038214
v 0.137972 -1.308422 -0.002697
v 0.136525 -1.305010 -0.002024
v -0.002160 -1.332278 0.037747
v -0.002161 -1.338108 0.024403
v -0.002161 -1.333818 0.024023
v -0.002161 -1.339410 0.010553
v 0.132620 -1.311143 -0.002024
v 0.131057 -1.307126 -0.002024
v -0.002162 -1.335117 0.010222
v -0.002162 -1.340013 0.003624
v -0.002719 -1.335719 0.002659
v -0.002176 -1.243463 -0.218662
v -0.227383 -1.237782 0.002029
v -0.224002 -1.235096 0.002029
v -0.217486 -1.249468 0.002029
v -0.214261 -1.246597 0.002028
v -0.206865 -1.260592 0.002028
v -0.203828 -1.257524 0.002028
v -0.195505 -1.271011 0.002027
v -0.192690 -1.267740 0.002027
v -0.103076 -1.282180 0.142023
v 0.121692 -1.315313 -0.002023
v -0.103232 -1.282236 0.137996
v 0.120164 -1.311283 -0.002023
v -0.101463 -1.278306 0.137888
v -0.101306 -1.278250 0.141916
v -0.113652 -1.277089 0.142388
v -0.113857 -1.277121 0.138363
v -0.111879 -1.273292 0.138248
v -0.111674 -1.273259 0.142274
v -0.123709 -1.271654 0.142847
v -0.123949 -1.271668 0.138823
v -0.121823 -1.267919 0.138702
v -0.121583 -1.267905 0.142726
v -0.133426 -1.266008 0.143364
v 0.110830 -1.319311 -0.002022
v -0.133686 -1.266011 0.139341
v 0.109366 -1.315257 -0.002022
v -0.131477 -1.262310 0.139215
v 0.100081 -1.323032 -0.002022
v 0.098712 -1.318945 -0.002021
v 0.266832 -1.169699 -0.002032
v 0.262693 -1.168453 -0.002032
v -0.131217 -1.262307 0.143238
v -0.002175 -1.257044 -0.211874
v 0.263484 -1.179143 -0.002032
v -0.002175 -1.253915 -0.209102
v -0.138213 -1.263147 0.143634
v -0.135987 -1.259456 0.143507
v -0.178416 -1.229197 0.138162
v -0.178573 -1.229246 0.142189
v -0.175598 -1.226123 0.142323
v -0.175441 -1.226074 0.138295
v -0.167227 -1.239387 0.138500
v -0.167412 -1.239409 0.142527
v -0.002175 -1.267253 -0.200887
v 0.259472 -1.177534 -0.002032
v -0.002175 -1.263885 -0.198374
v -0.002178 -1.189217 -0.259016
v 0.221039 -1.177192 0.138118
v 0.221192 -1.177214 0.142145
v 0.217447 -1.175066 0.142279
v 0.217294 -1.175043 0.138252
v 0.225574 -1.168589 0.137904
v -0.002178 -1.187229 -0.255440
v -0.002178 -1.200373 -0.253167
v -0.002178 -1.198163 -0.249708
v -0.002178 -1.212010 -0.246294
v -0.002177 -1.209627 -0.242936
v -0.164556 -1.236177 0.142657
v -0.002177 -1.223747 -0.238663
v -0.002177 -1.221215 -0.235402
v -0.002179 -1.169617 -0.266781
v -0.002179 -1.168320 -0.262937
v -0.002179 -1.178904 -0.263578
v -0.002178 -1.177235 -0.259862
v -0.141880 -1.224100 -0.184092
v -0.137556 -1.224073 -0.184112
v -0.137561 -1.220961 -0.181325
v -0.141885 -1.220989 -0.181304
v -0.141793 -1.234409 -0.173580
v -0.137469 -1.234395 -0.173587
v -0.164370 -1.236155 0.138630
v -0.137474 -1.231164 -0.170922
v -0.141799 -1.231178 -0.170915
v -0.155639 -1.249318 0.138959
v -0.155843 -1.249325 0.142985
v -0.153063 -1.246028 0.143112
v -0.152859 -1.246021 0.139086
v -0.141765 -1.244424 -0.162639
v -0.137441 -1.244418 -0.162636
v -0.143843 -1.259098 0.139484
v -0.144055 -1.259098 0.143510
v -0.141096 -1.255774 0.139610
v -0.137447 -1.241109 -0.160055
v -0.141771 -1.241114 -0.160058
v 0.225775 -1.168521 0.141930
v 0.221872 -1.166672 0.142072
v 0.221671 -1.166740 0.138046
v -0.141775 -1.254246 -0.151429
v -0.137450 -1.254245 -0.151421
v -0.142275 -1.172910 0.223077
v -0.137951 -1.172992 0.223034
v -0.137952 -1.170898 0.219512
v -0.142276 -1.170816 0.219555
v -0.137456 -1.250895 -0.148887
v -0.141781 -1.250895 -0.148895
v -0.141787 -1.259117 -0.145774
v -0.137463 -1.259117 -0.145765
v -0.137469 -1.255758 -0.143241
v -0.141559 -1.255766 -0.143434
v -0.137972 -1.308422 0.002697
v -0.136525 -1.305010 0.002023
v -0.132619 -1.311143 0.002023
v -0.131057 -1.307126 0.002023
v -0.142430 -1.182066 -0.217810
v -0.138106 -1.182078 -0.217807
v 0.141775 -1.302201 -0.048364
v 0.137451 -1.302198 -0.048341
v 0.137457 -1.297958 -0.047628
v 0.141782 -1.297960 -0.047651
v 0.141866 -1.304336 -0.035566
v 0.137541 -1.304335 -0.035535
v 0.137547 -1.300065 -0.034999
v 0.141871 -1.300066 -0.035030
v 0.141979 -1.305953 -0.022717
v 0.137655 -1.305953 -0.022681
v -0.138102 -1.179688 -0.214454
v -0.142426 -1.179675 -0.214457
v -0.142386 -1.192077 -0.211089
v -0.138062 -1.192049 -0.211112
v 0.137659 -1.301667 -0.022268
v 0.141983 -1.301667 -0.022304
v 0.142107 -1.307241 -0.009845
v 0.137783 -1.307241 -0.009806
v 0.137786 -1.302948 -0.009462
v 0.142111 -1.302948 -0.009501
v 0.142174 -1.307820 -0.003410
v 0.137853 -1.303526 -0.003039
v 0.215010 -1.186737 -0.138185
v 0.215119 -1.186828 -0.142213
v 0.211538 -1.184418 -0.142346
v 0.211428 -1.184326 -0.138318
v -0.121691 -1.315313 0.002023
v -0.120163 -1.311283 0.002022
v -0.138059 -1.189431 -0.207911
v -0.142383 -1.189459 -0.207888
v -0.110830 -1.319310 0.002022
v -0.109366 -1.315257 0.002022
v -0.142232 -1.202651 -0.203074
v -0.137908 -1.202608 -0.203108
v 0.207532 -1.197067 -0.138105
v 0.207624 -1.197184 -0.142133
v 0.204190 -1.194569 -0.142267
v 0.204098 -1.194453 -0.138239
v -0.100081 -1.323032 0.002021
v -0.098711 -1.318945 0.002021
v 0.198796 -1.207827 -0.138008
v 0.198892 -1.207940 -0.142036
v 0.195603 -1.205146 -0.142171
v 0.195507 -1.205033 -0.138143
v -0.137908 -1.199810 -0.200044
v -0.142232 -1.199853 -0.200009
v -0.266832 -1.169699 0.002032
v -0.142040 -1.213442 -0.193997
v -0.137716 -1.213401 -0.194030
v -0.262692 -1.168453 0.002031
v -0.263484 -1.179143 0.002031
v -0.259472 -1.177534 0.002031
v -0.137719 -1.210442 -0.191101
v -0.142043 -1.210484 -0.191067
v -0.055128 -1.297548 -0.141761
v -0.055100 -1.297665 -0.137733
v -0.054166 -1.293460 -0.137631
v -0.054194 -1.293342 -0.141660
v -0.067734 -1.294487 -0.141659
v -0.067743 -1.294596 -0.137630
v 0.189016 -1.218650 -0.137997
v 0.189136 -1.218735 -0.142025
v 0.186003 -1.215770 -0.142161
v 0.185883 -1.215684 -0.138133
v 0.043980 -1.335937 -0.002018
v 0.043416 -1.331665 -0.002018
v 0.030952 -1.337470 -0.002017
v 0.030494 -1.333186 -0.002017
v 0.017432 -1.338799 -0.002016
v 0.017036 -1.334508 -0.002016
v 0.010558 -1.339414 -0.002016
v 0.010180 -1.335122 -0.002016
v 0.003646 -1.340012 -0.002016
v 0.003554 -1.305713 -0.142849
v 0.016515 -1.304050 -0.142518
v 0.016417 -1.304180 -0.138491
v 0.015843 -1.299911 -0.138383
v 0.015940 -1.299781 -0.142410
v 0.029451 -1.302221 -0.142214
v 0.029368 -1.302349 -0.138186
v 0.028717 -1.298091 -0.138080
v 0.028800 -1.297964 -0.142108
v 0.042328 -1.300097 -0.141957
v 0.042269 -1.300221 -0.137929
v 0.041497 -1.295983 -0.137825
v 0.041557 -1.295859 -0.141853
v -0.066627 -1.290435 -0.137530
v -0.066618 -1.290327 -0.141559
v -0.080026 -1.290906 -0.141658
v -0.080078 -1.291002 -0.137629
v -0.078764 -1.286898 -0.137529
v -0.078713 -1.286802 -0.141557
v -0.091860 -1.286802 -0.141771
v -0.091960 -1.286881 -0.137742
v -0.090430 -1.282853 -0.137640
v -0.090330 -1.282774 -0.141668
v -0.141775 -1.302201 0.048364
v -0.137450 -1.302199 0.048341
v -0.137457 -1.297958 0.047627
v -0.141781 -1.297960 0.047650
v -0.141865 -1.304336 0.035566
v -0.137541 -1.304335 0.035535
v -0.137546 -1.300065 0.034999
v -0.141871 -1.300066 0.035029
v -0.141979 -1.305953 0.022717
v -0.137655 -1.305953 0.022681
v -0.137659 -1.301667 0.022268
v -0.141983 -1.301668 0.022304
v -0.142107 -1.307241 0.009845
v -0.137783 -1.307241 0.009806
v -0.137786 -1.302948 0.009461
v -0.142111 -1.302948 0.009500
v -0.142174 -1.307820 0.003409
v -0.137853 -1.303526 0.003039
v -0.215010 -1.186736 0.138185
v -0.215119 -1.186828 0.142213
v -0.211537 -1.184418 0.142345
v -0.211428 -1.184327 0.138317
v -0.207532 -1.197067 0.138105
v -0.207623 -1.197184 0.142133
v -0.204190 -1.194570 0.142267
v -0.204098 -1.194453 0.138239
v -0.198796 -1.207827 0.138007
v -0.198892 -1.207940 0.142035
v -0.195603 -1.205146 0.142171
v -0.258672 -1.189724 -0.001999
v -0.254802 -1.187803 -0.001999
v -0.195507 -1.205034 0.138143
v -0.189016 -1.218650 0.137997
v -0.189136 -1.218735 0.142025
v -0.186003 -1.215770 0.142161
v -0.185883 -1.215684 0.138133
v -0.043980 -1.335937 0.002018
v -0.043416 -1.331665 0.002018
v -0.252434 -1.201263 -0.001999
v -0.248687 -1.199112 -0.002000
v -0.030952 -1.337470 0.002017
v -0.030493 -1.333186 0.002017
v -0.017432 -1.338799 0.002016
v -0.017036 -1.334508 0.002016
v -0.244991 -1.213380 -0.002000
v -0.010558 -1.339414 0.002016
v -0.010180 -1.335122 0.002016
v -0.241360 -1.211040 -0.002000
v -0.003646 -1.340012 0.002015
v -0.003554 -1.305713 0.142849
v -0.016515 -1.304050 0.142518
v -0.016417 -1.304180 0.138491
v -0.015842 -1.299911 0.138382
v -0.015940 -1.299781 0.142410
v -0.029451 -1.302221 0.142214
v -0.029368 -1.302349 0.138186
v -0.028717 -1.298091 0.138079
v -0.028800 -1.297964 0.142107
v -0.042328 -1.300097 0.141956
v -0.042268 -1.300221 0.137928
v -0.041497 -1.295983 0.137824
v -0.041557 -1.295860 0.141852
v -0.236573 -1.225677 -0.002000
v -0.233059 -1.223165 -0.002001
v -0.183420 -1.280607 -0.002004
v -0.180841 -1.277149 -0.002004
v -0.170762 -1.289459 -0.002005
v -0.168365 -1.285872 -0.002005
v -0.157719 -1.297787 -0.002005
v -0.155441 -1.294125 -0.002006
v -0.144479 -1.305816 -0.002006
v -0.142215 -1.302824 -0.002534
v -0.089458 -1.326386 -0.002010
v -0.088219 -1.322258 -0.002010
v -0.078797 -1.329344 -0.002010
v -0.077718 -1.325172 -0.002010
v -0.067833 -1.331914 -0.002011
v -0.066932 -1.327700 -0.002011
v -0.056299 -1.334106 -0.002012
v -0.055578 -1.329857 -0.002012
v -0.002165 -1.334619 -0.051953
v -0.002165 -1.330357 -0.051360
v -0.002165 -1.336558 -0.038214
v -0.002165 -1.332278 -0.037747
v -0.002164 -1.338108 -0.024403
v -0.002164 -1.333818 -0.024023
v -0.002163 -1.339410 -0.010553
v -0.002163 -1.335117 -0.010222
v -0.002162 -1.340013 -0.003624
v -0.002719 -1.335719 -0.002659
v -0.227383 -1.237782 -0.002001
v -0.224002 -1.235096 -0.002001
v -0.217486 -1.249468 -0.002002
v -0.214262 -1.246597 -0.002002
v -0.206865 -1.260592 -0.002002
v -0.203829 -1.257525 -0.002003
v -0.195505 -1.271011 -0.002003
v -0.192691 -1.267740 -0.002003
v -0.103094 -1.282179 -0.142011
v -0.103249 -1.282236 -0.137983
v -0.101480 -1.278306 -0.137876
v -0.101324 -1.278250 -0.141903
v -0.113670 -1.277089 -0.142375
v -0.113875 -1.277121 -0.138349
v -0.111896 -1.273292 -0.138235
v -0.111692 -1.273259 -0.142260
v -0.123727 -1.271654 -0.142832
v -0.123967 -1.271668 -0.138808
v -0.121841 -1.267918 -0.138687
v -0.121601 -1.267905 -0.142711
v -0.133444 -1.266008 -0.143348
v -0.133704 -1.266011 -0.139325
v -0.131494 -1.262310 -0.139199
v -0.131235 -1.262307 -0.143222
v -0.138231 -1.263147 -0.143617
v -0.136005 -1.259456 -0.143490
v -0.178434 -1.229197 -0.138140
v -0.178591 -1.229246 -0.142167
v -0.175616 -1.226123 -0.142301
v -0.175458 -1.226074 -0.138274
v -0.167244 -1.239387 -0.138480
v -0.167430 -1.239409 -0.142506
v -0.164574 -1.236177 -0.142636
v -0.164388 -1.236155 -0.138610
v -0.155657 -1.249318 -0.138940
v -0.155861 -1.249325 -0.142966
v -0.153081 -1.246028 -0.143093
v -0.152877 -1.246021 -0.139067
v -0.143861 -1.259098 -0.139466
v -0.144073 -1.259098 -0.143492
v -0.141114 -1.255774 -0.139592
v -0.142303 -1.172910 -0.223060
v -0.137979 -1.172992 -0.223017
v -0.137980 -1.170898 -0.219495
v -0.142303 -1.170816 -0.219538
v -0.137972 -1.308422 -0.002680
v -0.136526 -1.305010 -0.002007
v -0.132620 -1.311143 -0.002007
v -0.131058 -1.307126 -0.002007
v -0.121692 -1.315313 -0.002008
v -0.120164 -1.311283 -0.002008
v -0.110831 -1.319311 -0.002008
v -0.109366 -1.315257 -0.002008
v -0.100081 -1.323032 -0.002009
v -0.098712 -1.318945 -0.002009
v -0.266832 -1.169699 -0.001999
v -0.262693 -1.168453 -0.001999
v -0.263484 -1.179143 -0.001999
v -0.259472 -1.177534 -0.001999
v -0.221022 -1.177192 0.138145
v -0.221174 -1.177214 0.142173
v -0.217429 -1.175066 0.142307
v -0.217276 -1.175043 0.138279
v -0.225557 -1.168589 0.137933
v -0.225757 -1.168521 0.141958
v -0.221854 -1.166672 0.142100
v -0.221654 -1.166740 0.138074
v -0.141781 -1.302201 -0.048346
v -0.137456 -1.302198 -0.048324
v -0.137463 -1.297958 -0.047610
v -0.141787 -1.297960 -0.047633
v -0.141870 -1.304336 -0.035548
v -0.137545 -1.304335 -0.035518
v -0.137551 -1.300065 -0.034982
v -0.141875 -1.300066 -0.035012
v -0.141982 -1.305953 -0.022699
v -0.137657 -1.305953 -0.022664
v -0.137662 -1.301667 -0.022251
v -0.141986 -1.301667 -0.022286
v -0.142108 -1.307241 -0.009827
v -0.137784 -1.307241 -0.009789
v -0.137787 -1.302948 -0.009445
v -0.142112 -1.302948 -0.009483
v -0.142174 -1.307820 -0.003392
v -0.137853 -1.303526 -0.003022
v -0.215027 -1.186737 -0.138158
v -0.215137 -1.186828 -0.142186
v -0.211555 -1.184418 -0.142319
v -0.211445 -1.184327 -0.138291
v -0.207549 -1.197067 -0.138079
v -0.207641 -1.197184 -0.142107
v -0.204207 -1.194570 -0.142242
v -0.204115 -1.194453 -0.138214
v -0.198813 -1.207827 -0.137983
v -0.198909 -1.207940 -0.142011
v -0.195621 -1.205146 -0.142147
v -0.195525 -1.205034 -0.138119
v -0.189034 -1.218650 -0.137973
v -0.189154 -1.218735 -0.142001
v -0.186020 -1.215770 -0.142138
v -0.185900 -1.215684 -0.138110
v -0.043980 -1.335937 -0.002013
v -0.043416 -1.331665 -0.002013
v -0.030952 -1.337470 -0.002013
v -0.030494 -1.333186 -0.002013
v -0.017432 -1.338799 -0.002014
v -0.017037 -1.334508 -0.002014
v -0.010558 -1.339414 -0.002015
v -0.010180 -1.335122 -0.002015
v -0.003646 -1.340012 -0.002015
v -0.003572 -1.305713 -0.142848
v -0.016533 -1.304050 -0.142516
v -0.016434 -1.304180 -0.138489
v -0.015860 -1.299911 -0.138381
v -0.015958 -1.299781 -0.142408
v -0.029469 -1.302221 -0.142210
v -0.029385 -1.302349 -0.138183
v -0.028734 -1.298091 -0.138076
v -0.028818 -1.297964 -0.142104
v -0.042346 -1.300097 -0.141952
v -0.042286 -1.300221 -0.137923
v -0.041514 -1.295983 -0.137819
v -0.041574 -1.295859 -0.141848
v -0.221039 -1.177192 -0.138118
v -0.221192 -1.177214 -0.142145
v -0.217447 -1.175065 -0.142280
v -0.217293 -1.175043 -0.138252
v -0.225574 -1.168589 -0.137905
v -0.225775 -1.168521 -0.141930
v -0.221872 -1.166672 -0.142072
v -0.221671 -1.166740 -0.138047
v 0.221022 -1.177192 -0.138146
v 0.221175 -1.177214 -0.142173
v 0.217429 -1.175065 -0.142307
v 0.217276 -1.175043 -0.138279
v 0.225557 -1.168589 -0.137933
v 0.225758 -1.168521 -0.141958
v 0.221854 -1.166672 -0.142100
v 0.221654 -1.166740 -0.138074
v -0.198952 -1.162396 0.176941
v -0.201185 -1.162394 0.174613
v -0.204049 -1.161321 0.175208
v -0.204937 -1.160256 0.178352
v -0.202715 -1.160257 0.180693
v -0.199725 -1.161328 0.179990
v -0.199301 -1.156966 0.177039
v -0.200522 -1.154711 0.175070
v -0.203315 -1.153259 0.175810
v -0.204887 -1.154063 0.178518
v -0.203666 -1.156318 0.180487
v -0.200873 -1.157770 0.179747
v -0.177014 -1.156966 0.199324
v -0.175045 -1.154711 0.200544
v -0.175784 -1.153259 0.203337
v -0.178492 -1.154063 0.204909
v -0.180461 -1.156318 0.203688
v -0.179722 -1.157770 0.200896
v -0.176916 -1.162396 0.198974
v -0.174587 -1.162394 0.201207
v -0.175183 -1.161321 0.204071
v -0.178326 -1.160256 0.204959
v -0.180667 -1.160257 0.202737
v -0.179965 -1.161328 0.199748
v -0.180723 -1.168394 0.202726
v -0.178271 -1.168382 0.204805
v -0.178133 -1.165825 0.206983
v -0.180242 -1.163259 0.206843
v -0.182575 -1.163261 0.204618
v -0.182831 -1.165832 0.202578
v -0.189822 -1.168400 0.211692
v -0.187453 -1.168392 0.213836
v -0.185843 -1.165875 0.214538
v -0.186410 -1.163346 0.212871
v -0.188717 -1.163347 0.210643
v -0.190456 -1.165880 0.210091
v -0.193112 -1.162262 0.214915
v -0.190806 -1.162260 0.217118
v -0.188181 -1.161402 0.216804
v -0.187699 -1.160537 0.214095
v -0.189995 -1.160538 0.211866
v -0.192742 -1.161403 0.212324
v -0.188016 -1.100838 0.209667
v -0.185774 -1.100838 0.211909
v -0.182802 -1.101665 0.211178
v -0.182072 -1.102491 0.208205
v -0.184314 -1.102491 0.205964
v -0.187286 -1.101665 0.206694
v -0.184537 -1.093539 0.206187
v -0.182295 -1.093539 0.208429
v -0.180551 -1.096140 0.208927
v -0.181050 -1.098741 0.207183
v -0.183292 -1.098741 0.204942
v -0.185035 -1.096140 0.204443
v -0.178698 -1.096289 0.200347
v -0.176456 -1.096289 0.202589
v -0.176390 -1.098594 0.204765
v -0.178567 -1.100898 0.204700
v -0.180809 -1.100898 0.202458
v -0.180874 -1.098594 0.200282
v -0.168285 -1.110403 0.189933
v -0.166043 -1.110403 0.192174
v -0.166714 -1.111459 0.195087
v -0.169627 -1.112515 0.195759
v -0.171869 -1.112515 0.193517
v -0.171198 -1.111459 0.190604
v -0.168420 -1.118057 0.190068
v -0.166178 -1.118057 0.192310
v -0.166816 -1.116894 0.195190
v -0.169696 -1.115732 0.195828
v -0.171938 -1.115732 0.193586
v -0.171300 -1.116894 0.190707
v -0.173545 -1.124512 0.195076
v -0.171917 -1.125419 0.197640
v -0.172306 -1.123889 0.200389
v -0.174323 -1.121450 0.200574
v -0.175951 -1.120542 0.198010
v -0.175563 -1.122073 0.195261
v -0.178833 -1.127759 0.194686
v -0.179294 -1.129862 0.197013
v -0.180875 -1.129014 0.199626
v -0.181996 -1.126062 0.199913
v -0.181536 -1.123959 0.197586
v -0.179954 -1.124807 0.194972
v -0.186666 -1.127650 0.186689
v -0.188209 -1.129950 0.188232
v -0.190388 -1.129210 0.190412
v -0.191025 -1.126171 0.191049
v -0.189483 -1.123871 0.189506
v -0.187303 -1.124610 0.187326
v -0.194663 -1.127759 0.178857
v -0.196990 -1.129862 0.179318
v -0.199604 -1.129014 0.180900
v -0.199890 -1.126062 0.182021
v -0.197563 -1.123959 0.181560
v -0.194950 -1.124807 0.179979
v -0.195054 -1.124512 0.173570
v -0.197619 -1.125420 0.171942
v -0.200368 -1.123889 0.172331
v -0.200552 -1.121450 0.174348
v -0.197988 -1.120542 0.175976
v -0.195239 -1.122073 0.175587
v -0.190047 -1.118057 0.168444
v -0.192289 -1.118057 0.166202
v -0.195169 -1.116894 0.166841
v -0.195807 -1.115732 0.169720
v -0.193565 -1.115732 0.171962
v -0.190685 -1.116894 0.171324
v -0.189912 -1.110403 0.168308
v -0.192154 -1.110403 0.166067
v -0.195067 -1.111459 0.166738
v -0.195738 -1.112515 0.169651
v -0.193496 -1.112515 0.171893
v -0.190583 -1.111459 0.171221
v -0.200325 -1.096289 0.178723
v -0.202567 -1.096289 0.176481
v -0.204743 -1.098594 0.176416
v -0.204678 -1.100898 0.178592
v -0.202436 -1.100898 0.180834
v -0.200259 -1.098594 0.180899
v -0.206164 -1.093539 0.184563
v -0.208406 -1.093539 0.182321
v -0.208904 -1.096140 0.180578
v -0.207161 -1.098741 0.181076
v -0.204919 -1.098741 0.183317
v -0.204420 -1.096140 0.185061
v -0.209643 -1.100838 0.188043
v -0.211885 -1.100838 0.185801
v -0.211155 -1.101665 0.182829
v -0.208183 -1.102491 0.182098
v -0.205941 -1.102491 0.184339
v -0.206671 -1.101665 0.187312
v -0.214891 -1.162262 0.193139
v -0.217094 -1.162260 0.190833
v -0.216781 -1.161402 0.188208
v -0.214071 -1.160537 0.187725
v -0.211842 -1.160538 0.190021
v -0.212300 -1.161403 0.192769
v -0.211668 -1.168400 0.189849
v -0.213813 -1.168392 0.187479
v -0.214515 -1.165875 0.185870
v -0.212848 -1.163346 0.186437
v -0.210619 -1.163347 0.188744
v -0.210067 -1.165880 0.190482
v -0.202704 -1.168394 0.180748
v -0.204783 -1.168382 0.178296
v -0.206961 -1.165825 0.178159
v -0.206820 -1.163259 0.180268
v -0.204595 -1.163261 0.182600
v -0.202555 -1.165832 0.182856
v 0.176941 -1.162396 0.198952
v 0.174613 -1.162394 0.201185
v 0.175208 -1.161321 0.204049
v 0.178352 -1.160256 0.204937
v 0.180693 -1.160257 0.202715
v 0.179990 -1.161328 0.199725
v 0.177039 -1.156966 0.199301
v 0.175070 -1.154711 0.200522
v 0.175810 -1.153259 0.203315
v 0.178518 -1.154063 0.204886
v 0.180487 -1.156318 0.203666
v 0.179747 -1.157770 0.200873
v 0.199324 -1.156966 0.177014
v 0.200544 -1.154711 0.175045
v 0.203337 -1.153259 0.175784
v 0.204909 -1.154063 0.178492
v 0.203689 -1.156318 0.180461
v 0.200896 -1.157770 0.179722
v 0.198974 -1.162396 0.176916
v 0.201207 -1.162394 0.174587
v 0.204071 -1.161321 0.175183
v 0.204959 -1.160256 0.178326
v 0.202737 -1.160257 0.180667
v 0.199748 -1.161328 0.179965
v 0.202727 -1.168394 0.180723
v 0.204806 -1.168382 0.178271
v 0.206983 -1.165825 0.178133
v 0.206843 -1.163259 0.180242
v 0.204618 -1.163261 0.182575
v 0.202578 -1.165833 0.182831
v 0.211692 -1.168400 0.189822
v 0.213836 -1.168392 0.187453
v 0.214538 -1.165875 0.185843
v 0.212871 -1.163346 0.186410
v 0.210643 -1.163348 0.188717
v 0.210092 -1.165880 0.190456
v 0.214915 -1.162262 0.193112
v 0.217118 -1.162260 0.190806
v 0.216805 -1.161402 0.188181
v 0.214095 -1.160537 0.187698
v 0.211866 -1.160538 0.189995
v 0.212324 -1.161403 0.192742
v 0.209667 -1.100838 0.188016
v 0.211909 -1.100838 0.185774
v 0.211178 -1.101665 0.182802
v 0.208206 -1.102491 0.182072
v 0.205964 -1.102491 0.184314
v 0.206695 -1.101665 0.187286
v 0.206187 -1.093540 0.184537
v 0.208429 -1.093540 0.182295
v 0.208927 -1.096140 0.180551
v 0.207183 -1.098741 0.181050
v 0.204942 -1.098741 0.183292
v 0.204444 -1.096140 0.185035
v 0.200347 -1.096289 0.178698
v 0.202589 -1.096289 0.176456
v 0.204765 -1.098594 0.176390
v 0.204700 -1.100898 0.178567
v 0.202459 -1.100898 0.180809
v 0.200282 -1.098594 0.180874
v 0.189933 -1.110403 0.168285
v 0.192175 -1.110403 0.166043
v 0.195088 -1.111459 0.166714
v 0.195759 -1.112515 0.169627
v 0.193517 -1.112515 0.171869
v 0.190604 -1.111459 0.171198
v 0.190069 -1.118057 0.168420
v 0.192310 -1.118057 0.166178
v 0.195190 -1.116894 0.166816
v 0.195828 -1.115732 0.169696
v 0.193587 -1.115732 0.171938
v 0.190707 -1.116894 0.171300
v 0.195076 -1.124512 0.173545
v 0.197640 -1.125420 0.171917
v 0.200389 -1.123889 0.172306
v 0.200574 -1.121450 0.174323
v 0.198010 -1.120542 0.175951
v 0.195261 -1.122073 0.175563
v 0.194686 -1.127759 0.178833
v 0.197013 -1.129862 0.179294
v 0.199627 -1.129014 0.180875
v 0.199913 -1.126062 0.181996
v 0.197586 -1.123959 0.181536
v 0.194972 -1.124807 0.179954
v 0.186689 -1.127650 0.186666
v 0.188232 -1.129950 0.188209
v 0.190413 -1.129210 0.190388
v 0.191050 -1.126171 0.191025
v 0.189507 -1.123871 0.189483
v 0.187327 -1.124610 0.187303
v 0.178858 -1.127759 0.194663
v 0.179318 -1.129862 0.196990
v 0.180900 -1.129014 0.199604
v 0.182022 -1.126062 0.199890
v 0.181561 -1.123959 0.197563
v 0.179979 -1.124807 0.194950
v 0.173570 -1.124512 0.195054
v 0.171942 -1.125420 0.197619
v 0.172331 -1.123889 0.200368
v 0.174348 -1.121450 0.200552
v 0.175976 -1.120542 0.197987
v 0.175587 -1.122073 0.195239
v 0.168444 -1.118057 0.190047
v 0.166203 -1.118057 0.192289
v 0.166841 -1.116894 0.195169
v 0.169721 -1.115732 0.195807
v 0.171962 -1.115732 0.193565
v 0.171324 -1.116894 0.190685
v 0.168309 -1.110403 0.189912
v 0.166067 -1.110403 0.192154
v 0.166738 -1.111459 0.195066
v 0.169651 -1.112515 0.195738
v 0.171893 -1.112515 0.193496
v 0.171222 -1.111459 0.190583
v 0.178723 -1.096289 0.200325
v 0.176481 -1.096290 0.202567
v 0.176416 -1.098594 0.204743
v 0.178593 -1.100898 0.204678
v 0.180834 -1.100898 0.202436
v 0.180900 -1.098594 0.200259
v 0.184563 -1.093540 0.206164
v 0.182321 -1.093540 0.208406
v 0.180578 -1.096140 0.208904
v 0.181076 -1.098741 0.207161
v 0.183317 -1.098741 0.204919
v 0.185061 -1.096140 0.204420
v 0.188043 -1.100838 0.209643
v 0.185801 -1.100838 0.211885
v 0.182829 -1.101665 0.211155
v 0.182098 -1.102491 0.208183
v 0.184340 -1.102491 0.205941
v 0.187312 -1.101665 0.206671
v 0.193139 -1.162262 0.214891
v 0.190833 -1.162260 0.217094
v 0.188208 -1.161402 0.216781
v 0.187726 -1.160537 0.214071
v 0.190022 -1.160538 0.211842
v 0.192769 -1.161403 0.212300
v 0.189849 -1.168400 0.211668
v 0.187480 -1.168393 0.213813
v 0.185870 -1.165875 0.214515
v 0.186437 -1.163346 0.212848
v 0.188744 -1.163348 0.210619
v 0.190483 -1.165880 0.210067
v 0.180749 -1.168394 0.202704
v 0.178297 -1.168382 0.204783
v 0.178160 -1.165825 0.206961
v 0.180268 -1.163259 0.206820
v 0.182601 -1.163261 0.204595
v 0.182856 -1.165832 0.202555
v 0.198952 -1.162396 -0.176941
v 0.201185 -1.162394 -0.174613
v 0.204049 -1.161321 -0.175208
v 0.204937 -1.160256 -0.178352
v 0.202715 -1.160257 -0.180693
v 0.199725 -1.161328 -0.179990
v 0.199302 -1.156966 -0.177039
v 0.200522 -1.154711 -0.175070
v 0.203315 -1.153259 -0.175810
v 0.204887 -1.154063 -0.178518
v 0.203666 -1.156318 -0.180487
v 0.200873 -1.157770 -0.179747
v 0.177014 -1.156966 -0.199324
v 0.175045 -1.154711 -0.200544
v 0.175784 -1.153259 -0.203337
v 0.178493 -1.154063 -0.204909
v 0.180462 -1.156318 -0.203689
v 0.179722 -1.157770 -0.200896
v 0.176916 -1.162396 -0.198974
v 0.174588 -1.162394 -0.201207
v 0.175183 -1.161321 -0.204071
v 0.178327 -1.160256 -0.204959
v 0.180667 -1.160257 -0.202737
v 0.179965 -1.161328 -0.199748
v 0.180723 -1.168394 -0.202727
v 0.178271 -1.168382 -0.204806
v 0.178134 -1.165825 -0.206983
v 0.180243 -1.163259 -0.206843
v 0.182575 -1.163261 -0.204618
v 0.182831 -1.165832 -0.202578
v 0.189823 -1.168399 -0.211692
v 0.187453 -1.168393 -0.213836
v 0.185843 -1.165875 -0.214538
v 0.186411 -1.163346 -0.212871
v 0.188718 -1.163348 -0.210643
v 0.190456 -1.165879 -0.210092
v 0.193112 -1.162262 -0.214915
v 0.190806 -1.162260 -0.217118
v 0.188181 -1.161402 -0.216805
v 0.187699 -1.160537 -0.214095
v 0.189995 -1.160538 -0.211866
v 0.192742 -1.161403 -0.212324
v 0.188016 -1.100838 -0.209667
v 0.185775 -1.100838 -0.211909
v 0.182802 -1.101665 -0.211178
v 0.182072 -1.102491 -0.208206
v 0.184314 -1.102491 -0.205964
v 0.187286 -1.101665 -0.206695
v 0.184537 -1.093540 -0.206187
v 0.182295 -1.093540 -0.208429
v 0.180552 -1.096140 -0.208927
v 0.181050 -1.098741 -0.207184
v 0.183292 -1.098741 -0.204942
v 0.185035 -1.096140 -0.204444
v 0.178698 -1.096289 -0.200347
v 0.176456 -1.096290 -0.202589
v 0.176390 -1.098594 -0.204766
v 0.178567 -1.100898 -0.204700
v 0.180809 -1.100898 -0.202459
v 0.180874 -1.098594 -0.200282
v 0.168285 -1.110403 -0.189933
v 0.166043 -1.110403 -0.192175
v 0.166714 -1.111459 -0.195088
v 0.169627 -1.112515 -0.195759
v 0.171869 -1.112515 -0.193517
v 0.171198 -1.111459 -0.190604
v 0.168421 -1.118057 -0.190069
v 0.166179 -1.118057 -0.192310
v 0.166816 -1.116894 -0.195190
v 0.169696 -1.115732 -0.195828
v 0.171938 -1.115732 -0.193587
v 0.171300 -1.116894 -0.190707
v 0.173546 -1.124512 -0.195076
v 0.171917 -1.125420 -0.197641
v 0.172306 -1.123889 -0.200389
v 0.174323 -1.121450 -0.200574
v 0.175952 -1.120542 -0.198010
v 0.175563 -1.122073 -0.195261
v 0.178833 -1.127759 -0.194686
v 0.179294 -1.129862 -0.197013
v 0.180875 -1.129014 -0.199627
v 0.181996 -1.126062 -0.199913
v 0.181536 -1.123959 -0.197586
v 0.179954 -1.124807 -0.194972
v 0.186666 -1.127650 -0.186689
v 0.188209 -1.129950 -0.188232
v 0.190389 -1.129210 -0.190413
v 0.191026 -1.126171 -0.191050
v 0.189483 -1.123871 -0.189507
v 0.187303 -1.124610 -0.187327
v 0.194664 -1.127759 -0.178858
v 0.196991 -1.129862 -0.179318
v 0.199604 -1.129014 -0.180900
v 0.199890 -1.126062 -0.182022
v 0.197563 -1.123959 -0.181561
v 0.194950 -1.124807 -0.179979
v 0.195054 -1.124512 -0.173570
v 0.197619 -1.125420 -0.171942
v 0.200368 -1.123889 -0.172331
v 0.200552 -1.121450 -0.174348
v 0.197988 -1.120542 -0.175977
v 0.195239 -1.122073 -0.175587
v 0.190048 -1.118057 -0.168444
v 0.192290 -1.118057 -0.166203
v 0.195169 -1.116894 -0.166841
v 0.195807 -1.115732 -0.169721
v 0.193565 -1.115732 -0.171962
v 0.190685 -1.116894 -0.171324
v 0.189912 -1.110403 -0.168309
v 0.192154 -1.110403 -0.166067
v 0.195067 -1.111459 -0.166738
v 0.195738 -1.112515 -0.169651
v 0.193496 -1.112515 -0.171893
v 0.190583 -1.111459 -0.171222
v 0.200325 -1.096289 -0.178723
v 0.202567 -1.096289 -0.176482
v 0.204743 -1.098594 -0.176416
v 0.204678 -1.100898 -0.178593
v 0.202436 -1.100898 -0.180834
v 0.200259 -1.098594 -0.180900
v 0.206164 -1.093540 -0.184563
v 0.208406 -1.093540 -0.182321
v 0.208904 -1.096140 -0.180578
v 0.207161 -1.098741 -0.181076
v 0.204919 -1.098741 -0.183318
v 0.204420 -1.096140 -0.185061
v 0.209643 -1.100838 -0.188043
v 0.211885 -1.100838 -0.185801
v 0.211155 -1.101665 -0.182829
v 0.208183 -1.102491 -0.182098
v 0.205941 -1.102491 -0.184340
v 0.206671 -1.101665 -0.187312
v 0.214891 -1.162262 -0.193139
v 0.217094 -1.162260 -0.190833
v 0.216781 -1.161402 -0.188208
v 0.214072 -1.160538 -0.187726
v 0.211842 -1.160538 -0.190021
v 0.212300 -1.161403 -0.192769
v 0.211668 -1.168399 -0.189849
v 0.213813 -1.168392 -0.187480
v 0.214515 -1.165875 -0.185870
v 0.212848 -1.163346 -0.186437
v 0.210619 -1.163348 -0.188744
v 0.210068 -1.165879 -0.190483
v 0.202704 -1.168394 -0.180749
v 0.204783 -1.168382 -0.178297
v 0.206961 -1.165825 -0.178160
v 0.206821 -1.163259 -0.180268
v 0.204595 -1.163261 -0.182601
v 0.202555 -1.165832 -0.182856
v -0.176941 -1.162396 -0.198952
v -0.174613 -1.162394 -0.201185
v -0.175208 -1.161321 -0.204049
v -0.178352 -1.160256 -0.204937
v -0.180693 -1.160257 -0.202715
v -0.179990 -1.161328 -0.199725
v -0.177039 -1.156966 -0.199302
v -0.175070 -1.154711 -0.200522
v -0.175810 -1.153259 -0.203315
v -0.178518 -1.154063 -0.204887
v -0.180487 -1.156318 -0.203666
v -0.179747 -1.157770 -0.200873
v -0.199324 -1.156966 -0.177014
v -0.200544 -1.154711 -0.175045
v -0.203337 -1.153259 -0.175784
v -0.204909 -1.154063 -0.178493
v -0.203688 -1.156318 -0.180462
v -0.200896 -1.157770 -0.179722
v -0.198974 -1.162396 -0.176916
v -0.201207 -1.162394 -0.174588
v -0.204071 -1.161321 -0.175183
v -0.204959 -1.160256 -0.178327
v -0.202737 -1.160257 -0.180667
v -0.199748 -1.161328 -0.179965
v -0.202726 -1.168394 -0.180723
v -0.204805 -1.168382 -0.178271
v -0.206983 -1.165825 -0.178134
v -0.206843 -1.163259 -0.180243
v -0.204618 -1.163261 -0.182575
v -0.202578 -1.165832 -0.182831
v -0.211692 -1.168400 -0.189823
v -0.213836 -1.168392 -0.187453
v -0.214538 -1.165875 -0.185843
v -0.212871 -1.163346 -0.186411
v -0.210643 -1.163347 -0.188718
v -0.210091 -1.165880 -0.190456
v -0.214915 -1.162262 -0.193112
v -0.217118 -1.162260 -0.190806
v -0.216804 -1.161402 -0.188181
v -0.214095 -1.160537 -0.187699
v -0.211866 -1.160538 -0.189995
v -0.212324 -1.161403 -0.192742
v -0.209667 -1.100838 -0.188017
v -0.211909 -1.100838 -0.185775
v -0.211178 -1.101665 -0.182802
v -0.208205 -1.102491 -0.182072
v -0.205964 -1.102491 -0.184314
v -0.206694 -1.101665 -0.187286
v -0.206187 -1.093540 -0.184537
v -0.208429 -1.093540 -0.182295
v -0.208927 -1.096140 -0.180552
v -0.207183 -1.098741 -0.181050
v -0.204942 -1.098741 -0.183292
v -0.204443 -1.096140 -0.185035
v -0.200347 -1.096289 -0.178698
v -0.202589 -1.096289 -0.176456
v -0.204765 -1.098594 -0.176390
v -0.204700 -1.100898 -0.178567
v -0.202458 -1.100898 -0.180809
v -0.200282 -1.098594 -0.180874
v -0.189933 -1.110403 -0.168285
v -0.192174 -1.110403 -0.166043
v -0.195087 -1.111459 -0.166714
v -0.195759 -1.112515 -0.169627
v -0.193517 -1.112515 -0.171869
v -0.190604 -1.111459 -0.171198
v -0.190068 -1.118057 -0.168421
v -0.192310 -1.118057 -0.166179
v -0.195190 -1.116894 -0.166816
v -0.195828 -1.115732 -0.169696
v -0.193586 -1.115732 -0.171938
v -0.190707 -1.116894 -0.171300
v -0.195076 -1.124512 -0.173546
v -0.197640 -1.125420 -0.171917
v -0.200389 -1.123889 -0.172306
v -0.200574 -1.121450 -0.174323
v -0.198010 -1.120542 -0.175952
v -0.195261 -1.122073 -0.175563
v -0.194686 -1.127759 -0.178833
v -0.197013 -1.129862 -0.179294
v -0.199626 -1.129014 -0.180875
v -0.199913 -1.126062 -0.181996
v -0.197586 -1.123959 -0.181536
v -0.194972 -1.124807 -0.179954
v -0.186689 -1.127650 -0.186666
v -0.188232 -1.129950 -0.188209
v -0.190412 -1.129210 -0.190389
v -0.191049 -1.126171 -0.191026
v -0.189506 -1.123871 -0.189483
v -0.187326 -1.124610 -0.187303
v -0.178857 -1.127759 -0.194664
v -0.179318 -1.129862 -0.196991
v -0.180900 -1.129014 -0.199604
v -0.182021 -1.126062 -0.199890
v -0.181560 -1.123959 -0.197563
v -0.179979 -1.124807 -0.194950
v -0.173570 -1.124512 -0.195054
v -0.171942 -1.125420 -0.197619
v -0.172331 -1.123889 -0.200368
v -0.174348 -1.121450 -0.200552
v -0.175976 -1.120542 -0.197988
v -0.175587 -1.122073 -0.195239
v -0.168444 -1.118057 -0.190048
v -0.166203 -1.118057 -0.192290
v -0.166841 -1.116894 -0.195169
v -0.169720 -1.115732 -0.195807
v -0.171962 -1.115732 -0.193565
v -0.171324 -1.116894 -0.190685
v -0.168308 -1.110403 -0.189912
v -0.166067 -1.110403 -0.192154
v -0.166738 -1.111459 -0.195067
v -0.169651 -1.112515 -0.195738
v -0.171893 -1.112515 -0.193496
v -0.171221 -1.111459 -0.190583
v -0.178723 -1.096289 -0.200325
v -0.176481 -1.096289 -0.202567
v -0.176416 -1.098594 -0.204743
v -0.178592 -1.100898 -0.204678
v -0.180834 -1.100898 -0.202436
v -0.180899 -1.098594 -0.200259
v -0.184563 -1.093540 -0.206164
v -0.182321 -1.093540 -0.208406
v -0.180578 -1.096140 -0.208904
v -0.181076 -1.098741 -0.207161
v -0.183317 -1.098741 -0.204919
v -0.185061 -1.096140 -0.204421
v -0.188043 -1.100838 -0.209643
v -0.185801 -1.100838 -0.211885
v -0.182829 -1.101665 -0.211155
v -0.182098 -1.102491 -0.208183
v -0.184339 -1.102491 -0.205941
v -0.187312 -1.101665 -0.206671
v -0.193139 -1.162262 -0.214891
v -0.190833 -1.162260 -0.217094
v -0.188208 -1.161402 -0.216781
v -0.187725 -1.160537 -0.214072
v -0.190021 -1.160538 -0.211843
v -0.192769 -1.161403 -0.212300
v -0.189849 -1.168400 -0.211668
v -0.187479 -1.168392 -0.213813
v -0.185870 -1.165875 -0.214515
v -0.186437 -1.163346 -0.212848
v -0.188744 -1.163347 -0.210619
v -0.190482 -1.165879 -0.210068
v -0.180748 -1.168394 -0.202704
v -0.178297 -1.168382 -0.204783
v -0.178159 -1.165825 -0.206961
v -0.180268 -1.163259 -0.206821
v -0.182600 -1.163261 -0.204595
v -0.182856 -1.165832 -0.202555
v -0.173351 -1.094866 0.152960
v -0.199107 -1.122203 0.178719
v -0.152939 -1.094866 0.173370
v -0.178695 -1.122203 0.199129
v -0.178928 -1.102113 0.158539
v -0.158516 -1.102113 0.178948
v -0.172477 -1.090398 0.159646
v -0.201681 -1.113114 0.181437
v -0.199326 -1.108456 0.186542
v -0.159624 -1.090398 0.172497
v -0.181412 -1.113114 0.201704
v -0.186518 -1.108456 0.199349
v -0.177948 -1.097531 0.165098
v -0.165076 -1.097531 0.177969
v -0.201870 -1.125920 0.181483
v -0.181458 -1.125920 0.201893
v -0.206231 -1.118343 0.186003
v -0.204784 -1.114494 0.192019
v -0.185977 -1.118343 0.206254
v -0.191994 -1.114494 0.204808
v -0.202221 -1.127669 0.181835
v -0.181809 -1.127669 0.202244
v -0.209113 -1.127436 0.188895
v -0.208932 -1.127310 0.196170
v -0.188869 -1.127436 0.209136
v -0.196144 -1.127310 0.208956
v -0.201589 -1.129851 0.181202
v -0.181177 -1.129851 0.201611
v -0.207811 -1.134039 0.187573
v -0.207306 -1.136187 0.194530
v -0.187547 -1.134039 0.207834
v -0.194504 -1.136187 0.207331
v -0.199627 -1.132757 0.179240
v -0.179215 -1.132757 0.199650
v -0.204863 -1.139080 0.184600
v -0.203876 -1.142344 0.191085
v -0.184574 -1.139080 0.204886
v -0.191059 -1.142344 0.203900
v -0.171842 -1.094930 0.154386
v -0.197612 -1.122203 0.180214
v -0.154365 -1.094930 0.171861
v -0.180189 -1.122203 0.197634
v -0.177434 -1.102113 0.160033
v -0.160011 -1.102113 0.177454
v -0.170961 -1.091830 0.159300
v -0.159278 -1.091830 0.170981
v -0.182448 -1.113896 0.200036
v -0.186386 -1.110183 0.198137
v -0.200013 -1.113896 0.182473
v -0.198114 -1.110183 0.186411
v -0.164982 -1.099193 0.176666
v -0.176645 -1.099193 0.165004
v -0.182953 -1.125920 0.200398
v -0.200375 -1.125920 0.182978
v -0.186776 -1.118906 0.204380
v -0.191423 -1.115733 0.203193
v -0.204357 -1.118906 0.186801
v -0.183304 -1.127669 0.200750
v -0.203169 -1.115733 0.191449
v -0.200727 -1.127669 0.183329
v -0.189510 -1.127527 0.207124
v -0.195268 -1.127473 0.207040
v -0.207101 -1.127527 0.189536
v -0.182671 -1.129851 0.200117
v -0.207016 -1.127473 0.195294
v -0.200094 -1.129851 0.182696
v -0.188317 -1.133620 0.205911
v -0.193792 -1.135300 0.205549
v -0.205888 -1.133620 0.188343
v -0.180710 -1.132757 0.198155
v -0.205525 -1.135300 0.193817
v -0.198133 -1.132757 0.180735
v -0.185482 -1.138551 0.203052
v -0.190522 -1.141117 0.202265
v -0.203028 -1.138551 0.185507
v -0.202241 -1.141117 0.190547
v 0.152961 -1.094866 0.173351
v 0.178720 -1.122203 0.199106
v 0.173370 -1.094866 0.152939
v 0.199129 -1.122203 0.178694
v 0.158539 -1.102113 0.178928
v 0.178948 -1.102113 0.158516
v 0.159646 -1.090398 0.172477
v 0.181437 -1.113114 0.201681
v 0.186543 -1.108456 0.199326
v 0.172497 -1.090398 0.159624
v 0.201704 -1.113114 0.181411
v 0.199349 -1.108456 0.186517
v 0.165098 -1.097531 0.177948
v 0.177969 -1.097531 0.165076
v 0.181484 -1.125920 0.201870
v 0.201893 -1.125920 0.181458
v 0.186003 -1.118343 0.206231
v 0.192019 -1.114494 0.204783
v 0.206254 -1.118343 0.185977
v 0.204808 -1.114494 0.191993
v 0.181835 -1.127669 0.202221
v 0.202244 -1.127669 0.181809
v 0.188895 -1.127436 0.209113
v 0.196170 -1.127310 0.208932
v 0.209137 -1.127436 0.188869
v 0.208957 -1.127310 0.196144
v 0.181202 -1.129851 0.201589
v 0.201611 -1.129851 0.181176
v 0.187573 -1.134039 0.207811
v 0.194530 -1.136187 0.207306
v 0.207835 -1.134039 0.187547
v 0.207331 -1.136187 0.194504
v 0.179240 -1.132757 0.199627
v 0.199650 -1.132757 0.179215
v 0.184600 -1.139080 0.204862
v 0.191085 -1.142344 0.203876
v 0.204886 -1.139080 0.184574
v 0.203900 -1.142344 0.191059
v 0.154386 -1.094930 0.171842
v 0.180214 -1.122203 0.197612
v 0.171861 -1.094930 0.154365
v 0.197635 -1.122203 0.180189
v 0.160033 -1.102113 0.177434
v 0.177454 -1.102113 0.160011
v 0.159300 -1.091831 0.170961
v 0.170981 -1.091830 0.159278
v 0.200036 -1.113896 0.182448
v 0.198137 -1.110183 0.186386
v 0.182473 -1.113896 0.200013
v 0.186411 -1.110183 0.198114
v 0.176666 -1.099193 0.164982
v 0.165004 -1.099193 0.176645
v 0.200399 -1.125920 0.182953
v 0.182978 -1.125920 0.200375
v 0.204380 -1.118906 0.186776
v 0.203193 -1.115733 0.191423
v 0.186802 -1.118906 0.204357
v 0.200750 -1.127669 0.183304
v 0.191449 -1.115733 0.203169
v 0.183329 -1.127669 0.200727
v 0.207125 -1.127528 0.189510
v 0.207040 -1.127473 0.195268
v 0.189536 -1.127528 0.207101
v 0.200117 -1.129851 0.182671
v 0.195294 -1.127473 0.207016
v 0.182696 -1.129851 0.200094
v 0.205911 -1.133620 0.188317
v 0.205550 -1.135300 0.193791
v 0.188343 -1.133619 0.205888
v 0.198155 -1.132757 0.180710
v 0.193817 -1.135300 0.205525
v 0.180735 -1.132757 0.198132
v 0.203052 -1.138551 0.185482
v 0.202265 -1.141117 0.190522
v 0.185508 -1.138551 0.203028
v 0.190548 -1.141117 0.202241
v 0.173351 -1.094866 -0.152961
v 0.199107 -1.122203 -0.178720
v 0.152939 -1.094866 -0.173370
v 0.178695 -1.122203 -0.199129
v 0.178929 -1.102113 -0.158539
v 0.158517 -1.102113 -0.178949
v 0.172477 -1.090398 -0.159646
v 0.201681 -1.113114 -0.181437
v 0.199326 -1.108456 -0.186543
v 0.159624 -1.090398 -0.172497
v 0.181412 -1.113114 -0.201704
v 0.186518 -1.108456 -0.199349
v 0.177948 -1.097531 -0.165098
v 0.165076 -1.097531 -0.177969
v 0.201870 -1.125920 -0.181484
v 0.181458 -1.125920 -0.201893
v 0.206231 -1.118343 -0.186003
v 0.204784 -1.114494 -0.192019
v 0.185977 -1.118343 -0.206255
v 0.191994 -1.114494 -0.204808
v 0.202222 -1.127669 -0.181835
v 0.181810 -1.127669 -0.202244
v 0.209113 -1.127436 -0.188896
v 0.208932 -1.127310 -0.196171
v 0.188869 -1.127436 -0.209137
v 0.196144 -1.127310 -0.208957
v 0.201589 -1.129851 -0.181202
v 0.181177 -1.129851 -0.201612
v 0.207811 -1.134039 -0.187573
v 0.207307 -1.136187 -0.194530
v 0.187547 -1.134039 -0.207835
v 0.194504 -1.136187 -0.207331
v 0.199627 -1.132757 -0.179240
v 0.179215 -1.132757 -0.199650
v 0.204863 -1.139080 -0.184600
v 0.203876 -1.142344 -0.191085
v 0.184574 -1.139080 -0.204886
v 0.191059 -1.142344 -0.203900
v 0.171842 -1.094930 -0.154386
v 0.197612 -1.122203 -0.180214
v 0.154365 -1.094930 -0.171861
v 0.180189 -1.122203 -0.197635
v 0.177434 -1.102113 -0.160033
v 0.160011 -1.102113 -0.177454
v 0.170962 -1.091830 -0.159300
v 0.159278 -1.091830 -0.170982
v 0.182448 -1.113896 -0.200036
v 0.186386 -1.110183 -0.198137
v 0.200013 -1.113896 -0.182473
v 0.198114 -1.110183 -0.186411
v 0.164982 -1.099193 -0.176666
v 0.176646 -1.099193 -0.165004
v 0.182953 -1.125920 -0.200399
v 0.200376 -1.125920 -0.182978
v 0.186776 -1.118906 -0.204380
v 0.191423 -1.115733 -0.203193
v 0.204357 -1.118906 -0.186802
v 0.183304 -1.127669 -0.200750
v 0.203169 -1.115733 -0.191449
v 0.200727 -1.127669 -0.183329
v 0.189510 -1.127527 -0.207125
v 0.195268 -1.127473 -0.207040
v 0.207101 -1.127527 -0.189536
v 0.182671 -1.129851 -0.200117
v 0.207016 -1.127473 -0.195294
v 0.200094 -1.129851 -0.182697
v 0.188317 -1.133620 -0.205911
v 0.193792 -1.135300 -0.205550
v 0.205888 -1.133619 -0.188343
v 0.180710 -1.132757 -0.198155
v 0.205525 -1.135300 -0.193818
v 0.198133 -1.132757 -0.180735
v 0.185482 -1.138551 -0.203052
v 0.190522 -1.141117 -0.202265
v 0.203029 -1.138551 -0.185508
v 0.202241 -1.141117 -0.190548
v -0.152961 -1.094866 -0.173351
v -0.178720 -1.122203 -0.199107
v -0.173370 -1.094866 -0.152939
v -0.199129 -1.122203 -0.178695
v -0.158539 -1.102113 -0.178929
v -0.178948 -1.102113 -0.158517
v -0.159646 -1.090398 -0.172477
v -0.181437 -1.113114 -0.201681
v -0.186542 -1.108456 -0.199326
v -0.172497 -1.090398 -0.159624
v -0.201704 -1.113114 -0.181412
v -0.199349 -1.108456 -0.186518
v -0.165098 -1.097531 -0.177948
v -0.177969 -1.097531 -0.165076
v -0.181483 -1.125920 -0.201870
v -0.201893 -1.125920 -0.181458
v -0.186003 -1.118343 -0.206231
v -0.192019 -1.114494 -0.204784
v -0.206254 -1.118343 -0.185977
v -0.204808 -1.114494 -0.191994
v -0.181835 -1.127669 -0.202222
v -0.202244 -1.127669 -0.181810
v -0.188895 -1.127436 -0.209113
v -0.196170 -1.127310 -0.208932
v -0.209137 -1.127436 -0.188869
v -0.208957 -1.127310 -0.196144
v -0.181202 -1.129851 -0.201589
v -0.201611 -1.129851 -0.181177
v -0.187573 -1.134039 -0.207811
v -0.194530 -1.136187 -0.207307
v -0.207835 -1.134039 -0.187547
v -0.207331 -1.136187 -0.194504
v -0.179240 -1.132757 -0.199627
v -0.199650 -1.132757 -0.179215
v -0.184600 -1.139080 -0.204863
v -0.191085 -1.142344 -0.203876
v -0.204886 -1.139080 -0.184574
v -0.203900 -1.142344 -0.191059
v -0.154386 -1.094930 -0.171842
v -0.180214 -1.122203 -0.197612
v -0.171861 -1.094930 -0.154365
v -0.197635 -1.122203 -0.180189
v -0.160033 -1.102113 -0.177434
v -0.177454 -1.102113 -0.160011
v -0.159300 -1.091830 -0.170962
v -0.170981 -1.091830 -0.159279
v -0.200036 -1.113896 -0.182448
v -0.198137 -1.110183 -0.186386
v -0.182473 -1.113896 -0.200013
v -0.186411 -1.110183 -0.198114
v -0.176666 -1.099193 -0.164982
v -0.165004 -1.099193 -0.176646
v -0.200398 -1.125920 -0.182953
v -0.182978 -1.125920 -0.200376
v -0.204380 -1.118906 -0.186776
v -0.203193 -1.115733 -0.191424
v -0.186802 -1.118906 -0.204357
v -0.200750 -1.127669 -0.183304
v -0.191449 -1.115733 -0.203169
v -0.183329 -1.127669 -0.200727
v -0.207124 -1.127527 -0.189510
v -0.207040 -1.127473 -0.195268
v -0.189536 -1.127527 -0.207101
v -0.200117 -1.129851 -0.182671
v -0.195294 -1.127473 -0.207016
v -0.182696 -1.129851 -0.200094
v -0.205911 -1.133620 -0.188317
v -0.205549 -1.135300 -0.193792
v -0.188343 -1.133620 -0.205888
v -0.198155 -1.132757 -0.180710
v -0.193817 -1.135300 -0.205525
v -0.180735 -1.132757 -0.198133
v -0.203052 -1.138551 -0.185482
v -0.202265 -1.141117 -0.190522
v -0.185507 -1.138551 -0.203029
v -0.190547 -1.141117 -0.202241
v -0.066560 -0.820447 0.110853
v -0.112899 -0.820447 0.063013
v -0.066560 -0.786067 0.110853
v -0.112899 -0.786067 0.063013
v -0.079126 -0.820447 0.102094
v -0.104172 -0.820447 0.076346
v -0.092962 -0.820447 0.090177
v -0.104172 -0.786067 0.076346
v -0.079126 -0.786067 0.102094
v -0.092962 -0.786067 0.090177
v -0.065746 -0.820447 0.109685
v -0.111708 -0.820447 0.062234
v -0.065746 -0.786067 0.109685
v -0.111708 -0.786067 0.062234
v -0.078253 -0.820447 0.100969
v -0.103022 -0.820447 0.075507
v -0.091940 -0.820447 0.089186
v -0.103022 -0.786067 0.075507
v -0.078253 -0.786067 0.100969
v -0.091940 -0.786067 0.089186
v -0.038282 -0.712706 -0.031757
v -0.043901 -0.707087 -0.031757
v -0.041274 -0.711904 -0.031757
v -0.043100 -0.710079 -0.031757
v -0.043901 -0.630527 -0.031757
v -0.038282 -0.624907 -0.031757
v -0.043100 -0.627534 -0.031757
v -0.041274 -0.625709 -0.031757
v 0.043897 -0.707087 -0.031762
v 0.038278 -0.712706 -0.031762
v 0.043096 -0.710079 -0.031762
v 0.041270 -0.711904 -0.031762
v 0.038278 -0.624907 -0.031762
v 0.043897 -0.630527 -0.031762
v 0.041270 -0.625709 -0.031762
v 0.043096 -0.627535 -0.031762
v -0.047687 -0.707586 0.017330
v -0.038778 -0.716494 0.017329
v -0.046493 -0.712040 0.017330
v -0.043232 -0.715301 0.017329
v -0.038778 -0.621119 0.017329
v -0.047687 -0.630028 0.017330
v -0.043232 -0.622312 0.017329
v -0.046493 -0.625573 0.017330
v 0.038780 -0.716494 0.017324
v 0.047689 -0.707586 0.017324
v 0.043234 -0.715301 0.017324
v 0.046495 -0.712040 0.017324
v 0.047689 -0.630028 0.017324
v 0.038780 -0.621119 0.017324
v 0.046495 -0.625573 0.017324
v 0.043234 -0.622312 0.017324
v -0.032691 -0.662373 0.022155
v -0.027741 -0.650351 0.022154
v -0.018566 -0.641140 0.022154
v -0.027665 -0.687374 0.022154
v -0.032665 -0.675373 0.022155
v -0.006433 -0.701500 0.022153
v -0.018454 -0.696549 0.022154
v 0.027668 -0.650239 0.022151
v 0.032668 -0.662240 0.022151
v 0.018457 -0.641065 0.022152
v 0.018569 -0.696474 0.022152
v 0.006568 -0.701473 0.022152
v 0.006435 -0.636114 0.022152
v 0.027743 -0.687262 0.022151
v 0.032694 -0.675241 0.022151
v -0.006565 -0.636140 0.022153
v 0.044822 -0.718050 0.017324
v 0.039194 -0.719641 0.017324
v 0.049244 -0.713627 0.017324
v 0.050836 -0.708000 0.017324
v 0.039194 -0.617972 0.017324
v 0.044822 -0.619564 0.017324
v 0.049244 -0.623986 0.017324
v 0.050836 -0.629614 0.017324
v -0.039192 -0.719641 0.017329
v -0.044819 -0.718050 0.017330
v -0.049242 -0.713627 0.017330
v -0.050834 -0.708000 0.017330
v -0.044819 -0.619564 0.017330
v -0.039192 -0.617972 0.017329
v -0.049242 -0.623986 0.017330
v -0.050834 -0.629614 0.017330
v 0.038777 -0.716494 -0.031762
v 0.043231 -0.715301 -0.031762
v 0.046492 -0.712040 -0.031762
v 0.047686 -0.707586 -0.031762
v 0.043231 -0.622312 -0.031762
v 0.038777 -0.621119 -0.031762
v 0.046492 -0.625573 -0.031762
v 0.047686 -0.630028 -0.031762
v -0.043235 -0.715301 -0.031757
v -0.038781 -0.716494 -0.031757
v -0.046496 -0.712040 -0.031757
v -0.047690 -0.707586 -0.031757
v -0.038781 -0.621119 -0.031757
v -0.043235 -0.622312 -0.031757
v -0.046496 -0.625573 -0.031757
v -0.047690 -0.630028 -0.031756
v 0.038278 -0.712706 -0.028439
v 0.041271 -0.711904 -0.028439
v 0.043096 -0.710079 -0.028439
v 0.043898 -0.707087 -0.028439
v 0.041271 -0.625709 -0.028439
v 0.038278 -0.624907 -0.028439
v 0.043096 -0.627535 -0.028439
v 0.043898 -0.630527 -0.028439
v -0.041274 -0.711904 -0.028434
v -0.038282 -0.712706 -0.028434
v -0.043099 -0.710079 -0.028434
v -0.043901 -0.707087 -0.028434
v -0.038282 -0.624907 -0.028434
v -0.041274 -0.625709 -0.028434
v -0.043099 -0.627534 -0.028434
v -0.043901 -0.630527 -0.028434
v -0.050833 -0.629614 0.022156
v -0.049242 -0.623986 0.022156
v -0.044819 -0.619564 0.022156
v -0.049242 -0.713627 0.022156
v -0.050833 -0.708000 0.022156
v -0.039192 -0.719641 0.022155
v -0.044819 -0.718050 0.022156
v 0.049245 -0.623986 0.022150
v 0.050836 -0.629614 0.022150
v 0.044822 -0.619564 0.022150
v 0.044822 -0.718050 0.022150
v 0.039195 -0.719641 0.022150
v 0.039195 -0.617972 0.022150
v 0.049245 -0.713627 0.022150
v 0.050836 -0.708000 0.022150
v -0.039192 -0.617972 0.022155
v 0.012892 -0.648396 0.025273
v -0.003768 -0.650055 0.027346
v -0.019775 -0.654963 0.025275
v 0.017681 -0.665253 0.027652
v 0.000002 -0.668807 0.029688
v -0.017677 -0.672361 0.027654
v 0.019778 -0.682650 0.025272
v 0.003771 -0.687558 0.027345
v -0.012889 -0.689217 0.025274
v -0.012127 -0.621233 -0.028660
v -0.012127 -0.605189 -0.028660
v 0.012124 -0.621233 -0.028661
v 0.012124 -0.605189 -0.028661
v -0.012126 -0.621233 0.001513
v -0.004639 -0.621233 0.012715
v -0.008574 -0.621233 0.010087
v -0.011202 -0.621233 0.006153
v -0.012126 -0.605190 0.001513
v -0.011202 -0.605189 0.006153
v -0.008574 -0.605190 0.010087
v -0.004639 -0.605190 0.012715
v 0.012126 -0.621233 0.001512
v 0.000001 -0.621233 0.013638
v 0.011203 -0.621233 0.006152
v 0.008575 -0.621233 0.010086
v 0.004641 -0.621233 0.012715
v 0.000001 -0.605190 0.013638
v 0.012126 -0.605189 0.001512
v 0.004641 -0.605189 0.012715
v 0.008575 -0.605189 0.010086
v 0.011203 -0.605190 0.006152
v 0.006691 -0.621233 -0.028661
v -0.006694 -0.621233 -0.028660
v -0.006694 -0.605190 -0.028660
v 0.006691 -0.605189 -0.028661
v 0.006691 -0.605189 -0.023171
v 0.004906 -0.605189 -0.021386
v 0.006168 -0.605189 -0.021909
v -0.004909 -0.605189 -0.021385
v -0.006694 -0.605190 -0.023170
v -0.006171 -0.605190 -0.021908
v -0.006694 -0.621233 -0.023170
v -0.004909 -0.621233 -0.021385
v -0.006171 -0.621233 -0.021908
v 0.004906 -0.621233 -0.021386
v 0.006691 -0.621233 -0.023171
v 0.006168 -0.621233 -0.021909
v -0.012127 -0.716381 -0.028660
v -0.012127 -0.732424 -0.028660
v 0.012124 -0.716381 -0.028661
v 0.012124 -0.732424 -0.028661
v -0.012126 -0.716381 0.001513
v -0.004639 -0.716381 0.012715
v -0.008574 -0.716381 0.010087
v -0.011202 -0.716381 0.006153
v -0.012126 -0.732424 0.001513
v -0.011202 -0.732424 0.006153
v -0.008574 -0.732424 0.010087
v -0.004639 -0.732424 0.012715
v 0.012126 -0.716381 0.001512
v 0.000001 -0.716381 0.013638
v 0.011203 -0.716381 0.006152
v 0.008575 -0.716381 0.010086
v 0.004641 -0.716381 0.012715
v 0.000001 -0.732424 0.013638
v 0.012126 -0.732424 0.001512
v 0.004641 -0.732424 0.012715
v 0.008575 -0.732424 0.010086
v 0.011203 -0.732424 0.006152
v 0.006691 -0.716381 -0.028661
v -0.006694 -0.716381 -0.028660
v -0.006694 -0.732424 -0.028660
v 0.006691 -0.732424 -0.028661
v 0.006691 -0.732424 -0.023171
v 0.004906 -0.732424 -0.021386
v 0.006168 -0.732424 -0.021909
v -0.004909 -0.732424 -0.021385
v -0.006694 -0.732424 -0.023170
v -0.006171 -0.732424 -0.021908
v -0.006694 -0.716381 -0.023170
v -0.004909 -0.716381 -0.021385
v -0.006171 -0.716381 -0.021908
v 0.004906 -0.716381 -0.021386
v 0.006691 -0.716381 -0.023171
v 0.006168 -0.716381 -0.021909
v -0.047576 -0.680932 -0.028657
v -0.063619 -0.680932 -0.028656
v -0.047576 -0.656681 -0.028657
v -0.063619 -0.656681 -0.028656
v -0.047574 -0.680932 0.001515
v -0.047573 -0.673447 0.012718
v -0.047573 -0.677381 0.010089
v -0.047574 -0.680009 0.006156
v -0.063617 -0.680932 0.001516
v -0.063617 -0.680009 0.006157
v -0.063616 -0.677381 0.010090
v -0.063616 -0.673447 0.012719
v -0.047574 -0.656681 0.001515
v -0.047573 -0.668807 0.013641
v -0.047574 -0.657604 0.006156
v -0.047573 -0.660232 0.010089
v -0.047573 -0.664166 0.012718
v -0.063616 -0.668807 0.013642
v -0.063617 -0.656681 0.001516
v -0.063616 -0.664166 0.012719
v -0.063616 -0.660232 0.010090
v -0.063617 -0.657604 0.006157
v -0.047576 -0.662114 -0.028657
v -0.047576 -0.675499 -0.028657
v -0.063619 -0.675499 -0.028656
v -0.063619 -0.662114 -0.028656
v -0.063619 -0.662114 -0.023166
v -0.063618 -0.663899 -0.021381
v -0.063619 -0.662637 -0.021904
v -0.063618 -0.673714 -0.021381
v -0.063619 -0.675499 -0.023166
v -0.063619 -0.674976 -0.021904
v -0.047576 -0.675499 -0.023167
v -0.047575 -0.673714 -0.021382
v -0.047575 -0.674976 -0.021905
v -0.047575 -0.663899 -0.021382
v -0.047576 -0.662114 -0.023167
v -0.047575 -0.662637 -0.021905
v 0.047572 -0.680932 -0.028663
v 0.063615 -0.680932 -0.028664
v 0.047572 -0.656681 -0.028663
v 0.063615 -0.656681 -0.028664
v 0.047574 -0.680932 0.001509
v 0.047575 -0.673447 0.012712
v 0.047575 -0.677381 0.010083
v 0.047575 -0.680009 0.006150
v 0.063617 -0.680932 0.001508
v 0.063618 -0.680009 0.006149
v 0.063618 -0.677381 0.010082
v 0.063618 -0.673447 0.012711
v 0.047574 -0.656681 0.001509
v 0.047575 -0.668807 0.013635
v 0.047575 -0.657604 0.006150
v 0.047575 -0.660232 0.010083
v 0.047575 -0.664166 0.012712
v 0.063618 -0.668807 0.013634
v 0.063617 -0.656681 0.001508
v 0.063618 -0.664166 0.012711
v 0.063618 -0.660232 0.010082
v 0.063618 -0.657604 0.006149
v 0.047572 -0.662114 -0.028663
v 0.047572 -0.675499 -0.028663
v 0.063615 -0.675499 -0.028664
v 0.063615 -0.662114 -0.028664
v 0.063616 -0.662114 -0.023174
v 0.063616 -0.663899 -0.021389
v 0.063616 -0.662637 -0.021912
v 0.063616 -0.673714 -0.021389
v 0.063616 -0.675499 -0.023174
v 0.063616 -0.674976 -0.021912
v 0.047573 -0.675499 -0.023173
v 0.047573 -0.673714 -0.021388
v 0.047573 -0.674976 -0.021911
v 0.047573 -0.663899 -0.021388
v 0.047573 -0.662114 -0.023173
v 0.047573 -0.662637 -0.021911
v 0.066271 -0.674917 -0.002019
v 0.068585 -0.668807 -0.007973
v 0.067165 -0.675386 -0.002291
v 0.068586 -0.677017 -0.003232
v 0.067165 -0.668807 -0.006089
v 0.068586 -0.677017 0.006248
v 0.066271 -0.668807 -0.005547
v 0.068587 -0.668807 0.010988
v 0.065377 -0.668807 -0.006089
v 0.068586 -0.660596 0.006248
v 0.064611 -0.668807 -0.005547
v 0.068586 -0.660596 -0.003232
v 0.070111 -0.673421 -0.001156
v 0.070111 -0.668807 -0.003821
v 0.070112 -0.673421 0.004172
v 0.070112 -0.668807 0.006837
v 0.070112 -0.664192 0.004172
v 0.070111 -0.664192 -0.001156
v 0.063590 -0.668807 -0.006089
v 0.063590 -0.675386 -0.002290
v 0.067931 -0.674917 -0.002020
v 0.067931 -0.668807 -0.005547
v 0.063591 -0.675386 0.005307
v 0.067932 -0.674917 0.005036
v 0.063591 -0.668807 0.009106
v 0.067932 -0.668807 0.008563
v 0.063590 -0.662227 0.005307
v 0.067932 -0.662697 0.005036
v 0.063590 -0.662227 -0.002290
v 0.067931 -0.662697 -0.002020
v 0.065377 -0.675386 -0.002291
v 0.064611 -0.674917 -0.002019
v 0.067165 -0.675386 0.005307
v 0.066272 -0.674917 0.005036
v 0.065378 -0.675386 0.005307
v 0.064612 -0.674917 0.005036
v 0.067166 -0.668807 0.009106
v 0.066272 -0.668807 0.008563
v 0.065378 -0.668807 0.009106
v 0.064612 -0.668807 0.008563
v 0.067165 -0.662227 0.005307
v 0.066272 -0.662697 0.005036
v 0.065378 -0.662227 0.005307
v 0.064612 -0.662697 0.005036
v 0.067165 -0.662227 -0.002291
v 0.066271 -0.662697 -0.002019
v 0.065377 -0.662227 -0.002291
v 0.064611 -0.662697 -0.002019
v 0.070111 -0.677017 -0.003232
v 0.070111 -0.668807 -0.007973
v 0.070112 -0.677017 0.006248
v 0.070112 -0.668807 0.010988
v 0.070112 -0.660596 0.006248
v 0.070111 -0.660596 -0.003232
v 0.070111 -0.671471 -0.003107
v 0.070111 -0.674135 0.001508
v 0.070112 -0.671471 0.006123
v 0.070112 -0.666142 0.006123
v 0.070111 -0.663478 0.001508
v 0.070111 -0.666142 -0.003107
v 0.064723 -0.671471 -0.003107
v 0.064723 -0.668807 -0.003820
v 0.064723 -0.674135 0.001508
v 0.064723 -0.673421 -0.001156
v 0.064724 -0.671471 0.006123
v 0.064724 -0.673421 0.004173
v 0.064724 -0.666142 0.006123
v 0.064724 -0.668807 0.006837
v 0.064723 -0.663478 0.001508
v 0.064724 -0.664192 0.004173
v 0.064723 -0.666142 -0.003107
v 0.064723 -0.664192 -0.001156
v -0.066271 -0.674917 -0.002011
v -0.068586 -0.668807 -0.007964
v -0.067165 -0.675386 -0.002282
v -0.068586 -0.677017 -0.003224
v -0.067165 -0.668807 -0.006081
v -0.068585 -0.677017 0.006257
v -0.066272 -0.668807 -0.005539
v -0.068585 -0.668807 0.010997
v -0.065378 -0.668807 -0.006081
v -0.068585 -0.660596 0.006257
v -0.064612 -0.668807 -0.005539
v -0.068586 -0.660596 -0.003224
v -0.070111 -0.673421 -0.001148
v -0.070111 -0.668807 -0.003812
v -0.070111 -0.673421 0.004181
v -0.070111 -0.668807 0.006845
v -0.070111 -0.664192 0.004181
v -0.070111 -0.664192 -0.001148
v -0.063590 -0.668807 -0.006081
v -0.063590 -0.675386 -0.002282
v -0.067931 -0.674917 -0.002011
v -0.067931 -0.668807 -0.005539
v -0.063590 -0.675386 0.005315
v -0.067931 -0.674917 0.005044
v -0.063590 -0.668807 0.009114
v -0.067931 -0.668807 0.008572
v -0.063590 -0.662227 0.005315
v -0.067931 -0.662697 0.005044
v -0.063590 -0.662227 -0.002282
v -0.067931 -0.662697 -0.002011
v -0.065378 -0.675386 -0.002282
v -0.064611 -0.674917 -0.002011
v -0.067165 -0.675386 0.005315
v -0.066271 -0.674917 0.005044
v -0.065377 -0.675386 0.005315
v -0.064611 -0.674917 0.005044
v -0.067164 -0.668807 0.009114
v -0.066271 -0.668807 0.008572
v -0.065377 -0.668807 0.009114
v -0.064611 -0.668807 0.008572
v -0.067165 -0.662227 0.005315
v -0.066271 -0.662697 0.005044
v -0.065377 -0.662227 0.005315
v -0.064611 -0.662697 0.005044
v -0.067165 -0.662227 -0.002282
v -0.066271 -0.662697 -0.002011
v -0.065378 -0.662227 -0.002282
v -0.064611 -0.662697 -0.002011
v -0.070111 -0.677017 -0.003224
v -0.070112 -0.668807 -0.007964
v -0.070111 -0.677017 0.006257
v -0.070110 -0.668807 0.010997
v -0.070111 -0.660596 0.006257
v -0.070111 -0.660596 -0.003224
v -0.070111 -0.671471 -0.003098
v -0.070111 -0.674135 0.001517
v -0.070111 -0.671471 0.006131
v -0.070111 -0.666142 0.006131
v -0.070111 -0.663478 0.001517
v -0.070111 -0.666142 -0.003098
v -0.064723 -0.671471 -0.003098
v -0.064723 -0.668807 -0.003812
v -0.064723 -0.674135 0.001516
v -0.064723 -0.673421 -0.001148
v -0.064723 -0.671471 0.006131
v -0.064723 -0.673421 0.004181
v -0.064723 -0.666142 0.006131
v -0.064723 -0.668807 0.006845
v -0.064723 -0.663478 0.001516
v -0.064723 -0.664192 0.004181
v -0.064723 -0.666142 -0.003098
v -0.064723 -0.664192 -0.001148
v 0.002302 -0.020749 0.002695
v -0.002302 -0.020749 0.002696
v 0.004450 -0.027535 -0.000000
v -0.004450 -0.027535 0.000000
v -0.002748 -0.031591 0.004401
v 0.002749 -0.031591 0.004401
v -0.002267 -0.036768 0.000000
v 0.002267 -0.036768 -0.000000
v -0.002749 -0.031591 -0.004401
v 0.002748 -0.031591 -0.004401
v -0.002302 -0.020749 -0.002695
v 0.002302 -0.020749 -0.002696
v -0.001507 0.014195 -0.002047
v 0.001507 0.014195 -0.002047
v 0.001507 0.014195 0.002047
v -0.001507 0.014195 0.002047
v 0.005176 -0.067684 -0.000000
v 0.014140 -0.062508 -0.000001
v 0.019316 -0.053543 -0.000001
v 0.014229 -0.034278 -0.000001
v -0.002147 -0.027058 -0.003907
v 0.002147 -0.027058 -0.003907
v 0.002147 -0.027058 0.003907
v 0.003484 -0.025310 -0.001328
v -0.014229 -0.034278 0.000001
v 0.004147 -0.063845 0.004196
v -0.019316 -0.043195 0.000001
v 0.003484 -0.025310 0.001327
v -0.019316 -0.053543 0.000001
v -0.014140 -0.062508 0.000001
v 0.003066 -0.059810 -0.000000
v -0.008376 -0.056744 0.000001
v 0.004147 -0.063845 -0.004197
v -0.003103 -0.019128 0.000000
v 0.011381 -0.037066 -0.004198
v -0.011330 -0.059698 -0.004196
v -0.002147 -0.027058 0.003907
v 0.011330 -0.059698 0.004196
v 0.003103 -0.019128 -0.000000
v -0.015477 -0.052515 -0.004196
v 0.008376 -0.056744 -0.000001
v 0.011330 -0.059698 -0.004197
v -0.004147 -0.063845 -0.004196
v 0.015477 -0.052515 0.004196
v -0.011381 -0.037066 0.004198
v 0.011442 -0.051434 -0.000001
v -0.008392 -0.039966 0.000001
v 0.015477 -0.052515 -0.004198
v -0.011381 -0.037066 -0.004197
v 0.019316 -0.043195 -0.000001
v 0.015477 -0.044221 0.004196
v -0.015476 -0.044221 0.004198
v 0.011441 -0.045298 -0.000001
v -0.011441 -0.045298 0.000001
v 0.015476 -0.044221 -0.004198
v -0.015477 -0.044221 -0.004196
v -0.005176 -0.067684 0.000000
v -0.011330 -0.059698 0.004197
v -0.004147 -0.063845 0.004197
v 0.011381 -0.037066 0.004197
v -0.011442 -0.051434 0.000001
v -0.015477 -0.052515 0.004198
v -0.003066 -0.059810 0.000000
v 0.008392 -0.039966 -0.000001
v -0.004256 -0.029082 0.002905
v 0.004256 -0.029082 0.002904
v -0.002373 -0.035338 0.003009
v 0.002373 -0.035338 0.003008
v -0.002373 -0.035338 -0.003008
v 0.002373 -0.035338 -0.003009
v 0.004256 -0.029082 -0.002905
v -0.004256 -0.029082 -0.002904
v 0.005543 -0.033165 -0.004225
v 0.007039 -0.029366 -0.000000
v 0.005544 -0.033165 0.004225
v -0.007039 -0.029366 0.000000
v -0.005543 -0.033165 0.004225
v -0.005544 -0.033165 -0.004225
v -0.004171 -0.037155 0.000000
v 0.004171 -0.037155 -0.000000
v 0.002145 0.009991 0.002674
v -0.001834 0.015337 0.000000
v 0.001834 0.015337 -0.000000
v -0.002145 0.009991 0.002674
v -0.002145 0.009991 -0.002674
v 0.002145 0.009991 -0.002674
v -0.003484 -0.025310 -0.001327
v -0.003484 -0.025310 0.001328
v 0.004867 -0.066532 0.002858
v 0.003395 -0.061039 0.002941
v 0.003395 -0.061039 -0.002941
v 0.004867 -0.066532 -0.002859
v 0.013298 -0.061665 0.002858
v 0.009276 -0.057644 0.002940
v 0.009276 -0.057644 -0.002942
v 0.013297 -0.061665 -0.002859
v 0.018165 -0.053235 0.002857
v 0.012671 -0.051763 0.002940
v 0.012671 -0.051763 -0.002942
v 0.018165 -0.053235 -0.002860
v 0.018165 -0.043503 0.002857
v 0.012670 -0.044970 0.002939
v 0.012669 -0.044970 -0.002941
v 0.018165 -0.043503 -0.002860
v 0.013376 -0.035116 0.002862
v 0.009300 -0.039085 0.002934
v 0.009300 -0.039085 -0.002936
v 0.013376 -0.035116 -0.002863
v -0.006601 -0.030543 0.002901
v -0.004566 -0.035920 -0.002950
v 0.006601 -0.030543 0.002900
v -0.006601 -0.030543 -0.002900
v 0.004566 -0.035920 0.002950
v 0.004566 -0.035920 -0.002951
v -0.004566 -0.035920 0.002951
v -0.013376 -0.035116 0.002863
v -0.009300 -0.039085 0.002936
v -0.009300 -0.039085 -0.002934
v -0.013376 -0.035116 -0.002862
v -0.018165 -0.043503 0.002860
v -0.012669 -0.044970 0.002941
v -0.012670 -0.044970 -0.002939
v -0.018165 -0.043503 -0.002857
v -0.018165 -0.053235 0.002860
v -0.012671 -0.051763 0.002942
v -0.012671 -0.051763 -0.002940
v -0.018165 -0.053235 -0.002857
v -0.013297 -0.061665 0.002859
v -0.009276 -0.057644 0.002942
v -0.009276 -0.057644 -0.002940
v -0.013298 -0.061665 -0.002858
v -0.004867 -0.066532 0.002859
v -0.003395 -0.061039 0.002941
v -0.003395 -0.061039 -0.002941
v -0.004867 -0.066532 -0.002858
v -0.003457 -0.027273 0.002712
v 0.006601 -0.030543 -0.002901
v 0.003457 -0.027273 -0.002712
v 0.003186 0.010060 -0.000000
v -0.003186 0.010060 0.000000
v -0.003457 -0.027273 -0.002712
v 0.003457 -0.027273 0.002712
v -0.003377 -0.023817 0.000000
v 0.003377 -0.023817 -0.000000
v 0.002141 -0.581891 0.008233
v 0.000000 -0.581891 0.006998
v -0.002140 -0.581891 0.010705
v 0.002141 -0.555573 0.010705
v -0.002140 -0.555573 0.008234
v -0.002140 -0.555573 0.010705
v 0.002141 -0.555573 0.008233
v 0.000000 -0.555573 0.006998
v 0.000001 -0.555573 0.011941
v 0.002141 -0.550577 0.010694
v 0.002141 -0.550900 0.008244
v 0.000000 -0.551061 0.007019
v -0.002140 -0.550900 0.008244
v -0.002140 -0.550577 0.010694
v 0.000001 -0.550416 0.011919
v 0.002141 -0.545386 0.009271
v 0.002141 -0.546622 0.007130
v 0.000000 -0.547239 0.006060
v -0.002140 -0.546622 0.007130
v -0.002140 -0.545386 0.009271
v 0.000001 -0.544768 0.010341
v 0.002141 -0.541468 0.005352
v 0.002141 -0.543608 0.004117
v 0.000000 -0.544678 0.003499
v -0.002140 -0.543608 0.004117
v -0.002140 -0.541468 0.005353
v 0.000000 -0.540397 0.005970
v 0.002140 -0.540033 -0.000000
v 0.002140 -0.542505 -0.000000
v 0.000000 -0.543741 -0.000000
v -0.002140 -0.542505 0.000000
v -0.002140 -0.540033 0.000000
v 0.000000 -0.538798 -0.000000
v 0.002140 -0.541468 -0.005353
v 0.002140 -0.543608 -0.004117
v -0.000000 -0.544678 -0.003499
v -0.002141 -0.543608 -0.004117
v -0.002141 -0.541468 -0.005352
v -0.000000 -0.540397 -0.005970
v 0.002140 -0.545386 -0.009271
v 0.002140 -0.546622 -0.007131
v -0.000000 -0.547239 -0.006060
v -0.002141 -0.546622 -0.007130
v -0.002141 -0.545386 -0.009271
v -0.000001 -0.544768 -0.010341
v 0.002140 -0.550577 -0.010695
v 0.002140 -0.550900 -0.008244
v -0.000000 -0.551061 -0.007019
v -0.002141 -0.550900 -0.008244
v -0.002141 -0.550577 -0.010694
v -0.000001 -0.550416 -0.011920
v 0.002140 -0.586777 -0.010695
v 0.002140 -0.586454 -0.008244
v -0.000000 -0.586293 -0.007019
v -0.002141 -0.586454 -0.008244
v -0.002141 -0.586777 -0.010694
v -0.000001 -0.586938 -0.011920
v 0.002140 -0.591968 -0.009271
v 0.002140 -0.590732 -0.007131
v -0.000000 -0.590114 -0.006060
v -0.002141 -0.590732 -0.007130
v -0.002141 -0.591968 -0.009271
v -0.000001 -0.592586 -0.010341
v 0.002140 -0.595886 -0.005353
v 0.002140 -0.593746 -0.004117
v -0.000000 -0.592676 -0.003499
v -0.002141 -0.593746 -0.004117
v -0.002141 -0.595886 -0.005352
v -0.000000 -0.596956 -0.005970
v 0.002140 -0.597320 -0.000000
v 0.002140 -0.594849 -0.000000
v 0.000000 -0.593613 -0.000000
v -0.002140 -0.594849 0.000000
v -0.002140 -0.597320 0.000000
v 0.000000 -0.598556 -0.000000
v 0.002141 -0.595886 0.005352
v 0.002141 -0.593746 0.004117
v 0.000000 -0.592676 0.003499
v -0.002140 -0.593746 0.004117
v -0.002140 -0.595886 0.005353
v 0.000000 -0.596956 0.005970
v 0.002141 -0.591968 0.009271
v 0.002141 -0.590732 0.007130
v 0.000000 -0.590114 0.006060
v -0.002140 -0.590732 0.007130
v -0.002140 -0.591968 0.009271
v 0.000001 -0.592586 0.010341
v 0.002141 -0.586777 0.010694
v 0.002141 -0.586454 0.008244
v 0.000000 -0.586293 0.007019
v -0.002140 -0.586454 0.008244
v -0.002140 -0.586777 0.010694
v 0.000001 -0.586938 0.011919
v 0.002141 -0.581891 0.010705
v -0.002140 -0.581891 0.008234
v 0.000001 -0.581891 0.011941
v 0.008221 -0.500835 -0.002996
v 0.006170 -0.501102 -0.000000
v 0.008221 -0.500835 0.002995
v 0.010971 -0.500480 -0.000001
v 0.007163 -0.496534 -0.002995
v 0.005316 -0.497597 -0.000000
v 0.007164 -0.496534 0.002994
v 0.009514 -0.495186 -0.000001
v 0.004136 -0.493510 -0.002995
v 0.003071 -0.495354 -0.000000
v 0.004136 -0.493510 0.002995
v 0.005492 -0.491162 -0.000000
v -0.000000 -0.492402 -0.002995
v 0.000000 -0.494531 -0.000000
v 0.000000 -0.492402 0.002995
v 0.000000 -0.489690 -0.000000
v -0.004136 -0.493510 -0.002995
v -0.003071 -0.495354 0.000000
v -0.004136 -0.493510 0.002995
v -0.005492 -0.491162 0.000000
v -0.007164 -0.496534 -0.002995
v -0.005316 -0.497597 0.000000
v -0.007163 -0.496534 0.002995
v -0.009514 -0.495186 0.000001
v -0.008221 -0.500835 -0.002995
v -0.006170 -0.501102 0.000000
v -0.008221 -0.500835 0.002996
v -0.010971 -0.500480 0.000001
v -0.008221 -0.536390 -0.002995
v -0.006170 -0.536123 0.000000
v -0.008221 -0.536390 0.002996
v -0.010971 -0.536745 0.000001
v -0.007164 -0.540690 -0.002995
v -0.005316 -0.539627 0.000000
v -0.007163 -0.540690 0.002995
v -0.009514 -0.542039 0.000001
v -0.004136 -0.543715 -0.002995
v -0.003071 -0.541870 0.000000
v -0.004136 -0.543715 0.002995
v -0.005492 -0.546063 0.000000
v -0.000000 -0.544823 -0.002995
v 0.000000 -0.542693 -0.000000
v 0.000000 -0.544823 0.002995
v 0.000000 -0.547534 -0.000000
v 0.004136 -0.543715 -0.002995
v 0.003071 -0.541870 -0.000000
v 0.004136 -0.543715 0.002995
v 0.005492 -0.546063 -0.000000
v 0.007163 -0.540690 -0.002995
v 0.005316 -0.539627 -0.000000
v 0.007164 -0.540690 0.002994
v 0.009514 -0.542039 -0.000001
v 0.008221 -0.536390 -0.002996
v 0.006170 -0.536123 -0.000000
v 0.008221 -0.536390 0.002995
v 0.010971 -0.536745 -0.000001
v 0.008221 -0.404235 -0.002996
v 0.006170 -0.404502 -0.000000
v 0.008221 -0.404235 0.002995
v 0.010971 -0.403880 -0.000001
v 0.007163 -0.399935 -0.002995
v 0.005316 -0.400997 -0.000000
v 0.007164 -0.399935 0.002994
v 0.009514 -0.398586 -0.000001
v 0.004136 -0.396910 -0.002995
v 0.003071 -0.398755 -0.000000
v 0.004136 -0.396910 0.002995
v 0.005492 -0.394562 -0.000000
v -0.000000 -0.395802 -0.002995
v 0.000000 -0.397932 -0.000000
v 0.000000 -0.395802 0.002995
v 0.000000 -0.393090 -0.000000
v -0.004136 -0.396910 -0.002995
v -0.003071 -0.398755 0.000000
v -0.004136 -0.396910 0.002995
v -0.005492 -0.394562 0.000000
v -0.007164 -0.399935 -0.002994
v -0.005316 -0.400997 0.000000
v -0.007163 -0.399935 0.002995
v -0.009514 -0.398586 0.000001
v -0.008221 -0.404235 -0.002995
v -0.006170 -0.404502 0.000000
v -0.008221 -0.404235 0.002996
v -0.010971 -0.403880 0.000001
v -0.008221 -0.439790 -0.002995
v -0.006170 -0.439523 0.000000
v -0.008221 -0.439790 0.002996
v -0.010971 -0.440145 0.000001
v -0.007164 -0.444090 -0.002994
v -0.005316 -0.443028 0.000000
v -0.007163 -0.444090 0.002995
v -0.009514 -0.445439 0.000001
v -0.004136 -0.447115 -0.002995
v -0.003071 -0.445270 0.000000
v -0.004136 -0.447115 0.002995
v -0.005492 -0.449463 0.000000
v -0.000000 -0.448223 -0.002995
v 0.000000 -0.446093 -0.000000
v 0.000000 -0.448223 0.002995
v 0.000000 -0.450935 -0.000000
v 0.004136 -0.447115 -0.002995
v 0.003071 -0.445270 -0.000000
v 0.004136 -0.447115 0.002995
v 0.005492 -0.449463 -0.000000
v 0.007163 -0.444090 -0.002995
v 0.005316 -0.443028 -0.000000
v 0.007164 -0.444090 0.002994
v 0.009514 -0.445439 -0.000001
v 0.008221 -0.439790 -0.002996
v 0.006170 -0.439523 -0.000000
v 0.008221 -0.439790 0.002995
v 0.010971 -0.440145 -0.000001
v 0.008221 -0.307635 -0.002996
v 0.006170 -0.307902 -0.000000
v 0.008221 -0.307635 0.002995
v 0.010971 -0.307281 -0.000001
v 0.007163 -0.303335 -0.002995
v 0.005316 -0.304398 -0.000000
v 0.007164 -0.303335 0.002994
v 0.009514 -0.301986 -0.000001
v 0.004136 -0.300310 -0.002995
v 0.003071 -0.302155 -0.000000
v 0.004136 -0.300310 0.002995
v 0.005492 -0.297962 -0.000000
v -0.000000 -0.299202 -0.002995
v 0.000000 -0.301332 -0.000000
v 0.000000 -0.299202 0.002995
v 0.000000 -0.296491 -0.000000
v -0.004136 -0.300310 -0.002995
v -0.003071 -0.302155 0.000000
v -0.004136 -0.300310 0.002995
v -0.005492 -0.297962 0.000000
v -0.007164 -0.303335 -0.002994
v -0.005316 -0.304398 0.000000
v -0.007163 -0.303335 0.002995
v -0.009514 -0.301986 0.000001
v -0.008221 -0.307635 -0.002995
v -0.006170 -0.307902 0.000000
v -0.008221 -0.307635 0.002996
v -0.010971 -0.307281 0.000001
v -0.008221 -0.343190 -0.002995
v -0.006170 -0.342923 0.000000
v -0.008221 -0.343190 0.002996
v -0.010971 -0.343545 0.000001
v -0.007164 -0.347491 -0.002994
v -0.005316 -0.346428 0.000000
v -0.007163 -0.347491 0.002995
v -0.009514 -0.348840 0.000001
v -0.004136 -0.350515 -0.002995
v -0.003071 -0.348671 0.000000
v -0.004136 -0.350515 0.002995
v -0.005492 -0.352863 0.000000
v -0.000000 -0.351623 -0.002995
v 0.000000 -0.349494 -0.000000
v 0.000000 -0.351623 0.002995
v 0.000000 -0.354335 -0.000000
v 0.004136 -0.350515 -0.002995
v 0.003071 -0.348671 -0.000000
v 0.004136 -0.350515 0.002995
v 0.005492 -0.352863 -0.000000
v 0.007163 -0.347491 -0.002995
v 0.005316 -0.346428 -0.000000
v 0.007164 -0.347491 0.002994
v 0.009514 -0.348839 -0.000001
v 0.008221 -0.343190 -0.002996
v 0.006170 -0.342923 -0.000000
v 0.008221 -0.343190 0.002995
v 0.010971 -0.343545 -0.000001
v 0.008221 -0.211036 -0.002996
v 0.006170 -0.211303 -0.000000
v 0.008221 -0.211036 0.002995
v 0.010971 -0.210681 -0.000001
v 0.007163 -0.206735 -0.002995
v 0.005316 -0.207798 -0.000000
v 0.007164 -0.206735 0.002994
v 0.009514 -0.205386 -0.000001
v 0.004136 -0.203711 -0.002995
v 0.003071 -0.205555 -0.000000
v 0.004136 -0.203711 0.002995
v 0.005492 -0.201362 -0.000000
v -0.000000 -0.202602 -0.002995
v 0.000000 -0.204732 -0.000000
v 0.000000 -0.202602 0.002995
v 0.000000 -0.199891 -0.000000
v -0.004136 -0.203711 -0.002995
v -0.003071 -0.205555 0.000000
v -0.004136 -0.203711 0.002995
v -0.005492 -0.201363 0.000000
v -0.007164 -0.206735 -0.002994
v -0.005316 -0.207798 0.000000
v -0.007163 -0.206735 0.002995
v -0.009514 -0.205386 0.000001
v -0.008221 -0.211036 -0.002995
v -0.006170 -0.211303 0.000000
v -0.008221 -0.211036 0.002996
v -0.010971 -0.210681 0.000001
v -0.008221 -0.246591 -0.002995
v -0.006170 -0.246323 0.000000
v -0.008221 -0.246591 0.002996
v -0.010971 -0.246945 0.000001
v -0.007164 -0.250891 -0.002994
v -0.005316 -0.249828 0.000000
v -0.007163 -0.250891 0.002995
v -0.009514 -0.252240 0.000001
v -0.004136 -0.253915 -0.002995
v -0.003071 -0.252071 0.000000
v -0.004136 -0.253915 0.002995
v -0.005492 -0.256264 0.000000
v -0.000000 -0.255024 -0.002995
v 0.000000 -0.252894 -0.000000
v 0.000000 -0.255024 0.002995
v 0.000000 -0.257735 -0.000000
v 0.004136 -0.253915 -0.002995
v 0.003071 -0.252071 -0.000000
v 0.004136 -0.253915 0.002995
v 0.005492 -0.256264 -0.000000
v 0.007163 -0.250891 -0.002995
v 0.005316 -0.249828 -0.000000
v 0.007164 -0.250891 0.002994
v 0.009514 -0.252240 -0.000001
v 0.008221 -0.246591 -0.002996
v 0.006170 -0.246323 -0.000000
v 0.008221 -0.246591 0.002995
v 0.010971 -0.246945 -0.000001
v 0.008221 -0.114436 -0.002996
v 0.006170 -0.114703 -0.000000
v 0.008221 -0.114436 0.002995
v 0.010971 -0.114081 -0.000001
v 0.007163 -0.110136 -0.002995
v 0.005316 -0.111198 -0.000000
v 0.007164 -0.110136 0.002994
v 0.009514 -0.108787 -0.000001
v 0.004136 -0.107111 -0.002995
v 0.003071 -0.108955 -0.000000
v 0.004136 -0.107111 0.002995
v 0.005492 -0.104763 -0.000000
v -0.000000 -0.106003 -0.002995
v 0.000000 -0.108132 0.000000
v 0.000000 -0.106003 0.002995
v 0.000000 -0.103291 0.000000
v -0.004136 -0.107111 -0.002995
v -0.003071 -0.108955 0.000000
v -0.004136 -0.107111 0.002995
v -0.005492 -0.104763 0.000000
v -0.007164 -0.110136 -0.002994
v -0.005316 -0.111198 0.000000
v -0.007163 -0.110136 0.002995
v -0.009514 -0.108787 0.000001
v -0.008221 -0.114436 -0.002995
v -0.006170 -0.114703 0.000000
v -0.008221 -0.114436 0.002996
v -0.010971 -0.114081 0.000001
v -0.008221 -0.149991 -0.002995
v -0.006170 -0.149724 0.000000
v -0.008221 -0.149991 0.002996
v -0.010971 -0.150346 0.000001
v -0.007164 -0.154291 -0.002994
v -0.005316 -0.153228 0.000000
v -0.007163 -0.154291 0.002995
v -0.009514 -0.155640 0.000001
v -0.004136 -0.157316 -0.002995
v -0.003071 -0.155471 0.000000
v -0.004136 -0.157316 0.002995
v -0.005492 -0.159664 0.000000
v -0.000000 -0.158424 -0.002995
v 0.000000 -0.156294 0.000000
v 0.000000 -0.158424 0.002995
v 0.000000 -0.161135 -0.000000
v 0.004136 -0.157316 -0.002995
v 0.003071 -0.155471 -0.000000
v 0.004136 -0.157316 0.002995
v 0.005492 -0.159664 -0.000000
v 0.007163 -0.154291 -0.002995
v 0.005316 -0.153228 -0.000000
v 0.007164 -0.154291 0.002994
v 0.009514 -0.155640 -0.000001
v 0.008221 -0.149991 -0.002996
v 0.006170 -0.149724 -0.000000
v 0.008221 -0.149991 0.002995
v 0.010971 -0.150346 -0.000001
v -0.002996 -0.452375 -0.008221
v -0.000000 -0.452643 -0.006170
v 0.002995 -0.452375 -0.008221
v -0.000001 -0.452021 -0.010971
v -0.002995 -0.448075 -0.007163
v -0.000000 -0.449138 -0.005316
v 0.002994 -0.448075 -0.007164
v -0.000001 -0.446726 -0.009514
v -0.002995 -0.445051 -0.004136
v -0.000000 -0.446895 -0.003071
v 0.002995 -0.445051 -0.004136
v -0.000000 -0.442702 -0.005492
v -0.002995 -0.443942 0.000000
v 0.000000 -0.446072 -0.000000
v 0.002995 -0.443942 -0.000000
v 0.000000 -0.441231 -0.000000
v -0.002995 -0.445051 0.004136
v 0.000000 -0.446895 0.003071
v 0.002995 -0.445051 0.004136
v 0.000000 -0.442702 0.005492
v -0.002994 -0.448075 0.007164
v 0.000000 -0.449138 0.005316
v 0.002995 -0.448075 0.007163
v 0.000001 -0.446726 0.009514
v -0.002995 -0.452375 0.008221
v 0.000000 -0.452643 0.006170
v 0.002996 -0.452375 0.008221
v 0.000001 -0.452021 0.010971
v -0.002995 -0.487930 0.008221
v 0.000000 -0.487663 0.006170
v 0.002996 -0.487930 0.008221
v 0.000001 -0.488285 0.010971
v -0.002994 -0.492231 0.007164
v 0.000000 -0.491168 0.005316
v 0.002995 -0.492231 0.007163
v 0.000001 -0.493580 0.009514
v -0.002995 -0.495255 0.004136
v 0.000000 -0.493411 0.003071
v 0.002995 -0.495255 0.004136
v 0.000000 -0.497603 0.005492
v -0.002995 -0.496364 0.000000
v 0.000000 -0.494234 -0.000000
v 0.002995 -0.496364 -0.000000
v 0.000000 -0.499075 -0.000000
v -0.002995 -0.495255 -0.004136
v -0.000000 -0.493411 -0.003071
v 0.002995 -0.495255 -0.004136
v -0.000000 -0.497603 -0.005492
v -0.002995 -0.492231 -0.007163
v -0.000000 -0.491168 -0.005316
v 0.002994 -0.492231 -0.007164
v -0.000001 -0.493580 -0.009514
v -0.002996 -0.487930 -0.008221
v -0.000000 -0.487663 -0.006170
v 0.002995 -0.487930 -0.008221
v -0.000001 -0.488285 -0.010971
v -0.002996 -0.355776 -0.008221
v -0.000000 -0.356043 -0.006170
v 0.002995 -0.355776 -0.008221
v -0.000001 -0.355421 -0.010971
v -0.002995 -0.351475 -0.007163
v -0.000000 -0.352538 -0.005316
v 0.002994 -0.351475 -0.007164
v -0.000001 -0.350127 -0.009514
v -0.002995 -0.348451 -0.004136
v -0.000000 -0.350295 -0.003071
v 0.002995 -0.348451 -0.004136
v -0.000000 -0.346103 -0.005492
v -0.002995 -0.347343 0.000000
v 0.000000 -0.349472 -0.000000
v 0.002995 -0.347343 -0.000000
v 0.000000 -0.344631 -0.000000
v -0.002995 -0.348451 0.004136
v 0.000000 -0.350295 0.003071
v 0.002995 -0.348451 0.004136
v 0.000000 -0.346103 0.005492
v -0.002994 -0.351475 0.007164
v 0.000000 -0.352538 0.005316
v 0.002995 -0.351475 0.007163
v 0.000001 -0.350127 0.009514
v -0.002995 -0.355776 0.008221
v 0.000000 -0.356043 0.006170
v 0.002996 -0.355776 0.008221
v 0.000001 -0.355421 0.010971
v -0.002995 -0.391331 0.008221
v 0.000000 -0.391063 0.006170
v 0.002996 -0.391331 0.008221
v 0.000001 -0.391685 0.010971
v -0.002994 -0.395631 0.007164
v 0.000000 -0.394568 0.005316
v 0.002995 -0.395631 0.007163
v 0.000001 -0.396980 0.009514
v -0.002995 -0.398656 0.004136
v 0.000000 -0.396811 0.003071
v 0.002995 -0.398656 0.004136
v 0.000000 -0.401004 0.005492
v -0.002995 -0.399764 0.000000
v 0.000000 -0.397634 -0.000000
v 0.002995 -0.399764 -0.000000
v 0.000000 -0.402475 -0.000000
v -0.002995 -0.398656 -0.004136
v -0.000000 -0.396811 -0.003071
v 0.002995 -0.398656 -0.004136
v -0.000000 -0.401004 -0.005492
v -0.002995 -0.395631 -0.007163
v -0.000000 -0.394568 -0.005316
v 0.002994 -0.395631 -0.007164
v -0.000001 -0.396980 -0.009514
v -0.002996 -0.391331 -0.008221
v -0.000000 -0.391063 -0.006170
v 0.002995 -0.391331 -0.008221
v -0.000001 -0.391685 -0.010971
v -0.002996 -0.259176 -0.008221
v -0.000000 -0.259443 -0.006170
v 0.002995 -0.259176 -0.008221
v -0.000001 -0.258821 -0.010971
v -0.002995 -0.254876 -0.007163
v -0.000000 -0.255938 -0.005316
v 0.002994 -0.254876 -0.007164
v -0.000001 -0.253527 -0.009514
v -0.002995 -0.251851 -0.004136
v -0.000000 -0.253696 -0.003071
v 0.002995 -0.251851 -0.004136
v -0.000000 -0.249503 -0.005492
v -0.002995 -0.250743 0.000000
v 0.000000 -0.252873 -0.000000
v 0.002995 -0.250743 -0.000000
v 0.000000 -0.248031 -0.000000
v -0.002995 -0.251851 0.004136
v 0.000000 -0.253695 0.003071
v 0.002995 -0.251851 0.004136
v 0.000000 -0.249503 0.005492
v -0.002994 -0.254876 0.007164
v 0.000000 -0.255938 0.005316
v 0.002995 -0.254876 0.007163
v 0.000001 -0.253527 0.009514
v -0.002995 -0.259176 0.008221
v 0.000000 -0.259443 0.006170
v 0.002996 -0.259176 0.008221
v 0.000001 -0.258821 0.010971
v -0.002995 -0.294731 0.008221
v 0.000000 -0.294464 0.006170
v 0.002996 -0.294731 0.008221
v 0.000001 -0.295086 0.010971
v -0.002994 -0.299031 0.007164
v 0.000000 -0.297969 0.005316
v 0.002995 -0.299031 0.007163
v 0.000001 -0.300380 0.009514
v -0.002995 -0.302056 0.004136
v 0.000000 -0.300211 0.003071
v 0.002995 -0.302056 0.004136
v 0.000000 -0.304404 0.005492
v -0.002995 -0.303164 0.000000
v 0.000000 -0.301034 -0.000000
v 0.002995 -0.303164 -0.000000
v 0.000000 -0.305876 -0.000000
v -0.002995 -0.302056 -0.004136
v -0.000000 -0.300211 -0.003071
v 0.002995 -0.302056 -0.004136
v -0.000000 -0.304404 -0.005492
v -0.002995 -0.299031 -0.007163
v -0.000000 -0.297969 -0.005316
v 0.002994 -0.299031 -0.007164
v -0.000001 -0.300380 -0.009514
v -0.002996 -0.294731 -0.008221
v -0.000000 -0.294464 -0.006170
v 0.002995 -0.294731 -0.008221
v -0.000001 -0.295086 -0.010971
v -0.002996 -0.162576 -0.008221
v -0.000000 -0.162843 -0.006170
v 0.002995 -0.162576 -0.008221
v -0.000001 -0.162221 -0.010971
v -0.002995 -0.158276 -0.007163
v -0.000000 -0.159339 -0.005316
v 0.002994 -0.158276 -0.007164
v -0.000001 -0.156927 -0.009514
v -0.002995 -0.155251 -0.004136
v -0.000000 -0.157096 -0.003071
v 0.002995 -0.155251 -0.004136
v -0.000000 -0.152903 -0.005492
v -0.002995 -0.154143 0.000000
v 0.000000 -0.156273 -0.000000
v 0.002995 -0.154143 -0.000000
v 0.000000 -0.151432 -0.000000
v -0.002995 -0.155251 0.004136
v 0.000000 -0.157096 0.003071
v 0.002995 -0.155251 0.004136
v 0.000000 -0.152903 0.005492
v -0.002994 -0.158276 0.007164
v 0.000000 -0.159339 0.005316
v 0.002995 -0.158276 0.007163
v 0.000001 -0.156927 0.009514
v -0.002995 -0.162576 0.008221
v 0.000000 -0.162843 0.006170
v 0.002996 -0.162576 0.008221
v 0.000001 -0.162221 0.010971
v -0.002995 -0.198131 0.008221
v 0.000000 -0.197864 0.006170
v 0.002996 -0.198131 0.008221
v 0.000001 -0.198486 0.010971
v -0.002994 -0.202431 0.007164
v 0.000000 -0.201369 0.005316
v 0.002995 -0.202431 0.007163
v 0.000001 -0.203780 0.009514
v -0.002995 -0.205456 0.004136
v 0.000000 -0.203612 0.003071
v 0.002995 -0.205456 0.004136
v 0.000000 -0.207804 0.005492
v -0.002995 -0.206564 0.000000
v 0.000000 -0.204435 -0.000000
v 0.002995 -0.206564 -0.000000
v 0.000000 -0.209276 -0.000000
v -0.002995 -0.205456 -0.004136
v -0.000000 -0.203612 -0.003071
v 0.002995 -0.205456 -0.004136
v -0.000000 -0.207804 -0.005492
v -0.002995 -0.202431 -0.007163
v -0.000000 -0.201369 -0.005316
v 0.002994 -0.202431 -0.007164
v -0.000001 -0.203780 -0.009514
v -0.002996 -0.198131 -0.008221
v -0.000000 -0.197864 -0.006170
v 0.002995 -0.198131 -0.008221
v -0.000001 -0.198486 -0.010971
v -0.002996 -0.065976 -0.008221
v -0.000000 -0.066244 -0.006170
v 0.002995 -0.065976 -0.008221
v -0.000001 -0.065622 -0.010971
v -0.002995 -0.061676 -0.007163
v -0.000000 -0.062739 -0.005316
v 0.002994 -0.061676 -0.007164
v -0.000001 -0.060327 -0.009514
v -0.002995 -0.058652 -0.004136
v -0.000000 -0.060496 -0.003071
v 0.002995 -0.058652 -0.004136
v -0.000000 -0.056303 -0.005492
v -0.002995 -0.057543 0.000000
v 0.000000 -0.059673 -0.000000
v 0.002995 -0.057543 -0.000000
v 0.000000 -0.054832 -0.000000
v -0.002995 -0.058652 0.004136
v 0.000000 -0.060496 0.003071
v 0.002995 -0.058652 0.004136
v 0.000000 -0.056303 0.005492
v -0.002994 -0.061676 0.007164
v 0.000000 -0.062739 0.005316
v 0.002995 -0.061676 0.007163
v 0.000001 -0.060327 0.009514
v -0.002995 -0.065976 0.008221
v 0.000000 -0.066244 0.006170
v 0.002996 -0.065976 0.008221
v 0.000001 -0.065622 0.010971
v -0.002995 -0.101531 0.008221
v 0.000000 -0.101264 0.006170
v 0.002996 -0.101531 0.008221
v 0.000001 -0.101886 0.010971
v -0.002994 -0.105832 0.007164
v 0.000000 -0.104769 0.005316
v 0.002995 -0.105832 0.007163
v 0.000001 -0.107181 0.009514
v -0.002995 -0.108856 0.004136
v 0.000000 -0.107012 0.003071
v 0.002995 -0.108856 0.004136
v 0.000000 -0.111204 0.005492
v -0.002995 -0.109965 0.000000
v 0.000000 -0.107835 -0.000000
v 0.002995 -0.109965 -0.000000
v 0.000000 -0.112676 -0.000000
v -0.002995 -0.108856 -0.004136
v -0.000000 -0.107012 -0.003071
v 0.002995 -0.108856 -0.004136
v -0.000000 -0.111204 -0.005492
v -0.002995 -0.105832 -0.007163
v -0.000000 -0.104769 -0.005316
v 0.002994 -0.105832 -0.007164
v -0.000001 -0.107181 -0.009514
v -0.002996 -0.101531 -0.008221
v -0.000000 -0.101264 -0.006170
v 0.002995 -0.101531 -0.008221
v -0.000001 -0.101886 -0.010971
v 0.065849 -0.000000 -0.000004
v 0.064280 -0.000000 0.008899
v 0.059760 -0.000000 0.016729
v 0.052835 -0.000000 0.022541
v 0.044339 -0.000000 0.025633
v 0.035299 -0.000000 0.025634
v 0.026803 -0.000000 0.022542
v 0.019877 -0.000000 0.016731
v 0.015356 -0.000000 0.008902
v 0.013786 -0.000000 -0.000001
v 0.015355 -0.000000 -0.008904
v 0.019875 -0.000000 -0.016734
v 0.026800 -0.000000 -0.022546
v 0.035295 -0.000000 -0.025638
v 0.044336 -0.000000 -0.025639
v 0.052832 -0.000000 -0.022547
v 0.059758 -0.000000 -0.016736
v 0.064278 -0.000000 -0.008907
v 0.046906 -0.017784 -0.000003
v 0.065849 -0.011905 -0.000004
v 0.063937 -0.014585 -0.000004
v 0.046478 -0.017784 0.002421
v 0.064280 -0.011906 0.008899
v 0.062483 -0.014585 0.008245
v 0.045248 -0.017784 0.004553
v 0.059760 -0.011906 0.016729
v 0.058295 -0.014585 0.015500
v 0.043362 -0.017784 0.006136
v 0.052835 -0.011906 0.022541
v 0.051878 -0.014585 0.020885
v 0.041049 -0.017784 0.006978
v 0.044339 -0.011906 0.025633
v 0.044007 -0.014585 0.023750
v 0.038587 -0.017784 0.006978
v 0.035299 -0.011906 0.025634
v 0.035631 -0.014585 0.023751
v 0.036274 -0.017784 0.006136
v 0.026803 -0.011906 0.022542
v 0.027759 -0.014585 0.020886
v 0.034388 -0.017784 0.004554
v 0.019877 -0.011906 0.016731
v 0.021342 -0.014585 0.015502
v 0.033157 -0.017784 0.002422
v 0.015356 -0.011906 0.008902
v 0.017153 -0.014585 0.008248
v 0.032729 -0.017784 -0.000002
v 0.013786 -0.011906 -0.000001
v 0.015698 -0.014585 -0.000001
v 0.033156 -0.017784 -0.002426
v 0.015355 -0.011906 -0.008904
v 0.017152 -0.014585 -0.008250
v 0.034387 -0.017784 -0.004558
v 0.019875 -0.011905 -0.016734
v 0.021340 -0.014585 -0.015505
v 0.036273 -0.017784 -0.006141
v 0.026800 -0.011905 -0.022546
v 0.027756 -0.014585 -0.020890
v 0.038586 -0.017784 -0.006983
v 0.035295 -0.011905 -0.025638
v 0.035628 -0.014585 -0.023755
v 0.041048 -0.017784 -0.006983
v 0.044336 -0.011905 -0.025639
v 0.044004 -0.014585 -0.023756
v 0.043361 -0.017784 -0.006141
v 0.052832 -0.011905 -0.022547
v 0.051876 -0.014585 -0.020891
v 0.045247 -0.017784 -0.004559
v 0.059758 -0.011905 -0.016736
v 0.058293 -0.014585 -0.015507
v 0.046478 -0.017784 -0.002427
v 0.064278 -0.011905 -0.008907
v 0.062482 -0.014585 -0.008253
v 0.059954 -0.016468 0.007325
v 0.061245 -0.016468 -0.000004
v 0.056233 -0.016468 0.013770
v 0.050533 -0.016468 0.018554
v 0.043540 -0.016468 0.021100
v 0.036098 -0.016468 0.021100
v 0.029105 -0.016468 0.018555
v 0.023404 -0.016468 0.013772
v 0.019682 -0.016468 0.007328
v 0.018389 -0.016468 -0.000001
v 0.019681 -0.016468 -0.007330
v 0.023402 -0.016468 -0.013775
v 0.029102 -0.016468 -0.018559
v 0.036095 -0.016468 -0.021105
v 0.043537 -0.016468 -0.021105
v 0.050530 -0.016468 -0.018560
v 0.056231 -0.016468 -0.013777
v 0.059953 -0.016468 -0.007333
v 0.046478 -0.010623 0.002421
v 0.046906 -0.010623 -0.000003
v 0.045248 -0.010623 0.004553
v 0.043362 -0.010623 0.006136
v 0.041049 -0.010623 0.006978
v 0.038587 -0.010623 0.006978
v 0.036274 -0.010623 0.006136
v 0.034388 -0.010623 0.004554
v 0.033157 -0.010623 0.002422
v 0.032729 -0.010623 -0.000002
v 0.033156 -0.010623 -0.002426
v 0.034387 -0.010623 -0.004558
v 0.036273 -0.010623 -0.006141
v 0.038586 -0.010623 -0.006983
v 0.041048 -0.010623 -0.006983
v 0.043361 -0.010623 -0.006141
v 0.045247 -0.010623 -0.004559
v 0.046478 -0.010623 -0.002427
v 0.064725 -0.674054 0.000223
v 0.064725 -0.669050 -0.004781
v 0.064725 -0.664046 0.000223
v 0.064725 -0.669050 0.005226
v 0.079968 -0.672043 -0.000184
v 0.078292 -0.667280 -0.005141
v 0.077157 -0.662439 -0.000106
v 0.078833 -0.667202 0.004851
v 0.092585 -0.666083 -0.001307
v 0.089237 -0.662118 -0.006118
v 0.086911 -0.657846 -0.000978
v 0.090258 -0.661811 0.003833
v 0.102411 -0.656522 -0.002953
v 0.097817 -0.653745 -0.007563
v 0.094546 -0.650372 -0.002271
v 0.099140 -0.653150 0.002339
v 0.109502 -0.643940 -0.004899
v 0.104230 -0.642319 -0.009332
v 0.100406 -0.639890 -0.003896
v 0.105679 -0.641511 0.000537
v 0.114197 -0.628774 -0.006958
v 0.108635 -0.628043 -0.011270
v 0.104550 -0.626414 -0.005726
v 0.110112 -0.627145 -0.001414
v 0.116859 -0.611270 -0.008975
v 0.111197 -0.611151 -0.013218
v 0.107010 -0.610152 -0.007602
v 0.112672 -0.610270 -0.003359
v 0.117785 -0.591601 -0.010809
v 0.112101 -0.591885 -0.015014
v 0.107887 -0.591381 -0.009352
v 0.113571 -0.591097 -0.005147
v 0.117219 -0.569945 -0.012312
v 0.111540 -0.570479 -0.016500
v 0.107335 -0.570377 -0.010810
v 0.113013 -0.569844 -0.006622
v 0.115380 -0.546492 -0.013334
v 0.109712 -0.547167 -0.017516
v 0.105531 -0.547404 -0.011812
v 0.111199 -0.546729 -0.007630
v 0.112475 -0.521443 -0.013724
v 0.106813 -0.522176 -0.017905
v 0.102666 -0.522711 -0.012196
v 0.108328 -0.521977 -0.008015
v 0.108706 -0.495010 -0.013327
v 0.103044 -0.495736 -0.017508
v 0.098935 -0.496539 -0.011804
v 0.104597 -0.495814 -0.007623
v 0.104276 -0.467416 -0.011990
v 0.098612 -0.468128 -0.016171
v 0.094532 -0.469118 -0.010474
v 0.100197 -0.468406 -0.006294
v 0.099072 -0.437122 -0.010133
v 0.093413 -0.437868 -0.014315
v 0.089342 -0.438905 -0.008621
v 0.095001 -0.438158 -0.004439
v 0.093024 -0.402924 -0.008304
v 0.087373 -0.403715 -0.012489
v 0.083296 -0.404723 -0.006794
v 0.088948 -0.403933 -0.002609
v 0.086397 -0.365563 -0.006545
v 0.080749 -0.366371 -0.010730
v 0.076666 -0.367342 -0.005033
v 0.082314 -0.366534 -0.000847
v 0.079458 -0.325790 -0.004895
v 0.073810 -0.326596 -0.009080
v 0.069719 -0.327519 -0.003381
v 0.075367 -0.326713 0.000805
v 0.072476 -0.284357 -0.003395
v 0.066824 -0.285144 -0.007580
v 0.062723 -0.286008 -0.001878
v 0.068375 -0.285221 0.002307
v 0.065718 -0.242020 -0.002086
v 0.060060 -0.242771 -0.006270
v 0.055948 -0.243563 -0.000566
v 0.061605 -0.242812 0.003617
v 0.059450 -0.199536 -0.001010
v 0.053785 -0.200233 -0.005192
v 0.049659 -0.200935 0.000513
v 0.055325 -0.200238 0.004696
v 0.053943 -0.157662 -0.000207
v 0.048267 -0.158284 -0.004388
v 0.044127 -0.158875 0.001320
v 0.049802 -0.158253 0.005501
v 0.049461 -0.117162 0.000282
v 0.043775 -0.117680 -0.003897
v 0.039619 -0.118127 0.001812
v 0.045305 -0.117609 0.005992
v 0.046273 -0.078801 0.000417
v 0.040575 -0.079177 -0.003762
v 0.036404 -0.079435 0.001948
v 0.042101 -0.079060 0.006127
v 0.044642 -0.043355 0.000159
v 0.038935 -0.043530 -0.004022
v 0.034753 -0.043531 0.001686
v 0.040459 -0.043356 0.005867
v 0.044826 -0.011593 -0.000532
v 0.039123 -0.011496 -0.004719
v 0.034944 -0.011154 0.000981
v 0.040648 -0.011250 0.005168
v -0.013895 -0.616064 -0.006165
v -0.013894 -0.616064 0.006166
v -0.004671 -0.587985 -0.006165
v -0.010580 -0.592761 -0.006165
v -0.008425 -0.589384 -0.006165
v -0.010579 -0.592761 0.006166
v -0.004670 -0.587985 0.006166
v -0.008424 -0.589384 0.006166
v 0.004670 -0.587985 -0.006166
v 0.010579 -0.592761 -0.006166
v 0.008424 -0.589384 -0.006166
v 0.010580 -0.592761 0.006165
v 0.004671 -0.587985 0.006165
v 0.008425 -0.589384 0.006165
v -0.013965 -0.604413 -0.006165
v -0.013964 -0.604413 0.006166
v 0.013398 -0.602463 -0.006167
v 0.013952 -0.606443 -0.006167
v 0.013953 -0.606443 0.006165
v 0.013399 -0.602463 0.006165
v -0.012057 -0.616053 -0.006165
v -0.012057 -0.616053 0.006166
v -0.004345 -0.589793 -0.006165
v -0.008906 -0.593520 -0.006165
v -0.007270 -0.590813 -0.006165
v -0.008905 -0.593520 0.006166
v -0.004344 -0.589793 0.006166
v -0.007269 -0.590813 0.006166
v 0.004344 -0.589793 -0.006166
v 0.008905 -0.593520 -0.006166
v 0.007269 -0.590813 -0.006166
v 0.008906 -0.593520 0.006165
v 0.004345 -0.589793 0.006165
v 0.007270 -0.590813 0.006165
v -0.012145 -0.604666 -0.006165
v -0.012144 -0.604666 0.006166
v 0.011601 -0.602847 -0.006166
v 0.012118 -0.606564 -0.006166
v 0.012119 -0.606564 0.006165
v 0.011602 -0.602847 0.006165
v 0.013894 -0.616064 -0.003717
v 0.013909 -0.613615 -0.006167
v 0.013899 -0.615346 -0.005449
v 0.013910 -0.613615 0.006165
v 0.013895 -0.616064 0.003715
v 0.013899 -0.615346 0.005447
v 0.012073 -0.613604 -0.006166
v 0.012057 -0.616053 -0.003717
v 0.012061 -0.615335 -0.005449
v 0.012057 -0.616053 0.003716
v 0.012073 -0.613604 0.006165
v 0.012062 -0.615335 0.005447
v 0.039559 -1.061161 -0.000000
v 0.044717 -1.078274 -0.000000
v 0.041313 -1.095386 -0.000000
v 0.017112 -1.119587 -0.000000
v 0.036548 -1.061161 0.015139
v 0.041313 -1.078274 0.017112
v 0.038168 -1.095386 0.015810
v 0.029213 -1.109893 0.012100
v 0.015810 -1.119587 0.006549
v 0.027972 -1.061161 0.027972
v 0.031620 -1.078274 0.031620
v 0.029213 -1.095386 0.029213
v 0.022359 -1.109893 0.022359
v 0.012100 -1.119587 0.012100
v 0.015139 -1.061161 0.036548
v 0.017112 -1.078274 0.041313
v 0.015810 -1.095386 0.038168
v 0.012100 -1.109893 0.029213
v 0.006549 -1.119587 0.015810
v 0.000000 -1.061161 0.039559
v 0.000000 -1.078274 0.044717
v 0.000000 -1.095386 0.041313
v 0.000000 -1.109893 0.031620
v 0.000000 -1.119587 0.017112
v -0.015139 -1.061161 0.036548
v -0.017112 -1.078274 0.041313
v -0.015810 -1.095386 0.038168
v -0.012100 -1.109893 0.029213
v -0.006549 -1.119587 0.015810
v -0.027972 -1.061161 0.027972
v -0.031620 -1.078274 0.031620
v -0.029213 -1.095386 0.029213
v -0.022359 -1.109893 0.022359
v -0.012100 -1.119587 0.012100
v -0.036548 -1.061161 0.015139
v -0.041313 -1.078274 0.017112
v -0.038168 -1.095386 0.015810
v -0.029213 -1.109893 0.012100
v -0.015810 -1.119587 0.006549
v -0.039559 -1.061161 -0.000000
v -0.044717 -1.078274 -0.000000
v -0.041313 -1.095386 -0.000000
v -0.031620 -1.109893 -0.000000
v -0.017112 -1.119587 -0.000000
v 0.000000 -1.122991 -0.000000
v -0.036548 -1.061161 -0.015139
v -0.041313 -1.078274 -0.017113
v -0.038168 -1.095386 -0.015810
v -0.029213 -1.109893 -0.012100
v -0.015810 -1.119587 -0.006549
v -0.027972 -1.061161 -0.027972
v -0.031620 -1.078274 -0.031620
v -0.029213 -1.095386 -0.029213
v -0.022359 -1.109893 -0.022359
v -0.012100 -1.119587 -0.012100
v -0.015139 -1.061161 -0.036548
v -0.017112 -1.078274 -0.041313
v -0.015810 -1.095386 -0.038168
v -0.012100 -1.109893 -0.029213
v -0.006549 -1.119587 -0.015810
v 0.000000 -1.061161 -0.039559
v 0.000000 -1.078274 -0.044717
v 0.000000 -1.095386 -0.041313
v 0.000000 -1.109893 -0.031620
v 0.000000 -1.119587 -0.017112
v 0.015139 -1.061161 -0.036548
v 0.017113 -1.078274 -0.041313
v 0.015810 -1.095386 -0.038168
v 0.012100 -1.109893 -0.029213
v 0.006549 -1.119587 -0.015810
v 0.027972 -1.061161 -0.027972
v 0.031620 -1.078274 -0.031620
v 0.029213 -1.095386 -0.029213
v 0.022359 -1.109893 -0.022359
v 0.012100 -1.119587 -0.012100
v 0.036548 -1.061161 -0.015139
v 0.041313 -1.078274 -0.017112
v 0.038168 -1.095386 -0.015810
v 0.029213 -1.109893 -0.012100
v 0.015810 -1.119587 -0.006549
v 0.031620 -1.109893 0.000000
v 0.012539 -0.995264 0.005194
v 0.023169 -1.004958 0.009597
v 0.009597 -0.995264 0.009597
v 0.017733 -1.004958 0.017733
v 0.005194 -0.995264 0.012539
v 0.009597 -1.004958 0.023169
v 0.000000 -0.995264 0.013572
v 0.000000 -1.004958 0.025078
v -0.005194 -0.995264 0.012539
v -0.009597 -1.004958 0.023169
v -0.009597 -0.995264 0.009597
v -0.017733 -1.004958 0.017733
v -0.012539 -0.995264 0.005194
v -0.023169 -1.004958 0.009597
v -0.013572 -0.995264 -0.000000
v -0.025078 -1.004958 -0.000000
v -0.012539 -0.995264 -0.005194
v -0.023169 -1.004958 -0.009597
v -0.009597 -0.995264 -0.009597
v -0.017733 -1.004958 -0.017733
v -0.005194 -0.995264 -0.012539
v -0.009597 -1.004958 -0.023169
v 0.000000 -0.995264 -0.013572
v 0.000000 -1.004958 -0.025078
v 0.005194 -0.995264 -0.012539
v 0.009597 -1.004958 -0.023169
v 0.009597 -0.995264 -0.009597
v 0.017733 -1.004958 -0.017733
v 0.012539 -0.995264 -0.005194
v 0.023169 -1.004958 -0.009597
v 0.013572 -0.995264 0.000000
v 0.025078 -1.004958 0.000000
v 0.029172 -1.049146 0.012084
v 0.023169 -1.021618 0.009597
v 0.024262 -1.035570 0.010050
v 0.017733 -1.021618 0.017733
v 0.022328 -1.049146 0.022328
v 0.018570 -1.035570 0.018570
v 0.009597 -1.021618 0.023169
v 0.012084 -1.049146 0.029172
v 0.010050 -1.035570 0.024262
v 0.000000 -1.021618 0.025078
v 0.000000 -1.049146 0.031576
v 0.000000 -1.035570 0.026261
v -0.009597 -1.021618 0.023169
v -0.012084 -1.049146 0.029172
v -0.010050 -1.035570 0.024262
v -0.017733 -1.021618 0.017733
v -0.022328 -1.049146 0.022328
v -0.018570 -1.035570 0.018570
v -0.023169 -1.021618 0.009597
v -0.029172 -1.049146 0.012084
v -0.024262 -1.035570 0.010050
v -0.025078 -1.021618 -0.000000
v -0.031576 -1.049146 -0.000000
v -0.026261 -1.035570 -0.000000
v -0.023169 -1.021618 -0.009597
v -0.029172 -1.049146 -0.012084
v -0.024262 -1.035570 -0.010050
v -0.017733 -1.021618 -0.017733
v -0.022328 -1.049146 -0.022328
v -0.018570 -1.035570 -0.018570
v -0.009597 -1.021618 -0.023169
v -0.012084 -1.049146 -0.029172
v -0.010050 -1.035570 -0.024262
v 0.000000 -1.021618 -0.025078
v 0.000000 -1.049146 -0.031576
v 0.000000 -1.035570 -0.026261
v 0.009597 -1.021618 -0.023169
v 0.012084 -1.049146 -0.029172
v 0.010050 -1.035570 -0.024262
v 0.017733 -1.021618 -0.017733
v 0.022328 -1.049146 -0.022328
v 0.018570 -1.035570 -0.018570
v 0.023169 -1.021618 -0.009597
v 0.029172 -1.049146 -0.012084
v 0.024262 -1.035570 -0.010050
v 0.025078 -1.021618 0.000000
v 0.031576 -1.049146 0.000000
v 0.026261 -1.035570 0.000000
v 0.249946 -1.162112 -0.000000
v 0.241429 -1.162112 0.064691
v 0.216460 -1.162112 0.124973
v 0.176738 -1.162112 0.176738
v 0.124973 -1.162112 0.216460
v 0.064691 -1.162112 0.241429
v 0.000000 -1.162112 0.249946
v -0.064691 -1.162112 0.241429
v -0.124973 -1.162112 0.216460
v -0.176738 -1.162112 0.176738
v -0.216460 -1.162112 0.124973
v -0.241429 -1.162112 0.064691
v -0.249946 -1.162112 -0.000000
v -0.241429 -1.162112 -0.064691
v -0.216460 -1.162112 -0.124973
v -0.176738 -1.162112 -0.176738
v -0.124973 -1.162112 -0.216460
v -0.064691 -1.162112 -0.241429
v 0.000000 -1.162112 -0.249946
v 0.064691 -1.162112 -0.241429
v 0.124973 -1.162112 -0.216460
v 0.176738 -1.162112 -0.176738
v 0.216460 -1.162112 -0.124973
v 0.241429 -1.162112 -0.064691
v 0.141322 -1.037169 -0.000000
v 0.136507 -1.037169 0.036577
v 0.122388 -1.037169 0.070661
v 0.099930 -1.037169 0.099930
v 0.070661 -1.037169 0.122388
v 0.036577 -1.037169 0.136507
v 0.000000 -1.037169 0.141322
v -0.036577 -1.037169 0.136507
v -0.070661 -1.037169 0.122388
v -0.099930 -1.037169 0.099930
v -0.122388 -1.037169 0.070661
v -0.136507 -1.037169 0.036577
v -0.141322 -1.037169 -0.000000
v -0.136507 -1.037169 -0.036577
v -0.122388 -1.037169 -0.070661
v -0.099930 -1.037169 -0.099930
v -0.070661 -1.037169 -0.122389
v -0.036577 -1.037169 -0.136507
v 0.000000 -1.037169 -0.141322
v 0.036577 -1.037169 -0.136507
v 0.070661 -1.037169 -0.122389
v 0.099930 -1.037169 -0.099930
v 0.122388 -1.037169 -0.070661
v 0.136507 -1.037169 -0.036577
v 0.205962 -1.248589 -0.000000
v 0.198944 -1.248589 0.053307
v 0.178368 -1.248589 0.102981
v 0.145637 -1.248589 0.145637
v 0.102981 -1.248589 0.178368
v 0.053307 -1.248589 0.198944
v 0.000000 -1.248589 0.205962
v -0.053307 -1.248589 0.198944
v -0.102981 -1.248589 0.178368
v -0.145637 -1.248589 0.145637
v -0.178368 -1.248589 0.102981
v -0.198944 -1.248589 0.053307
v -0.205962 -1.248589 0.000000
v -0.198944 -1.248589 -0.053307
v -0.178368 -1.248589 -0.102981
v -0.145637 -1.248589 -0.145637
v -0.102981 -1.248589 -0.178368
v -0.053307 -1.248589 -0.198944
v 0.000000 -1.248589 -0.205962
v 0.053307 -1.248589 -0.198944
v 0.102981 -1.248589 -0.178368
v 0.145637 -1.248589 -0.145637
v 0.178368 -1.248589 -0.102981
v 0.198944 -1.248589 -0.053307
v 0.216473 -1.168780 0.124980
v 0.210111 -1.176525 0.121308
v 0.210029 -1.183408 0.121260
v 0.203762 -1.190938 0.117642
v 0.203586 -1.198037 0.117540
v 0.197414 -1.205351 0.113977
v 0.197142 -1.212665 0.113820
v 0.191065 -1.219764 0.110311
v 0.190699 -1.227293 0.110100
v 0.184717 -1.234176 0.106646
v 0.184255 -1.241921 0.106380
v 0.150444 -1.241921 0.150444
v 0.150820 -1.234176 0.150820
v 0.155705 -1.227293 0.155705
v 0.156004 -1.219764 0.156004
v 0.160966 -1.212665 0.160966
v 0.161188 -1.205351 0.161188
v 0.166227 -1.198037 0.166227
v 0.166371 -1.190938 0.166371
v 0.171488 -1.183408 0.171488
v 0.171555 -1.176525 0.171555
v 0.176749 -1.168780 0.176749
v -0.064695 -1.168780 -0.241444
v -0.062793 -1.176525 -0.234348
v -0.062769 -1.183408 -0.234257
v -0.060896 -1.190938 -0.227267
v -0.060843 -1.198037 -0.227070
v -0.058999 -1.205351 -0.220186
v -0.058918 -1.212665 -0.219883
v -0.057101 -1.219764 -0.213105
v -0.056992 -1.227293 -0.212697
v -0.055204 -1.234176 -0.206025
v -0.055066 -1.241921 -0.205510
v 0.000000 -1.241921 -0.212760
v 0.000000 -1.234176 -0.213292
v 0.000000 -1.227293 -0.220200
v 0.000000 -1.219764 -0.220623
v 0.000000 -1.212665 -0.227640
v 0.000000 -1.205351 -0.227954
v 0.000000 -1.198037 -0.235080
v 0.000000 -1.190938 -0.235285
v 0.000000 -1.183408 -0.242521
v 0.000000 -1.176525 -0.242615
v 0.000000 -1.168780 -0.249961
v -0.216473 -1.168780 0.124980
v -0.210111 -1.176525 0.121308
v -0.210029 -1.183408 0.121260
v -0.203762 -1.190938 0.117642
v -0.203586 -1.198037 0.117540
v -0.197414 -1.205351 0.113977
v -0.197142 -1.212665 0.113820
v -0.191065 -1.219764 0.110311
v -0.190699 -1.227293 0.110100
v -0.184717 -1.234176 0.106646
v -0.184255 -1.241921 0.106380
v -0.205510 -1.241921 0.055066
v -0.206025 -1.234176 0.055204
v -0.212697 -1.227293 0.056992
v -0.213105 -1.219764 0.057101
v -0.219883 -1.212665 0.058918
v -0.220186 -1.205351 0.058999
v -0.227070 -1.198037 0.060843
v -0.227267 -1.190938 0.060896
v -0.234257 -1.183408 0.062769
v -0.234348 -1.176525 0.062793
v -0.241444 -1.168780 0.064695
v 0.106380 -1.241921 0.184255
v 0.106646 -1.234176 0.184717
v 0.110100 -1.227293 0.190699
v 0.110312 -1.219764 0.191065
v 0.113820 -1.212665 0.197142
v 0.113977 -1.205351 0.197414
v 0.117540 -1.198037 0.203586
v 0.117642 -1.190938 0.203762
v 0.121260 -1.183408 0.210029
v 0.121308 -1.176525 0.210111
v 0.124980 -1.168780 0.216473
v 0.055066 -1.241921 -0.205510
v 0.055204 -1.234176 -0.206025
v 0.056992 -1.227293 -0.212697
v 0.057101 -1.219764 -0.213105
v 0.058918 -1.212665 -0.219883
v 0.058999 -1.205351 -0.220186
v 0.060843 -1.198037 -0.227070
v 0.060896 -1.190938 -0.227267
v 0.062769 -1.183408 -0.234257
v 0.062793 -1.176525 -0.234348
v 0.064695 -1.168780 -0.241444
v -0.212760 -1.241921 0.000000
v -0.213292 -1.234176 0.000000
v -0.220200 -1.227293 -0.000000
v -0.220623 -1.219764 -0.000000
v -0.227640 -1.212665 -0.000000
v -0.227954 -1.205351 -0.000000
v -0.235080 -1.198037 -0.000000
v -0.235285 -1.190938 -0.000000
v -0.242521 -1.183408 -0.000000
v -0.242615 -1.176525 -0.000000
v -0.249961 -1.168780 -0.000000
v 0.055066 -1.241921 0.205510
v 0.055204 -1.234176 0.206025
v 0.056992 -1.227293 0.212697
v 0.057101 -1.219764 0.213105
v 0.058918 -1.212665 0.219883
v 0.058999 -1.205351 0.220186
v 0.060843 -1.198037 0.227070
v 0.060896 -1.190938 0.227267
v 0.062769 -1.183408 0.234257
v 0.062793 -1.176525 0.234348
v 0.064695 -1.168780 0.241444
v 0.106380 -1.241921 -0.184255
v 0.106646 -1.234176 -0.184717
v 0.110100 -1.227293 -0.190699
v 0.110311 -1.219764 -0.191065
v 0.113820 -1.212665 -0.197142
v 0.113977 -1.205351 -0.197414
v 0.117540 -1.198037 -0.203586
v 0.117642 -1.190938 -0.203762
v 0.121260 -1.183408 -0.210029
v 0.121308 -1.176525 -0.210111
v 0.124980 -1.168780 -0.216473
v -0.205510 -1.241921 -0.055066
v -0.206025 -1.234176 -0.055204
v -0.212697 -1.227293 -0.056992
v -0.213105 -1.219764 -0.057101
v -0.219883 -1.212665 -0.058918
v -0.220186 -1.205351 -0.058999
v -0.227070 -1.198037 -0.060843
v -0.227267 -1.190938 -0.060896
v -0.234257 -1.183408 -0.062769
v -0.234348 -1.176525 -0.062793
v -0.241444 -1.168780 -0.064695
v 0.000000 -1.241921 0.212760
v 0.000000 -1.234176 0.213292
v 0.000000 -1.227293 0.220200
v 0.000000 -1.219764 0.220623
v 0.000000 -1.212665 0.227640
v 0.000000 -1.205351 0.227954
v 0.000000 -1.198037 0.235080
v 0.000000 -1.190938 0.235285
v 0.000000 -1.183408 0.242521
v 0.000000 -1.176525 0.242615
v 0.000000 -1.168780 0.249961
v 0.150444 -1.241921 -0.150444
v 0.150820 -1.234176 -0.150820
v 0.155705 -1.227293 -0.155705
v 0.156004 -1.219764 -0.156004
v 0.160966 -1.212665 -0.160966
v 0.161188 -1.205351 -0.161188
v 0.166227 -1.198037 -0.166227
v 0.166371 -1.190938 -0.166371
v 0.171488 -1.183408 -0.171488
v 0.171555 -1.176525 -0.171555
v 0.176749 -1.168780 -0.176749
v -0.184255 -1.241921 -0.106380
v -0.184717 -1.234176 -0.106646
v -0.190699 -1.227293 -0.110100
v -0.191065 -1.219764 -0.110312
v -0.197142 -1.212665 -0.113820
v -0.197414 -1.205351 -0.113977
v -0.203586 -1.198037 -0.117540
v -0.203762 -1.190938 -0.117642
v -0.210029 -1.183408 -0.121260
v -0.210111 -1.176525 -0.121308
v -0.216473 -1.168780 -0.124980
v -0.055066 -1.241921 0.205510
v -0.055204 -1.234176 0.206025
v -0.056992 -1.227293 0.212697
v -0.057101 -1.219764 0.213105
v -0.058918 -1.212665 0.219883
v -0.058999 -1.205351 0.220186
v -0.060843 -1.198037 0.227070
v -0.060896 -1.190938 0.227267
v -0.062769 -1.183408 0.234257
v -0.062793 -1.176525 0.234348
v -0.064695 -1.168780 0.241444
v 0.184255 -1.241921 -0.106380
v 0.184717 -1.234176 -0.106646
v 0.190699 -1.227293 -0.110100
v 0.191065 -1.219764 -0.110312
v 0.197142 -1.212665 -0.113820
v 0.197414 -1.205351 -0.113977
v 0.203586 -1.198037 -0.117540
v 0.203762 -1.190938 -0.117642
v 0.210029 -1.183408 -0.121260
v 0.210111 -1.176525 -0.121308
v 0.216473 -1.168780 -0.124980
v -0.150444 -1.241921 -0.150444
v -0.150820 -1.234176 -0.150820
v -0.155705 -1.227293 -0.155705
v -0.156004 -1.219764 -0.156004
v -0.160966 -1.212665 -0.160966
v -0.161188 -1.205351 -0.161188
v -0.166227 -1.198037 -0.166227
v -0.166371 -1.190938 -0.166371
v -0.171488 -1.183408 -0.171488
v -0.171555 -1.176525 -0.171555
v -0.176749 -1.168780 -0.176749
v -0.106380 -1.241921 0.184255
v -0.106646 -1.234176 0.184717
v -0.110100 -1.227293 0.190699
v -0.110311 -1.219764 0.191065
v -0.113820 -1.212665 0.197142
v -0.113977 -1.205351 0.197414
v -0.117540 -1.198037 0.203586
v -0.117642 -1.190938 0.203762
v -0.121260 -1.183408 0.210029
v -0.121308 -1.176525 0.210111
v -0.124980 -1.168780 0.216473
v 0.205510 -1.241921 -0.055066
v 0.206025 -1.234176 -0.055204
v 0.212697 -1.227293 -0.056992
v 0.213105 -1.219764 -0.057101
v 0.219883 -1.212665 -0.058918
v 0.220186 -1.205351 -0.058999
v 0.227070 -1.198037 -0.060843
v 0.227267 -1.190938 -0.060896
v 0.234257 -1.183408 -0.062769
v 0.234348 -1.176525 -0.062793
v 0.241444 -1.168780 -0.064695
v 0.249961 -1.168780 -0.000000
v 0.242615 -1.176525 -0.000000
v 0.242521 -1.183408 -0.000000
v 0.235284 -1.190938 -0.000000
v 0.235080 -1.198037 -0.000000
v 0.227954 -1.205351 -0.000000
v 0.227640 -1.212665 -0.000000
v 0.220623 -1.219764 -0.000000
v 0.220200 -1.227293 -0.000000
v 0.213292 -1.234176 -0.000000
v 0.212760 -1.241921 -0.000000
v 0.205510 -1.241921 0.055066
v 0.206025 -1.234176 0.055204
v 0.212697 -1.227293 0.056992
v 0.213105 -1.219764 0.057101
v 0.219883 -1.212665 0.058918
v 0.220186 -1.205351 0.058999
v 0.227070 -1.198037 0.060843
v 0.227267 -1.190938 0.060896
v 0.234257 -1.183408 0.062769
v 0.234348 -1.176525 0.062793
v 0.241444 -1.168780 0.064695
v -0.106380 -1.241921 -0.184255
v -0.106646 -1.234176 -0.184717
v -0.110100 -1.227293 -0.190699
v -0.110312 -1.219764 -0.191065
v -0.113820 -1.212665 -0.197142
v -0.113977 -1.205351 -0.197414
v -0.117540 -1.198037 -0.203586
v -0.117642 -1.190938 -0.203762
v -0.121260 -1.183408 -0.210029
v -0.121308 -1.176525 -0.210111
v -0.124980 -1.168780 -0.216473
v -0.150444 -1.241921 0.150444
v -0.150820 -1.234176 0.150820
v -0.155705 -1.227293 0.155705
v -0.156004 -1.219764 0.156004
v -0.160966 -1.212665 0.160966
v -0.161188 -1.205351 0.161188
v -0.166227 -1.198037 0.166227
v -0.166371 -1.190938 0.166371
v -0.171488 -1.183408 0.171488
v -0.171555 -1.176525 0.171555
v -0.176749 -1.168780 0.176749
v 0.129706 -1.270478 0.126125
v 0.146506 -1.283667 0.065287
v 0.152236 -1.287974 -0.000000
v 0.146506 -1.283667 -0.065287
v 0.129706 -1.270478 -0.126125
v 0.068211 -1.285848 0.140674
v 0.077580 -1.308264 0.072818
v 0.080775 -1.317396 -0.000000
v 0.077580 -1.308264 -0.072818
v 0.068211 -1.285848 -0.140674
v -0.000000 -1.291253 0.145637
v 0.000000 -1.319098 0.075387
v 0.000000 -1.329031 -0.000000
v -0.000000 -1.319098 -0.075387
v 0.000000 -1.291253 -0.145637
v -0.068211 -1.285848 0.140674
v -0.077580 -1.308264 0.072818
v -0.080775 -1.317396 -0.000000
v -0.077580 -1.308264 -0.072818
v -0.068211 -1.285848 -0.140674
v -0.129706 -1.270478 0.126125
v -0.146506 -1.283667 0.065287
v -0.152236 -1.287974 -0.000000
v -0.146506 -1.283667 -0.065287
v -0.129706 -1.270478 -0.126125
vn 0.9659 -0.0000 0.2588
vn 0.8661 -0.0000 0.4999
vn -0.0000 1.0000 -0.0000
vn -0.0001 -0.0000 -1.0000
vn -0.2589 -0.0000 -0.9659
vn -0.5001 -0.0000 -0.8660
vn -0.7072 -0.0000 -0.7071
vn 0.8660 -0.0000 -0.5001
vn 0.7071 -0.0000 -0.7071
vn -0.9659 -0.0000 -0.2588
vn -1.0000 -0.0000 0.0001
vn -0.0000 -1.0000 -0.0000
vn 0.7303 -0.6546 0.1956
vn 0.7560 -0.6546 -0.0000
vn -0.0000 -0.6546 0.7560
vn 0.1957 -0.6546 0.7302
vn 0.1736 0.7418 0.6477
vn 0.3353 0.7418 0.5807
vn -0.7302 -0.6546 0.1957
vn -0.6547 -0.6546 0.3780
vn 0.3780 -0.6546 0.6547
vn 0.5346 -0.6546 0.5345
vn 0.2994 -0.8008 -0.5187
vn 0.4235 -0.8008 -0.4235
vn 0.9659 -0.0000 -0.2589
vn 0.5001 -0.0000 0.8660
vn 0.2589 -0.0000 0.9659
vn -0.7071 -0.0000 0.7072
vn -0.8660 -0.0000 0.5001
vn 0.4999 -0.0000 -0.8661
vn 0.2588 -0.0000 -0.9659
vn 0.7072 -0.0000 0.7071
vn -0.2588 -0.0000 0.9659
vn -0.4999 -0.0000 0.8661
vn 1.0000 -0.0000 -0.0001
vn 0.1735 0.7418 -0.6477
vn 0.3352 0.7418 -0.5808
vn 0.0001 -0.0000 1.0000
vn -0.9659 -0.0000 0.2589
vn -0.8661 -0.0000 -0.4999
vn 0.2995 -0.8008 0.5187
vn 0.4235 -0.8008 0.4235
vn 0.7071 -0.0000 -0.7072
vn 0.6547 -0.6546 0.3780
vn -0.3780 -0.6546 0.6547
vn -0.1956 -0.6546 0.7303
vn -0.5345 -0.6546 0.5346
vn 0.6801 0.7101 -0.1823
vn 0.7041 0.7101 -0.0000
vn -0.0000 0.7418 0.6706
vn 0.4978 0.7101 -0.4979
vn 0.6097 0.7101 -0.3521
vn -0.1735 0.7418 0.6477
vn 0.1822 0.7101 -0.6801
vn 0.3520 0.7101 -0.6098
vn -0.3353 0.7418 0.5808
vn 0.6477 0.7418 0.1735
vn 0.6706 0.7418 -0.0000
vn -0.1823 0.7101 -0.6801
vn -0.0000 0.7101 -0.7041
vn -0.4741 0.7418 0.4742
vn 0.5808 0.7418 0.3353
vn -0.4979 0.7101 -0.4978
vn -0.3521 0.7101 -0.6097
vn -0.5807 0.7418 0.3353
vn 0.4742 0.7418 0.4741
vn -0.6801 0.7101 -0.1822
vn -0.6098 0.7101 -0.3520
vn -0.6477 0.7418 0.1736
vn -0.6706 0.7418 -0.0000
vn -0.8208 -0.5272 -0.2199
vn -0.8498 -0.5272 0.0001
vn -0.7359 -0.5272 -0.4248
vn -0.6009 -0.5272 -0.6008
vn -0.4249 -0.5272 -0.7359
vn -0.2200 -0.5272 -0.8208
vn -0.0001 -0.5272 -0.8498
vn 0.2199 -0.5272 -0.8208
vn 0.4248 -0.5272 -0.7359
vn 0.6008 -0.5272 -0.6009
vn 0.7359 -0.5272 -0.4249
vn 0.8208 -0.5272 -0.2200
vn 0.8498 -0.5272 -0.0001
vn 0.0239 -0.9997 0.0064
vn 0.0247 -0.9997 -0.0000
vn 0.0214 -0.9997 0.0124
vn 0.0175 -0.9997 0.0175
vn 0.0124 -0.9997 0.0214
vn 0.0064 -0.9997 0.0239
vn -0.0000 -0.9997 0.0247
vn -0.0064 -0.9997 0.0239
vn -0.0124 -0.9997 0.0214
vn -0.0175 -0.9997 0.0175
vn -0.0214 -0.9997 0.0124
vn -0.0239 -0.9997 0.0064
vn -0.0247 -0.9997 -0.0000
vn -0.4705 -0.7465 -0.4704
vn -0.3327 -0.7465 -0.5762
vn 0.4249 -0.5272 0.7359
vn 0.2200 -0.5272 0.8208
vn -0.5785 -0.8008 -0.1550
vn -0.5187 -0.8008 -0.2994
vn -0.5808 0.7418 -0.3353
vn -0.4742 0.7418 -0.4741
vn 0.5187 -0.8008 -0.2995
vn -0.4235 -0.8008 -0.4235
vn -0.6477 0.7418 -0.1735
vn 0.5785 -0.8008 -0.1551
vn -0.2995 -0.8008 -0.5187
vn 0.5989 -0.8008 -0.0000
vn -0.1550 -0.8008 -0.5785
vn -0.7359 -0.5272 0.4249
vn -0.8208 -0.5272 0.2200
vn -0.0000 -0.8008 -0.5989
vn -0.4248 -0.5272 0.7359
vn -0.6008 -0.5272 0.6009
vn -0.0000 0.7418 -0.6706
vn 0.1550 -0.8008 -0.5785
vn 0.0001 -0.5272 0.8498
vn -0.2199 -0.5272 0.8208
vn -0.3353 0.7418 -0.5807
vn -0.1736 0.7418 -0.6477
vn 0.7359 -0.5272 0.4248
vn 0.6009 -0.5272 0.6008
vn -0.5989 -0.8008 -0.0000
vn 0.0184 -0.9998 0.0049
vn 0.0191 -0.9998 -0.0000
vn 0.0165 -0.9998 0.0095
vn 0.0135 -0.9998 0.0135
vn 0.0095 -0.9998 0.0165
vn 0.0049 -0.9998 0.0184
vn -0.0000 -0.9998 0.0191
vn -0.0049 -0.9998 0.0184
vn -0.0095 -0.9998 0.0165
vn -0.0135 -0.9998 0.0135
vn -0.0165 -0.9998 0.0095
vn -0.0184 -0.9998 0.0049
vn -0.0191 -0.9998 -0.0000
vn 0.6477 0.7418 -0.1736
vn 0.5807 0.7418 -0.3353
vn 0.4741 0.7418 -0.4742
vn 0.8208 -0.5272 0.2199
vn -0.6654 -0.7465 -0.0000
vn -0.6427 -0.7465 0.1722
vn -0.0239 -0.9997 -0.0064
vn 0.6427 -0.7465 -0.1722
vn 0.6653 -0.7465 -0.0000
vn -0.1722 -0.7465 -0.6427
vn -0.5785 -0.8008 0.1551
vn -0.5187 -0.8008 0.2995
vn -0.0000 -0.7465 -0.6654
vn -0.4235 -0.8008 0.4235
vn 0.0214 -0.9997 -0.0124
vn 0.0239 -0.9997 -0.0064
vn 0.1722 -0.7465 -0.6427
vn -0.2994 -0.8008 0.5187
vn 0.0124 -0.9997 -0.0214
vn 0.0175 -0.9997 -0.0175
vn 0.3326 -0.7465 -0.5762
vn -0.0000 -0.8008 0.5989
vn 0.1551 -0.8008 0.5785
vn 0.1550 -0.8008 0.5785
vn -0.6427 -0.7465 -0.1722
vn -0.0000 -0.9997 -0.0247
vn 0.0064 -0.9997 -0.0239
vn 0.4704 -0.7465 -0.4705
vn -0.1550 -0.8008 0.5785
vn -0.5762 -0.7465 -0.3326
vn -0.0124 -0.9997 -0.0214
vn -0.0064 -0.9997 -0.0239
vn 0.5762 -0.7465 -0.3327
vn -0.0214 -0.9997 -0.0124
vn -0.0175 -0.9997 -0.0175
vn -0.4704 -0.7465 0.4705
vn -0.3326 -0.7465 0.5762
vn 0.5187 -0.8008 0.2994
vn 0.5785 -0.8008 0.1550
vn 0.0095 -0.9998 -0.0165
vn 0.0135 -0.9998 -0.0135
vn -0.5762 -0.7465 0.3327
vn -0.0000 -0.9998 -0.0191
vn 0.0049 -0.9998 -0.0184
vn -0.0095 -0.9998 -0.0165
vn -0.0049 -0.9998 -0.0184
vn -0.0165 -0.9998 -0.0095
vn -0.0135 -0.9998 -0.0135
vn -0.0184 -0.9998 -0.0049
vn -0.1722 -0.7465 0.6427
vn -0.0000 -0.7465 0.6654
vn 0.1722 -0.7465 0.6427
vn 0.0165 -0.9998 -0.0095
vn 0.0184 -0.9998 -0.0049
vn 0.6427 -0.7465 0.1722
vn 0.3327 -0.7465 0.5762
vn 0.4705 -0.7465 0.4704
vn 0.5762 -0.7465 0.3326
vn 0.1763 0.7321 0.6580
vn -0.0000 0.7321 0.6812
vn -0.1763 0.7321 0.6580
vn -0.3406 0.7321 0.5900
vn 0.6812 0.7321 -0.0000
vn 0.6580 0.7321 0.1763
vn -0.4816 0.7321 0.4817
vn 0.5900 0.7321 0.3406
vn -0.5899 0.7321 0.3406
vn 0.4817 0.7321 0.4816
vn -0.6580 0.7321 0.1763
vn 0.3406 0.7321 0.5899
vn -0.6812 0.7321 -0.0000
vn -0.5043 0.7010 0.5043
vn -0.6176 0.7010 0.3566
vn 0.6177 0.7010 0.3566
vn 0.5043 0.7010 0.5043
vn -0.6889 0.7010 0.1846
vn 0.3566 0.7010 0.6176
vn -0.7132 0.7010 -0.0000
vn 0.1846 0.7010 0.6889
vn -0.0000 0.7010 0.7132
vn -0.1845 0.7010 0.6889
vn -0.3566 0.7010 0.6177
vn 0.7132 0.7010 -0.0000
vn 0.6889 0.7010 0.1845
vn -0.6934 -0.1959 0.6934
vn -0.8492 -0.1959 0.4904
vn 0.4816 0.7321 -0.4817
vn 0.3406 0.7321 -0.5900
vn -0.1763 0.7321 -0.6580
vn -0.3406 0.7321 -0.5899
vn -0.6580 0.7321 -0.1763
vn 0.6580 0.7321 -0.1763
vn 0.1763 0.7321 -0.6580
vn -0.4817 0.7321 -0.4816
vn 0.5899 0.7321 -0.3406
vn -0.5900 0.7321 -0.3406
vn -0.0000 0.7321 -0.6812
vn -0.9472 -0.1959 -0.2537
vn -0.9806 -0.1959 0.0001
vn -0.8493 -0.1959 -0.4903
vn -0.6934 -0.1959 -0.6934
vn -0.4904 -0.1959 -0.8492
vn -0.2539 -0.1959 -0.9472
vn -0.0001 -0.1959 -0.9806
vn 0.2537 -0.1959 -0.9472
vn 0.4903 -0.1959 -0.8493
vn 0.6934 -0.1959 -0.6934
vn 0.8492 -0.1959 -0.4904
vn 0.9472 -0.1959 -0.2539
vn 0.9806 -0.1959 -0.0001
vn -0.5043 0.7010 -0.5043
vn -0.6177 0.7010 -0.3566
vn -0.6889 0.7010 -0.1845
vn 0.1845 0.7010 -0.6889
vn -0.0000 0.7010 -0.7132
vn -0.3566 0.7010 -0.6176
vn -0.1846 0.7010 -0.6889
vn 0.6176 0.7010 -0.3566
vn 0.5043 0.7010 -0.5043
vn 0.3566 0.7010 -0.6177
vn 0.6889 0.7010 -0.1846
vn -0.2537 -0.1959 0.9472
vn -0.4903 -0.1959 0.8493
vn 0.2539 -0.1959 0.9472
vn 0.0001 -0.1959 0.9806
vn 0.9472 -0.1959 0.2537
vn 0.8493 -0.1959 0.4903
vn 0.6934 -0.1959 0.6934
vn 0.4904 -0.1959 0.8492
vn -0.9472 -0.1959 0.2539
vn 0.7302 -0.6546 -0.1957
vn -0.3780 -0.6546 -0.6547
vn -0.1957 -0.6546 -0.7302
vn -0.0000 -0.6546 -0.7560
vn 0.1956 -0.6546 -0.7303
vn 0.3780 -0.6546 -0.6547
vn -0.7560 -0.6546 -0.0000
vn -0.7303 -0.6546 -0.1956
vn 0.5345 -0.6546 -0.5346
vn -0.6547 -0.6546 -0.3780
vn 0.6547 -0.6546 -0.3780
vn -0.5346 -0.6546 -0.5345
vn 0.6801 0.7101 0.1822
vn 0.6098 0.7101 0.3520
vn 0.4979 0.7101 0.4978
vn 0.3521 0.7101 0.6097
vn 0.1823 0.7101 0.6801
vn -0.0000 0.7101 0.7041
vn -0.1822 0.7101 0.6801
vn -0.3520 0.7101 0.6098
vn -0.4978 0.7101 0.4979
vn -0.6097 0.7101 0.3521
vn -0.6801 0.7101 0.1823
vn -0.7041 0.7101 -0.0000
vn -0.7071 -0.0000 -0.7071
vn -0.7071 -0.0000 0.7071
vn -0.0003 1.0000 -0.0001
vn 0.0001 1.0000 -0.0000
vn 0.0001 1.0000 -0.0001
vn -0.0001 1.0000 0.0002
vn -0.0002 1.0000 -0.0000
vn 0.0002 1.0000 -0.0000
vn -0.0003 1.0000 0.0003
vn -0.0001 1.0000 -0.0002
vn 0.6318 -0.2758 -0.7244
vn 0.6203 -0.3160 -0.7179
vn -0.6662 0.2844 -0.6895
vn -0.6969 0.2182 -0.6832
vn -0.3829 -0.6229 -0.6822
vn -0.3540 -0.6398 -0.6822
vn -0.2923 -0.6291 0.7203
vn -0.3101 -0.6171 0.7233
vn 0.4365 0.5231 -0.7320
vn -0.4992 -0.5380 -0.6793
vn -0.5158 -0.5253 -0.6767
vn 0.4593 0.5003 -0.7340
vn 0.7139 0.4026 0.5730
vn -0.7133 0.4115 0.5674
vn -0.7129 0.4446 0.5424
vn 0.7127 0.4308 0.5536
vn -0.6464 0.2611 0.7170
vn -0.6261 0.3112 0.7150
vn 0.6401 -0.3181 0.6994
vn 0.6644 -0.2683 0.6975
vn 0.7193 0.1910 -0.6679
vn -0.7194 0.1910 -0.6678
vn -0.7151 0.1321 -0.6865
vn 0.7150 0.1321 -0.6866
vn 0.7023 -0.6909 0.1715
vn -0.6992 -0.6926 0.1770
vn -0.6998 -0.7005 0.1402
vn 0.7026 -0.6993 0.1317
vn 0.6797 -0.2912 0.6732
vn 0.6419 -0.3606 0.6767
vn 0.5965 -0.3550 -0.7198
vn -0.7115 0.6831 -0.1647
vn -0.7117 0.6758 -0.1918
vn 0.7117 0.6757 -0.1919
vn 0.7115 0.6831 -0.1648
vn 0.1476 -0.6963 -0.7024
vn -0.1458 0.6870 -0.7119
vn -0.1742 0.6806 -0.7117
vn 0.1763 -0.6894 -0.7026
vn 0.3956 -0.5917 0.7024
vn -0.3903 0.5839 0.7119
vn -0.3767 0.5916 0.7128
vn 0.3861 -0.6090 0.6928
vn 0.6993 -0.6539 -0.2888
vn -0.7021 -0.6509 -0.2888
vn -0.7029 -0.6337 -0.3231
vn 0.7003 -0.6369 -0.3224
vn 0.7019 -0.1369 -0.6989
vn 0.6901 -0.2023 -0.6949
vn -0.6662 0.1952 -0.7198
vn -0.6858 0.1337 -0.7155
vn -0.3057 0.6096 -0.7314
vn -0.3152 0.5986 -0.7364
vn 0.3995 -0.6279 -0.6679
vn 0.3828 -0.6229 -0.6822
vn 0.5501 -0.5323 0.6435
vn 0.2100 -0.7240 0.6570
vn 0.4075 0.9101 0.0746
vn 0.7044 0.5332 -0.4685
vn 0.7088 0.5258 -0.4703
vn 0.7060 -0.5274 0.4727
vn 0.7073 -0.5342 0.4629
vn -0.4594 0.5003 -0.7339
vn -0.4879 0.4703 -0.7354
vn 0.5362 -0.5062 -0.6754
vn 0.5157 -0.5253 -0.6768
vn -0.7123 0.6695 0.2107
vn -0.7125 0.6798 0.1739
vn 0.7146 0.6790 0.1684
vn 0.7147 0.6679 0.2078
vn 0.6902 -0.2023 0.6948
vn 0.6644 -0.2683 -0.6976
vn 0.7022 -0.6664 -0.2506
vn 0.7123 0.6569 0.2471
vn 0.7123 0.6695 0.2106
vn 0.7024 -0.6796 -0.2116
vn 0.2667 -0.6431 -0.7178
vn -0.3096 0.6510 -0.6931
vn -0.3505 0.6327 -0.6906
vn 0.2923 -0.6291 -0.7203
vn 0.7113 0.6456 -0.2779
vn 0.7030 -0.6533 0.2811
vn 0.7021 -0.6652 0.2543
vn 0.7122 0.6556 -0.2508
vn 0.7125 0.4582 -0.5314
vn 0.7123 0.4852 -0.5071
vn -0.7123 0.4939 -0.4986
vn -0.7128 0.4711 -0.5195
vn 0.7124 0.6952 -0.0961
vn -0.7109 0.6951 -0.1073
vn -0.7122 0.6883 -0.1378
vn 0.7140 0.6881 -0.1295
vn -0.7115 0.5082 -0.4853
vn -0.7124 0.4852 -0.5070
vn 0.7123 0.4939 -0.4987
vn 0.7105 0.5127 -0.4819
vn 0.4887 0.5430 -0.6829
vn 0.3484 0.6551 -0.6704
vn -0.5916 -0.3701 -0.7162
vn -0.4242 -0.5395 -0.7274
vn 0.6993 -0.6926 0.1770
vn 0.6993 -0.6819 0.2145
vn -0.7024 -0.6797 0.2116
vn -0.7023 -0.6909 0.1716
vn -0.1790 0.6591 -0.7304
vn -0.2041 0.6510 -0.7311
vn 0.2243 -0.6934 -0.6848
vn 0.1852 -0.7045 -0.6852
vn -0.5722 0.4445 -0.6892
vn -0.5395 0.4077 0.7367
vn -0.5592 0.3768 0.7384
vn -0.5996 0.4063 -0.6895
vn 0.6998 -0.3105 0.6433
vn 0.7015 -0.3468 0.6226
vn 0.7128 0.3413 -0.6127
vn 0.7146 0.3041 -0.6300
vn 0.0761 -0.7052 -0.7050
vn 0.0762 -0.7052 0.7049
vn 0.0662 -0.7050 0.7061
vn 0.0662 -0.7050 -0.7061
vn -0.6079 -0.7682 0.2007
vn -0.6079 -0.7682 -0.2006
vn 0.1491 -0.8880 -0.4351
vn 0.1492 -0.8880 0.4350
vn 0.7125 0.6798 0.1738
vn -0.7146 0.6790 0.1685
vn -0.7140 0.6881 0.1295
vn 0.7123 0.6882 0.1378
vn 0.3861 -0.6090 -0.6928
vn -0.3768 0.5916 -0.7128
vn -0.3903 0.5839 -0.7118
vn 0.3955 -0.5917 -0.7024
vn -0.7129 0.3413 -0.6126
vn -0.7147 0.3041 -0.6299
vn 0.7108 0.7018 -0.0474
vn 0.3458 0.8750 0.3389
vn -0.3458 0.8750 0.3390
vn -0.7108 0.7018 -0.0473
vn 0.7012 -0.4287 0.5697
vn 0.6995 -0.4639 0.5437
vn 0.7149 0.4538 -0.5320
vn 0.7131 0.4215 -0.5602
vn 0.7028 -0.6916 0.1668
vn 0.7026 -0.6846 0.1943
vn 0.2487 -0.6634 0.7058
vn 0.2385 -0.6680 0.7049
vn 0.2385 -0.6680 -0.7050
vn 0.2486 -0.6634 -0.7058
vn 0.1674 -0.9743 -0.1508
vn -0.6447 -0.7274 0.2350
vn -0.6990 -0.6125 0.3692
vn 0.6890 -0.6198 0.3758
vn -0.7124 0.6695 -0.2106
vn 0.7146 0.6679 -0.2079
vn 0.7146 0.6790 -0.1685
vn -0.7125 0.6798 -0.1738
vn -0.7020 -0.4653 0.5392
vn 0.7011 -0.4787 0.5284
vn 0.7020 -0.4514 0.5509
vn -0.7008 -0.4382 0.5629
vn 0.7123 0.6663 0.2206
vn 0.7123 0.6556 0.2507
vn -0.7122 0.6556 0.2508
vn -0.7123 0.6663 0.2207
vn 0.4033 0.6990 0.5906
vn 0.3316 0.7584 -0.5611
vn -0.7622 0.3951 -0.5127
vn -0.6931 0.3362 0.6377
vn -0.7168 0.5306 0.4525
vn -0.7145 0.5650 0.4127
vn 0.7145 0.5650 0.4126
vn 0.7169 0.5305 0.4523
vn 0.4953 -0.4772 0.7260
vn -0.5263 0.4966 0.6902
vn -0.5077 0.5166 0.6895
vn 0.4650 -0.5061 0.7264
vn -0.7019 -0.5189 -0.4879
vn -0.7034 -0.5298 -0.4739
vn -0.7103 0.5241 0.4700
vn -0.7114 0.5082 0.4854
vn 0.6953 -0.2419 0.6767
vn 0.6993 -0.3147 0.6419
vn 0.7196 0.3340 -0.6088
vn 0.7231 0.2908 -0.6266
vn -0.7021 -0.6652 -0.2543
vn 0.7020 -0.6652 -0.2544
vn 0.7020 -0.6760 -0.2239
vn -0.7020 -0.6761 -0.2239
vn -0.6070 0.3502 0.7134
vn -0.6262 0.3112 -0.7149
vn -0.6071 0.3502 -0.7133
vn -0.6994 -0.4639 0.5438
vn -0.6981 -0.5043 0.5083
vn 0.6981 -0.5043 0.5083
vn -0.5780 -0.4168 -0.7016
vn 0.5689 0.4103 -0.7127
vn 0.5468 0.4386 -0.7132
vn -0.5562 -0.4461 -0.7011
vn 0.7148 0.6546 0.2461
vn 0.6993 -0.6819 -0.2146
vn 0.6993 -0.6691 -0.2518
vn -0.7044 0.5332 0.4685
vn -0.7074 -0.5342 -0.4629
vn -0.6304 -0.3763 -0.6790
vn -0.6961 0.6585 0.2862
vn 0.6991 -0.6124 0.3691
vn -0.6889 -0.6198 0.3758
vn -0.7044 -0.6180 0.3492
vn 0.7020 -0.6215 0.3479
vn 0.7231 0.2908 0.6265
vn -0.7114 0.2345 0.6625
vn -0.7137 0.3072 0.6295
vn 0.7197 0.3340 0.6087
vn 0.3919 0.6207 -0.6791
vn 0.7131 0.4355 -0.5494
vn 0.5317 0.5839 0.6136
vn 0.3152 0.5986 0.7364
vn 0.1188 -0.7016 0.7026
vn 0.1187 -0.7016 -0.7026
vn 0.1477 -0.6963 0.7024
vn -0.7128 0.4712 0.5196
vn -0.7009 -0.4382 -0.5628
vn -0.7020 -0.4653 -0.5391
vn -0.6418 -0.3606 0.6768
vn -0.6089 -0.4127 0.6774
vn 0.5593 0.3768 0.7383
vn 0.5770 0.3440 0.7408
vn -0.5715 -0.5391 0.6187
vn -0.5716 -0.5391 -0.6186
vn 0.7139 0.6238 0.3181
vn -0.7115 0.6270 0.3173
vn -0.7124 0.6420 0.2835
vn 0.7148 0.6392 0.2836
vn -0.4539 0.5316 -0.7152
vn -0.4185 0.5613 -0.7140
vn -0.4184 0.5613 0.7140
vn -0.4538 0.5316 0.7152
vn 0.6977 -0.5452 0.4648
vn 0.7168 0.5305 -0.4524
vn 0.7163 0.4914 -0.4954
vn 0.0937 -0.7043 -0.7037
vn 0.0938 -0.7043 0.7037
vn 0.7124 0.6420 0.2834
vn -0.7148 0.6392 0.2837
vn -0.7147 0.6546 0.2462
vn -0.1996 0.7771 -0.5969
vn 0.1996 0.7771 -0.5969
vn 0.7032 0.6262 -0.3368
vn -0.7032 0.6262 -0.3367
vn 0.7167 0.2550 -0.6491
vn -0.7168 0.2550 -0.6490
vn -0.7020 -0.6761 0.2239
vn -0.7123 0.6663 -0.2206
vn -0.7025 -0.6846 0.1944
vn 0.6851 0.6152 0.3901
vn -0.6851 0.6152 0.3902
vn -0.4075 0.9101 -0.0746
vn 0.4075 0.9101 -0.0747
vn -0.6969 -0.3808 0.6077
vn -0.6991 -0.4110 0.5851
vn 0.7023 -0.4181 0.5762
vn 0.7016 -0.3738 0.6067
vn -0.2862 0.6176 -0.7326
vn 0.3539 -0.6398 -0.6822
vn 0.1764 -0.6894 0.7026
vn 0.2021 -0.6817 -0.7032
vn 0.2022 -0.6817 0.7032
vn 0.6976 -0.5452 -0.4649
vn 0.6998 -0.5768 -0.4213
vn -0.6999 -0.5768 -0.4212
vn -0.6977 -0.5452 -0.4648
vn 0.4032 0.6990 -0.5906
vn -0.6932 0.3362 -0.6376
vn -0.7622 0.3951 0.5129
vn 0.3317 0.7584 0.5610
vn -0.2212 0.6684 -0.7102
vn -0.2211 0.6683 0.7102
vn -0.2370 0.6639 0.7093
vn -0.2371 0.6639 -0.7093
vn -0.0660 0.7030 0.7081
vn -0.0435 0.7024 0.7104
vn 0.0785 -0.7161 0.6936
vn 0.6941 -0.6479 0.3137
vn -0.6941 -0.6479 0.3138
vn -0.7030 -0.6533 0.2812
vn 0.6465 0.2611 0.7169
vn 0.6464 0.2611 -0.7170
vn 0.6661 0.1952 -0.7199
vn 0.6662 0.1952 0.7198
vn 0.2314 0.6405 0.7323
vn -0.2677 -0.6788 0.6838
vn -0.2243 -0.6934 0.6848
vn 0.2042 0.6510 0.7311
vn 0.5498 -0.8037 0.2274
vn 0.2425 -0.8150 0.5263
vn 0.4952 -0.4772 -0.7260
vn -0.5264 0.4966 -0.6901
vn -0.5484 0.4732 -0.6895
vn 0.5245 -0.4457 -0.7255
vn 0.5715 -0.5391 -0.6187
vn 0.1058 0.8969 -0.4294
vn 0.7037 -0.7038 0.0974
vn 0.7109 0.6951 -0.1073
vn 0.7122 0.6882 -0.1379
vn -0.7169 0.5306 -0.4524
vn -0.7164 0.4914 -0.4953
vn -0.1477 -0.6963 -0.7024
vn -0.1764 -0.6894 -0.7026
vn 0.1741 0.6806 -0.7117
vn 0.1457 0.6870 -0.7119
vn 0.7124 0.6952 0.0960
vn 0.7140 0.6881 0.1294
vn -0.7122 0.6883 0.1379
vn -0.7109 0.6951 0.1073
vn 0.2862 0.6176 0.7326
vn -0.3539 -0.6398 0.6822
vn -0.3134 -0.6601 0.6827
vn 0.2599 0.6284 0.7332
vn 0.6400 -0.3181 -0.6995
vn 0.6178 -0.3564 0.7009
vn 0.6177 -0.3564 -0.7010
vn -0.7106 0.5127 -0.4818
vn -0.7088 0.5258 -0.4702
vn -0.7060 -0.5273 0.4728
vn -0.7046 -0.5133 0.4900
vn -0.1072 0.6445 -0.7571
vn -0.1192 0.6748 -0.7283
vn 0.0954 -0.7214 -0.6859
vn 0.0913 -0.7410 -0.6652
vn -0.2218 0.6851 -0.6939
vn -0.2041 0.6510 0.7311
vn -0.2313 0.6405 0.7323
vn -0.2644 0.6697 -0.6940
vn -0.5966 -0.3550 -0.7197
vn 0.6314 0.3545 -0.6897
vn 0.5995 0.4063 -0.6895
vn -0.5740 -0.3866 -0.7219
vn 0.7062 -0.2218 0.6724
vn -0.5452 0.7699 0.3317
vn -0.7231 0.2908 0.6266
vn 0.7115 0.2345 0.6624
vn 0.6057 0.7084 0.3625
vn 0.6953 -0.1976 0.6910
vn 0.6994 -0.1351 0.7019
vn -0.7128 0.3413 0.6127
vn 0.7129 0.3413 0.6126
vn 0.7147 0.3041 0.6299
vn -0.7146 0.3041 0.6300
vn -0.3828 -0.6229 0.6822
vn -0.3102 -0.6171 -0.7232
vn -0.2924 -0.6291 -0.7202
vn 0.6889 -0.6198 -0.3758
vn 0.7295 0.5892 0.3473
vn 0.7100 0.6145 0.3439
vn 0.7044 -0.6180 -0.3492
vn 0.7019 -0.4514 -0.5510
vn 0.7010 -0.4787 -0.5285
vn 0.5363 -0.5062 0.6754
vn 0.5158 -0.5253 0.6767
vn 0.4649 -0.5061 -0.7265
vn -0.6997 -0.3105 0.6434
vn -0.6977 -0.2619 0.6668
vn 0.7106 0.6999 0.0724
vn -0.7093 0.6997 0.0857
vn -0.7023 -0.6664 -0.2505
vn -0.0756 0.7009 0.7093
vn -0.0757 0.7009 -0.7093
vn -0.0661 0.7030 -0.7081
vn 0.2212 0.6684 0.7102
vn -0.2231 -0.6742 0.7040
vn -0.2021 -0.6817 0.7032
vn 0.1999 0.6741 0.7111
vn 0.2231 -0.6742 -0.7040
vn -0.1899 -0.7257 0.6612
vn -0.5668 -0.4593 0.6839
vn -0.6858 -0.4599 0.5641
vn 0.3272 -0.6093 0.7222
vn 0.3102 -0.6171 0.7232
vn -0.7103 -0.5346 0.4578
vn -0.7082 0.5280 -0.4687
vn -0.2624 0.9359 0.2349
vn -0.2667 -0.6432 0.7178
vn 0.3096 0.6510 0.6931
vn 0.3505 0.6327 0.6906
vn 0.3996 -0.6279 0.6679
vn 0.3271 -0.6093 -0.7223
vn 0.1899 -0.7257 -0.6613
vn -0.1673 -0.9743 0.1508
vn 0.5246 -0.4457 0.7254
vn -0.5483 0.4732 0.6895
vn 0.4940 0.5318 0.6879
vn -0.4402 -0.5271 0.7269
vn -0.4241 -0.5395 0.7274
vn 0.4888 0.5430 0.6828
vn -0.6981 -0.5043 -0.5083
vn 0.6980 -0.5043 -0.5083
vn 0.6952 -0.6072 0.3846
vn -0.6952 -0.6072 0.3847
vn -0.5500 -0.5323 0.6436
vn 0.2084 -0.6642 0.7179
vn 0.1821 -0.6712 0.7186
vn 0.7087 0.6073 0.3592
vn 0.7094 0.6006 0.3689
vn -0.7093 0.6006 0.3689
vn -0.7086 0.6073 0.3593
vn 0.3151 0.5986 -0.7365
vn -0.3996 -0.6279 -0.6679
vn 0.5316 0.5839 -0.6136
vn -0.1172 0.6927 0.7117
vn -0.1457 0.6870 0.7119
vn 0.7022 -0.4181 -0.5763
vn -0.0663 -0.7050 -0.7061
vn 0.0660 0.7030 -0.7081
vn 0.0436 0.7024 -0.7104
vn -0.0785 -0.7161 -0.6936
vn 0.7030 -0.6533 -0.2812
vn -0.7030 -0.6533 -0.2811
vn 0.7049 0.6097 -0.3625
vn 0.7122 0.6111 -0.3453
vn -0.7100 0.6145 -0.3439
vn -0.7295 0.5892 -0.3473
vn -0.6204 -0.3160 -0.7178
vn -0.6796 -0.2912 0.6733
vn -0.7123 0.6556 -0.2507
vn -0.7113 0.6456 -0.2778
vn -0.5498 -0.8037 0.2275
vn -0.2425 -0.8150 0.5264
vn 0.6080 -0.7682 0.2006
vn 0.6079 -0.7682 -0.2007
vn 0.5716 -0.5391 0.6186
vn 0.5395 0.4077 -0.7367
vn 0.5159 0.4384 -0.7360
vn -0.5579 -0.4814 -0.6761
vn -0.5813 -0.4515 -0.6769
vn 0.7047 -0.7060 0.0710
vn 0.6631 0.7394 0.1168
vn 0.7247 0.6868 -0.0561
vn -0.1127 -0.6655 -0.7379
vn -0.1201 -0.6810 -0.7224
vn 0.0948 0.7174 -0.6902
vn 0.0881 0.7392 -0.6677
vn -0.7126 0.4582 -0.5313
vn 0.7128 0.4711 -0.5196
vn -0.0928 0.6975 0.7105
vn 0.7147 0.6546 -0.2462
vn 0.6993 -0.6690 0.2517
vn -0.4365 0.5231 0.7320
vn -0.4250 0.5350 0.7302
vn 0.4846 -0.5436 0.6854
vn 0.4992 -0.5380 0.6793
vn 0.7029 -0.5952 0.3894
vn 0.6999 -0.5768 0.4212
vn -0.6998 -0.5768 0.4213
vn -0.7029 -0.5952 0.3895
vn 0.7138 0.4026 -0.5731
vn 0.7127 0.4308 -0.5537
vn -0.7129 0.4446 -0.5423
vn -0.7134 0.4115 -0.5673
vn 0.7020 -0.1369 0.6989
vn 0.1348 0.6707 -0.7293
vn -0.1189 -0.7184 -0.6854
vn -0.1497 -0.7128 -0.6852
vn 0.1554 0.6655 -0.7301
vn 0.7622 0.3951 -0.5128
vn 0.7061 -0.2218 -0.6725
vn -0.6136 0.2694 -0.7422
vn -0.3317 0.7584 -0.5610
vn -0.5160 0.4384 -0.7359
vn 0.1191 0.6748 -0.7283
vn -0.0955 -0.7214 -0.6859
vn -0.6991 -0.6125 -0.3691
vn -0.7049 0.6097 0.3625
vn -0.5893 0.3395 0.7331
vn -0.6448 -0.7274 -0.2349
vn 0.6851 0.6152 -0.3901
vn -0.6851 0.6152 -0.3901
vn -0.7087 0.6073 -0.3592
vn 0.7086 0.6073 -0.3593
vn 0.7020 -0.6760 0.2238
vn 0.7122 0.6663 -0.2207
vn -0.5077 0.5166 -0.6894
vn 0.4402 -0.5271 -0.7269
vn -0.4940 0.5318 -0.6879
vn -0.7103 0.6983 -0.0884
vn -0.7091 0.7013 -0.0723
vn -0.7051 -0.7054 0.0728
vn -0.7039 -0.7046 0.0893
vn -0.7247 0.6868 -0.0560
vn 0.7069 0.7062 -0.0394
vn 0.1059 0.8969 0.4294
vn -0.6631 0.7394 0.1169
vn -0.6585 0.4832 -0.5769
vn 0.4829 0.6581 -0.5777
vn 0.6857 0.1337 -0.7155
vn -0.7020 -0.1369 -0.6989
vn -0.7019 -0.6215 0.3480
vn 0.7044 -0.6180 0.3491
vn 0.7011 -0.4287 -0.5698
vn 0.7024 -0.4004 -0.5885
vn 0.7119 0.3951 0.5807
vn 0.7132 0.4215 0.5601
vn -0.2084 -0.6642 -0.7179
vn -0.2371 -0.6552 -0.7173
vn 0.2643 0.6697 -0.6940
vn 0.2217 0.6851 -0.6939
vn 0.6963 -0.2995 0.6523
vn -0.6953 -0.2419 0.6768
vn -0.6992 -0.3147 0.6420
vn 0.6956 -0.3440 0.6307
vn -0.7014 -0.3468 0.6227
vn -0.7023 -0.3751 0.6051
vn 0.7023 -0.3751 0.6050
vn 0.7115 0.6270 -0.3173
vn 0.7029 -0.6337 0.3231
vn 0.7021 -0.6509 0.2888
vn 0.7124 0.6420 -0.2835
vn -0.5885 0.3818 -0.7127
vn -0.5884 0.3818 0.7127
vn 0.4119 -0.9083 0.0726
vn 0.2099 -0.7240 -0.6570
vn 0.1126 -0.6655 -0.7379
vn 0.0914 -0.7410 0.6652
vn 0.7088 0.5258 0.4702
vn 0.7106 0.5127 0.4818
vn -0.5769 0.3440 0.7408
vn -0.6315 0.3545 -0.6896
vn -0.2784 0.6659 0.6921
vn -0.2785 0.6659 -0.6921
vn -0.2477 0.6609 -0.7084
vn -0.2476 0.6609 0.7085
vn -0.5307 -0.4773 -0.7004
vn 0.5206 0.4683 -0.7139
vn -0.7132 0.4355 -0.5493
vn 0.7139 0.6238 -0.3182
vn 0.7148 0.6392 -0.2837
vn -0.7124 0.6420 -0.2834
vn -0.7115 0.6270 -0.3172
vn 0.2747 -0.6633 0.6961
vn 0.5996 0.4063 0.6895
vn -0.5739 -0.3866 0.7219
vn -0.5501 -0.4159 0.7242
vn 0.5722 0.4445 0.6892
vn 0.5780 -0.4168 0.7016
vn -0.5689 0.4103 0.7127
vn -0.5468 0.4386 0.7132
vn 0.5562 -0.4461 0.7011
vn -0.5915 -0.3701 0.7163
vn -0.6858 -0.4599 -0.5640
vn -0.6401 -0.3181 -0.6994
vn -0.6400 -0.3181 0.6995
vn -0.6644 -0.2683 0.6976
vn -0.6645 -0.2683 -0.6975
vn 0.2924 -0.6291 0.7202
vn -0.3804 0.6183 0.6878
vn -0.3504 0.6327 0.6906
vn -0.7049 -0.6044 0.3713
vn -0.7094 0.6006 -0.3689
vn -0.7056 -0.6099 0.3608
vn -0.1491 -0.8880 0.4350
vn 0.2746 -0.6633 -0.6961
vn -0.1492 -0.8880 -0.4350
vn 0.5452 0.7699 -0.3317
vn -0.6057 0.7084 -0.3625
vn -0.6152 0.3138 0.7232
vn 0.5392 0.3763 0.7534
vn -0.6797 -0.2912 -0.6732
vn 0.5935 0.3045 -0.7450
vn 0.5769 0.3440 -0.7408
vn -0.6419 -0.3606 -0.6767
vn 0.5978 -0.3879 0.7016
vn 0.1192 0.6748 0.7283
vn 0.1072 0.6445 0.7571
vn -0.7015 -0.7044 0.1086
vn -0.7033 -0.7056 0.0863
vn 0.7051 -0.7053 0.0730
vn -0.7015 -0.7044 -0.1085
vn -0.7033 -0.7056 -0.0862
vn -0.7106 0.6999 0.0724
vn -0.7123 0.6952 0.0961
vn -0.6465 0.2611 -0.7169
vn -0.1058 0.8969 0.4294
vn -0.7069 0.7062 -0.0393
vn -0.6584 0.4832 0.5770
vn -0.7019 -0.1369 0.6989
vn 0.6857 0.1337 0.7155
vn 0.4830 0.6580 0.5777
vn -0.7024 -0.3751 -0.6050
vn -0.7025 -0.4004 -0.5884
vn -0.7118 0.3951 0.5807
vn -0.7119 0.3700 0.5969
vn 0.4119 -0.9083 -0.0726
vn 0.7116 0.6889 -0.1380
vn -0.7116 0.6889 -0.1379
vn 0.1674 -0.9743 0.1508
vn 0.5501 -0.4159 -0.7242
vn 0.7104 -0.5346 0.4578
vn 0.5669 -0.4593 0.6838
vn 0.2625 0.9359 0.2349
vn 0.7082 0.5280 -0.4687
vn -0.1364 -0.6797 -0.7207
vn -0.1578 -0.6765 -0.7194
vn 0.1480 0.7057 -0.6929
vn 0.1177 0.7126 -0.6917
vn 0.7164 0.3710 -0.5909
vn -0.4075 0.9101 0.0747
vn -0.5779 -0.4168 0.7017
vn -0.5561 -0.4461 0.7012
vn 0.5469 0.4386 0.7131
vn 0.5690 0.4103 0.7126
vn -0.4119 -0.9083 0.0726
vn -0.6941 -0.6479 -0.3137
vn -0.7032 0.6262 0.3368
vn -0.1996 0.7771 0.5969
vn 0.1555 0.6655 0.7300
vn 0.1790 0.6591 0.7304
vn -0.1852 -0.7045 0.6852
vn -0.1496 -0.7128 0.6852
vn 0.7103 -0.5346 -0.4578
vn 0.7082 0.5280 0.4687
vn 0.2624 0.9359 -0.2349
vn 0.5668 -0.4593 -0.6839
vn 0.2231 -0.6742 0.7040
vn 0.7113 0.6456 0.2778
vn 0.6796 -0.2912 -0.6733
vn 0.6418 -0.3606 -0.6768
vn -0.5770 0.3440 -0.7408
vn -0.5936 0.3045 -0.7449
vn -0.5159 0.4384 0.7360
vn 0.6994 -0.4639 -0.5438
vn -0.6995 -0.4638 -0.5437
vn -0.7012 -0.4287 -0.5697
vn 0.0436 0.7024 0.7104
vn -0.3458 0.8750 -0.3389
vn 0.5578 -0.4814 -0.6761
vn 0.7091 0.7014 -0.0724
vn -0.0929 0.6975 -0.7105
vn -0.7113 0.6456 0.2779
vn -0.4846 -0.5436 -0.6854
vn 0.6961 0.6585 -0.2862
vn 0.6304 -0.3763 0.6790
vn 0.7131 0.4355 0.5493
vn -0.7163 0.4914 0.4954
vn 0.7164 0.4914 0.4953
vn 0.7029 -0.7023 0.1126
vn 0.7039 -0.7046 0.0892
vn 0.7103 0.6983 -0.0885
vn 0.7114 0.6940 -0.1113
vn -0.2486 -0.6634 0.7058
vn -0.2385 -0.6680 0.7050
vn 0.2371 0.6639 0.7093
vn 0.2477 0.6609 0.7084
vn -0.5502 -0.4159 -0.7241
vn -0.5812 -0.4515 0.6770
vn 0.6969 -0.3808 -0.6077
vn 0.6991 -0.4110 -0.5851
vn -0.7023 -0.4181 -0.5762
vn -0.7015 -0.3738 -0.6067
vn 0.7116 0.6889 0.1379
vn 0.7114 0.6939 0.1112
vn 0.7029 -0.7023 -0.1127
vn 0.7027 -0.6977 -0.1397
vn 0.5779 -0.4168 -0.7017
vn 0.5977 -0.3879 -0.7016
vn -0.7115 0.2345 -0.6624
vn -0.6962 -0.2995 0.6524
vn 0.7031 -0.4918 0.5135
vn 0.7046 -0.5133 0.4899
vn 0.7150 0.4538 0.5319
vn 0.5001 -0.5102 0.6997
vn 0.4642 -0.5437 0.6992
vn 0.4642 -0.5437 -0.6992
vn 0.5000 -0.5102 -0.6998
vn 0.6152 0.3138 -0.7232
vn -0.5392 0.3763 -0.7534
vn 0.7027 -0.6976 0.1396
vn 0.1831 0.6968 -0.6935
vn 0.7049 -0.6044 0.3712
vn 0.7056 -0.6099 0.3607
vn 0.7093 0.6006 -0.3689
vn -0.7046 -0.5133 -0.4899
vn -0.7031 -0.4918 -0.5135
vn 0.7007 -0.5018 -0.5072
vn 0.7019 -0.5189 -0.4880
vn 0.7295 0.5892 -0.3474
vn 0.7118 0.6757 0.1918
vn 0.7025 -0.6846 -0.1944
vn -0.2678 -0.6788 -0.6838
vn -0.2244 -0.6934 -0.6847
vn -0.2083 -0.6642 0.7179
vn -0.2370 -0.6552 0.7173
vn -0.7061 -0.2218 0.6725
vn 0.5936 0.3045 0.7449
vn 0.6136 0.2694 0.7422
vn -0.5690 0.4103 -0.7126
vn 0.7050 0.6097 0.3624
vn -0.7295 0.5892 0.3474
vn -0.7099 0.6145 0.3440
vn 0.7123 0.6111 0.3453
vn 0.6998 -0.7005 0.1401
vn 0.7039 -0.7046 -0.0893
vn -0.7039 -0.7046 -0.0892
vn -0.7029 -0.7023 -0.1126
vn 0.6962 -0.2995 -0.6524
vn -0.6953 -0.2419 -0.6767
vn -0.7020 -0.6652 0.2544
vn -0.1363 -0.6797 0.7208
vn 0.1178 0.7125 0.6917
vn 0.1481 0.7057 0.6929
vn -0.1577 -0.6765 0.7194
vn 0.5893 0.3395 -0.7331
vn 0.6448 -0.7274 0.2349
vn -0.6955 -0.3440 0.6308
vn -0.7022 -0.6664 0.2506
vn -0.7124 0.6569 -0.2471
vn -0.1998 0.6741 0.7111
vn -0.1741 0.6806 0.7117
vn -0.4897 0.4995 -0.7146
vn -0.4896 0.4995 0.7147
vn -0.5206 0.4683 0.7139
vn -0.5207 0.4683 -0.7138
vn 0.5500 -0.5323 -0.6436
vn 0.6952 -0.6072 -0.3847
vn -0.5781 0.4756 0.6630
vn -0.5766 0.6639 -0.4763
vn -0.6993 -0.1351 0.7019
vn 0.6949 -0.7149 0.0780
vn 0.7051 -0.7054 0.0727
vn 0.7114 0.5082 -0.4854
vn -0.5317 0.5839 -0.6136
vn -0.7132 0.4215 -0.5601
vn -0.7119 0.3951 -0.5806
vn 0.7118 0.3951 -0.5807
vn 0.3768 0.5916 0.7128
vn -0.1059 0.8969 -0.4294
vn 0.3767 0.5916 -0.7128
vn -0.3272 -0.6093 -0.7222
vn -0.1900 -0.7257 -0.6612
vn -0.7149 0.4538 0.5320
vn -0.7131 0.4215 0.5602
vn -0.7139 0.6238 -0.3181
vn -0.7148 0.6392 -0.2836
vn -0.6993 -0.6539 0.2888
vn -0.7003 -0.6369 0.3224
vn -0.6178 -0.3564 -0.7009
vn -0.6177 -0.3564 0.7010
vn -0.1821 -0.6712 -0.7186
vn 0.7139 0.3668 0.5965
vn 0.6955 -0.3440 -0.6308
vn 0.7137 0.3072 0.6294
vn 0.7024 -0.6797 0.2115
vn -0.6993 -0.6819 0.2146
vn -0.3919 0.6207 0.6791
vn -0.1476 -0.6963 0.7024
vn -0.1763 -0.6894 0.7026
vn -0.6631 0.7394 -0.1168
vn -0.7015 -0.3738 0.6068
vn 0.6970 -0.3808 0.6076
vn -0.7123 0.6569 0.2472
vn -0.1481 0.7057 -0.6929
vn -0.1554 0.6655 0.7301
vn -0.1789 0.6591 0.7304
vn -0.1832 0.6968 -0.6935
vn 0.7093 0.6997 0.0856
vn 0.7109 0.6951 0.1072
vn -0.7138 0.3668 0.5966
vn -0.6970 -0.3808 -0.6076
vn -0.6992 -0.4110 -0.5850
vn -0.7027 -0.6977 0.1397
vn -0.7029 -0.7023 0.1127
vn 0.4538 0.5316 -0.7152
vn 0.4539 0.5316 0.7152
vn 0.4185 0.5613 0.7140
vn 0.4184 0.5613 -0.7140
vn -0.7038 -0.7037 -0.0974
vn -0.7051 -0.7053 -0.0730
vn 0.7119 0.3700 -0.5969
vn -0.2231 -0.6742 -0.7040
vn 0.2211 0.6684 -0.7102
vn 0.1998 0.6741 -0.7111
vn -0.2022 -0.6817 -0.7032
vn 0.0784 -0.7161 -0.6936
vn -0.5935 0.3045 0.7450
vn 0.5307 -0.4772 0.7005
vn 0.1189 -0.7184 0.6854
vn 0.1363 -0.6796 -0.7208
vn 0.1577 -0.6765 -0.7194
vn 0.1497 -0.7129 0.6851
vn 0.7028 -0.6916 -0.1669
vn -0.7028 -0.6916 -0.1668
vn -0.7025 -0.6846 -0.1943
vn 0.6631 0.7394 -0.1169
vn -0.5965 -0.3551 0.7198
vn 0.6315 0.3545 0.6896
vn -0.7027 -0.6976 -0.1396
vn -0.7026 -0.6993 -0.1317
vn 0.6998 -0.7005 -0.1402
vn 0.7014 -0.7044 -0.1086
vn 0.3504 0.6327 -0.6906
vn 0.3804 0.6183 -0.6878
vn 0.3057 0.6096 0.7314
vn -0.7031 -0.4918 0.5136
vn 0.7007 -0.5018 0.5071
vn -0.1674 -0.9743 -0.1508
vn 0.7106 0.6999 -0.0724
vn 0.7033 -0.7056 0.0862
vn 0.7153 -0.6933 0.0878
vn -0.2598 0.6284 0.7332
vn -0.2487 -0.6634 -0.7057
vn 0.2477 0.6609 -0.7085
vn 0.2370 0.6639 -0.7093
vn -0.2386 -0.6680 -0.7049
vn 0.7015 -0.7044 0.1085
vn -0.7026 -0.6993 0.1318
vn -0.7037 -0.7037 0.0974
vn 0.6661 0.2843 -0.6895
vn -0.0436 0.7024 -0.7104
vn -0.7028 -0.6916 0.1669
vn 0.4250 0.5350 -0.7302
vn 0.3485 0.6551 0.6704
vn -0.2625 0.9359 -0.2349
vn 0.7019 -0.5189 0.4879
vn 0.7034 -0.5298 0.4739
vn 0.7102 0.5241 -0.4700
vn 0.7115 0.6270 0.3172
vn 0.7021 -0.6509 -0.2889
vn 0.7029 -0.6337 -0.3232
vn -0.5306 -0.4772 0.7005
vn -0.7231 0.2908 -0.6265
vn -0.7197 0.3340 -0.6087
vn 0.7120 0.3700 0.5968
vn -0.6949 -0.7149 0.0780
vn -0.7050 0.6097 -0.3624
vn -0.7123 0.6111 -0.3453
vn -0.5669 -0.4593 -0.6838
vn 0.7123 0.6569 -0.2472
vn -0.7148 0.6546 -0.2461
vn 0.4251 0.5350 0.7301
vn -0.4845 -0.5435 0.6855
vn -0.7140 0.6881 -0.1294
vn -0.7124 0.6952 -0.0960
vn 0.7051 -0.7053 -0.0731
vn 0.7247 0.6868 0.0560
vn 0.7047 -0.7060 -0.0711
vn -0.6318 -0.2758 0.7244
vn 0.6969 0.2182 0.6832
vn -0.0938 -0.7043 -0.7037
vn 0.0928 0.6975 -0.7105
vn 0.0756 0.7009 -0.7093
vn -0.0762 -0.7052 -0.7049
vn -0.5001 -0.5102 -0.6997
vn 0.4896 0.4995 -0.7147
vn -0.4642 -0.5437 -0.6992
vn -0.4829 0.6580 0.5777
vn -0.4830 0.6581 -0.5777
vn -0.6857 0.1337 0.7155
vn 0.5781 0.4756 -0.6630
vn 0.5766 0.6639 0.4763
vn 0.7151 0.1321 0.6865
vn 0.6993 -0.1351 -0.7019
vn 0.6994 -0.6539 0.2887
vn 0.2244 -0.6934 0.6847
vn 0.2678 -0.6788 0.6838
vn -0.6138 0.5232 0.5912
vn -0.6139 0.5232 -0.5911
vn -0.7137 0.3072 -0.6294
vn 0.7126 0.4582 0.5313
vn 0.7124 0.4852 0.5070
vn -0.2668 -0.6431 -0.7178
vn -0.4888 0.5430 -0.6828
vn 0.4241 -0.5395 -0.7274
vn 0.5915 -0.3701 -0.7163
vn -0.3485 0.6551 -0.6703
vn 0.4897 0.4995 0.7146
vn 0.5207 0.4683 0.7138
vn -0.5000 -0.5102 0.6998
vn -0.5469 0.4386 -0.7131
vn 0.7023 -0.6909 -0.1716
vn 0.7026 -0.6993 -0.1318
vn 0.7123 0.4939 0.4986
vn 0.7031 -0.4918 -0.5136
vn 0.7020 -0.4653 -0.5392
vn 0.7128 0.4712 0.5195
vn 0.5579 -0.4814 0.6761
vn 0.5813 -0.4515 0.6769
vn -0.5578 -0.4814 0.6761
vn -0.5246 -0.4457 -0.7254
vn -0.4953 -0.4772 -0.7260
vn -0.5362 -0.5062 0.6754
vn 0.5721 0.4445 -0.6893
vn 0.5396 0.4077 0.7366
vn 0.5561 -0.4461 -0.7012
vn -0.7150 0.4538 -0.5319
vn -0.5977 -0.3879 0.7016
vn 0.5885 0.3818 0.7127
vn 0.6071 0.3502 0.7133
vn 0.7114 0.5881 0.3848
vn -0.7113 0.5881 0.3849
vn -0.5498 -0.8037 -0.2274
vn 0.5498 -0.8037 -0.2275
vn -0.7021 -0.6509 0.2889
vn -0.1173 0.6927 -0.7116
vn -0.7146 0.6679 0.2079
vn 0.7091 0.7014 0.0723
vn 0.7103 0.6983 0.0884
vn -0.7103 0.6983 0.0885
vn -0.7091 0.7014 0.0724
vn -0.4952 -0.4772 0.7260
vn -0.4649 -0.5061 0.7265
vn 0.5077 0.5166 0.6894
vn 0.5264 0.4966 0.6901
vn 0.5782 0.4756 0.6629
vn 0.5765 0.6639 -0.4763
vn 0.7060 -0.5273 -0.4728
vn 0.7046 -0.5133 -0.4900
vn 0.6447 -0.7274 -0.2350
vn 0.6990 -0.6125 -0.3692
vn -0.6890 -0.6198 -0.3758
vn -0.7015 -0.3468 -0.6226
vn -0.6998 -0.3105 -0.6434
vn 0.6997 -0.3105 -0.6434
vn 0.7014 -0.3468 -0.6227
vn -0.5501 -0.5323 -0.6435
vn -0.6952 -0.6072 -0.3846
vn -0.7062 -0.2218 -0.6724
vn 0.6135 0.2694 -0.7423
vn 0.6089 -0.4127 -0.6774
vn -0.5593 0.3768 -0.7383
vn 0.1364 -0.6796 0.7207
vn 0.1578 -0.6765 0.7194
vn -0.1480 0.7057 0.6929
vn -0.1177 0.7125 0.6917
vn 0.1349 0.6707 0.7293
vn -0.3995 -0.6279 0.6679
vn -0.7029 -0.6337 0.3232
vn 0.7003 -0.6369 0.3223
vn 0.3805 0.6183 0.6877
vn -0.6661 0.1952 0.7199
vn 0.6941 -0.6479 -0.3138
vn 0.7019 -0.6215 -0.3480
vn -0.7044 -0.6180 -0.3491
vn -0.5452 0.7699 -0.3316
vn 0.6056 0.7084 -0.3625
vn 0.7114 0.2345 -0.6625
vn 0.2217 0.6851 0.6939
vn 0.2644 0.6697 0.6940
vn -0.2426 -0.8150 -0.5263
vn 0.3101 -0.6170 -0.7233
vn -0.3804 0.6183 -0.6877
vn -0.3920 0.6207 -0.6791
vn 0.7034 -0.5298 -0.4740
vn -0.7060 -0.5273 -0.4727
vn -0.7120 0.3700 -0.5968
vn 0.7073 -0.5342 -0.4630
vn 0.6303 -0.3763 -0.6791
vn -0.7104 -0.5346 -0.4578
vn 0.7033 -0.7056 -0.0863
vn 0.7152 -0.6933 -0.0879
vn -0.7047 -0.7060 -0.0710
vn -0.7051 -0.7053 0.0731
vn -0.7045 0.5332 -0.4684
vn -0.6961 0.6585 -0.2861
vn -0.6303 -0.3763 0.6791
vn -0.7073 -0.5342 0.4630
vn -0.7116 0.6889 0.1380
vn -0.7113 0.6940 0.1113
vn -0.3095 0.6510 0.6931
vn -0.2599 0.6284 -0.7332
vn -0.2314 0.6405 -0.7323
vn -0.2643 0.6697 0.6940
vn -0.1555 0.6655 -0.7300
vn -0.1349 0.6707 -0.7293
vn 0.7194 0.1910 0.6678
vn -0.7193 0.1910 0.6679
vn -0.7167 0.2550 0.6491
vn 0.7168 0.2550 0.6490
vn 0.7108 0.7018 0.0473
vn -0.7108 0.7018 0.0474
vn 0.7115 0.5082 0.4853
vn -0.7105 0.5127 0.4819
vn -0.7088 0.5258 0.4703
vn 0.7103 0.5241 0.4699
vn 0.1996 0.7771 0.5969
vn 0.7032 0.6262 0.3367
vn -0.0954 -0.7214 0.6859
vn -0.0913 -0.7410 0.6652
vn -0.3151 0.5986 0.7365
vn -0.5316 0.5839 0.6136
vn 0.5077 0.5166 -0.6895
vn 0.4939 0.5318 -0.6879
vn -0.4403 -0.5271 -0.7268
vn -0.4650 -0.5061 -0.7264
vn -0.3135 -0.6601 -0.6826
vn -0.3271 -0.6093 0.7223
vn 0.6319 -0.2758 0.7243
vn -0.6968 0.2182 0.6833
vn -0.6661 0.2843 0.6895
vn 0.6204 -0.3160 0.7178
vn 0.7123 0.6695 -0.2107
vn 0.7125 0.6798 -0.1739
vn -0.4642 -0.5437 0.6992
vn -0.4267 -0.5723 -0.7003
vn 0.3903 0.5839 -0.7119
vn -0.3956 -0.5917 -0.7024
vn 0.7025 -0.4004 0.5884
vn -0.7139 0.3668 -0.5965
vn 0.7049 -0.6044 -0.3713
vn 0.7056 -0.6099 -0.3608
vn 0.1853 -0.7045 0.6851
vn -0.1200 -0.6810 0.7224
vn 0.0948 0.7174 0.6902
vn -0.7117 0.6758 0.1919
vn -0.7125 0.4582 0.5314
vn -0.7123 0.4852 0.5071
vn -0.6993 -0.6926 -0.1770
vn -0.6993 -0.6819 -0.2145
vn -0.7122 0.4939 0.4987
vn -0.7139 0.4026 -0.5730
vn 0.7133 0.4115 -0.5674
vn 0.7129 0.4446 -0.5424
vn -0.7127 0.4308 -0.5536
vn -0.1999 0.6741 -0.7111
vn 0.3056 0.6096 -0.7314
vn -0.7153 -0.6933 0.0879
vn -0.6994 -0.6539 -0.2887
vn -0.6993 -0.6690 -0.2517
vn 0.3095 0.6510 -0.6931
vn -0.7020 -0.6215 -0.3479
vn 0.6858 -0.4599 -0.5641
vn -0.2861 0.6176 0.7326
vn -0.6998 -0.7005 -0.1401
vn -0.0948 0.7174 0.6902
vn -0.7007 -0.5018 0.5072
vn -0.7018 -0.5189 0.4880
vn 0.5592 0.3768 -0.7384
vn -0.5391 0.3763 0.7535
vn 0.6153 0.3138 0.7232
vn -0.7008 -0.5018 -0.5071
vn -0.7011 -0.4787 -0.5284
vn -0.4251 0.5350 -0.7301
vn 0.4845 -0.5436 -0.6854
vn 0.5306 -0.4773 -0.7005
vn 0.5966 -0.3550 0.7197
vn -0.1187 -0.7016 0.7026
vn -0.1188 -0.7016 -0.7026
vn 0.2677 -0.6788 -0.6838
vn 0.2371 -0.6552 0.7173
vn 0.7020 -0.4653 0.5391
vn 0.7009 -0.4382 0.5628
vn -0.7019 -0.4514 0.5510
vn -0.7010 -0.4787 0.5285
vn -0.4032 0.6990 0.5906
vn 0.6932 0.3362 0.6376
vn -0.7020 -0.4514 -0.5509
vn -0.7127 0.4308 0.5537
vn -0.7138 0.4026 0.5731
vn 0.1188 -0.7184 -0.6854
vn 0.1201 -0.6810 0.7224
vn 0.1127 -0.6655 0.7379
vn 0.6949 -0.7149 -0.0780
vn -0.6949 -0.7149 -0.0780
vn -0.7051 -0.7054 -0.0727
vn 0.7051 -0.7054 -0.0728
vn 0.7037 -0.7037 -0.0974
vn 0.7093 0.6997 -0.0857
vn -0.7034 -0.5298 0.4740
vn -0.7049 -0.6044 -0.3712
vn -0.7029 -0.5952 -0.3894
vn -0.5245 -0.4457 0.7255
vn 0.2785 0.6659 0.6921
vn 0.2784 0.6659 -0.6921
vn 0.6138 0.5233 -0.5912
vn 0.6138 0.5233 0.5911
vn -0.7122 0.6111 0.3454
vn -0.5978 -0.3879 -0.7015
vn -0.7146 0.6790 -0.1684
vn -0.7146 0.6679 -0.2078
vn 0.1832 0.6968 0.6935
vn 0.1789 0.6591 -0.7304
vn 0.2041 0.6510 -0.7311
vn 0.0929 0.6975 0.7105
vn -0.0937 -0.7043 0.7037
vn -0.0761 -0.7052 0.7050
vn 0.0757 0.7009 0.7093
vn 0.7029 -0.5952 -0.3895
vn -0.7069 0.7062 0.0394
vn -0.7153 -0.6933 -0.0878
vn -0.1821 -0.6712 0.7186
vn 0.2370 -0.6552 -0.7173
vn -0.4593 0.5003 0.7340
vn -0.7003 -0.6369 -0.3223
vn -0.7139 0.6238 0.3182
vn -0.0948 0.7174 -0.6902
vn -0.1191 0.6748 0.7284
vn -0.1348 0.6707 0.7294
vn -0.1178 0.7126 -0.6916
vn -0.6319 -0.2758 -0.7243
vn 0.4594 0.5003 0.7339
vn 0.4879 0.4703 0.7354
vn -0.5157 -0.5253 0.6768
vn 0.3458 0.8750 -0.3390
vn 0.7008 -0.4382 -0.5629
vn -0.3955 -0.5917 0.7024
vn -0.4266 -0.5723 0.7004
vn 0.1172 0.6927 -0.7117
vn -0.7150 0.1321 0.6866
vn 0.6961 0.6585 0.2861
vn 0.5884 0.3818 -0.7127
vn 0.1071 0.6445 -0.7571
vn -0.0914 -0.7410 -0.6652
vn -0.7103 0.5241 -0.4699
vn -0.2217 0.6851 0.6939
vn 0.6978 -0.2619 0.6667
vn 0.3134 -0.6601 -0.6827
vn 0.2668 -0.6431 0.7178
vn 0.7069 0.7062 0.0393
vn -0.7093 0.6997 -0.0856
vn -0.7047 -0.7060 0.0711
vn -0.1188 -0.7184 0.6854
vn -0.7145 0.5650 -0.4126
vn -0.7114 0.5881 -0.3848
vn 0.1496 -0.7128 -0.6852
vn 0.6090 -0.4127 0.6773
vn 0.1900 -0.7257 0.6612
vn 0.6858 -0.4599 0.5640
vn 0.4242 -0.5395 0.7274
vn 0.5916 -0.3701 0.7162
vn -0.6993 -0.6690 0.2518
vn -0.0662 -0.7050 0.7061
vn 0.0661 0.7030 0.7081
vn 0.7023 -0.6664 0.2505
vn 0.7145 0.5650 -0.4127
vn 0.7113 0.5881 -0.3849
vn -0.6956 -0.3440 -0.6307
vn -0.3056 0.6096 0.7314
vn -0.6976 -0.5452 0.4649
vn -0.7247 0.6868 0.0561
vn 0.7115 0.6831 0.1647
vn -0.7115 0.6831 0.1648
vn -0.7131 0.4355 0.5494
vn -0.2746 -0.6633 0.6961
vn -0.2747 -0.6633 -0.6961
vn -0.4888 0.5430 0.6829
vn -0.4939 0.5318 0.6879
vn -0.4366 0.5231 -0.7320
vn -0.6314 0.3545 0.6897
vn -0.7056 -0.6099 -0.3607
vn -0.7024 -0.6796 -0.2115
vn -0.6203 -0.3160 0.7179
vn -0.7082 0.5280 0.4687
vn 0.7045 0.5332 0.4684
vn -0.6978 -0.2619 -0.6667
vn 0.6977 -0.2619 -0.6668
vn -0.7106 0.6999 -0.0723
vn 0.1821 -0.6712 -0.7186
vn 0.6585 0.4832 0.5770
vn 0.6584 0.4832 -0.5770
vn 0.2313 0.6405 -0.7323
vn 0.2598 0.6284 -0.7332
vn -0.7114 0.6940 -0.1112
vn 0.2424 -0.8150 -0.5264
vn -0.4878 0.4703 0.7354
vn 0.6662 0.2843 0.6895
vn -0.5894 0.3395 -0.7331
vn 0.6968 0.2182 -0.6833
vn 0.2083 -0.6642 -0.7179
vn -0.4991 -0.5380 0.6793
vn -0.1831 0.6968 0.6935
vn -0.6901 -0.2023 0.6949
vn -0.6902 -0.2023 -0.6948
vn -0.5995 0.4063 0.6895
vn -0.5721 0.4445 0.6893
vn 0.5502 -0.4159 0.7241
vn 0.5740 -0.3866 0.7219
vn -0.2099 -0.7240 0.6570
vn 0.5739 -0.3866 -0.7219
vn 0.4266 -0.5723 -0.7004
vn -0.7024 -0.4004 0.5885
vn -0.7011 -0.4287 0.5698
vn -0.4033 0.6990 -0.5906
vn -0.3316 0.7584 0.5611
vn 0.7622 0.3951 0.5128
vn 0.6931 0.3362 -0.6377
vn 0.3903 0.5839 0.7118
vn 0.7023 -0.3751 -0.6051
vn -0.0881 0.7392 0.6677
vn 0.6992 -0.3147 -0.6420
vn 0.7164 0.3710 0.5908
vn 0.7015 -0.3738 -0.6068
vn 0.6952 -0.1976 -0.6911
vn 0.4267 -0.5723 0.7003
vn -0.7164 0.3710 -0.5908
vn 0.5484 0.4732 0.6895
vn 0.7129 0.4446 0.5423
vn -0.3861 -0.6091 0.6928
vn -0.3861 -0.6090 -0.6928
vn 0.1458 0.6870 0.7119
vn 0.1173 0.6927 0.7116
vn -0.2100 -0.7240 -0.6570
vn -0.3484 0.6551 0.6704
vn 0.5812 -0.4515 -0.6770
vn -0.7196 0.3340 0.6088
vn -0.1853 -0.7045 -0.6851
vn 0.7099 0.6145 -0.3440
vn -0.7164 0.3710 0.5909
vn 0.6070 0.3502 -0.7134
vn 0.6261 0.3112 -0.7150
vn 0.6262 0.3112 0.7149
vn 0.7133 0.4115 0.5673
vn 0.7138 0.3668 -0.5966
vn 0.1742 0.6806 0.7117
vn -0.0784 -0.7161 0.6936
vn 0.7137 0.3072 -0.6295
vn 0.2861 0.6176 -0.7326
vn 0.4878 0.4703 -0.7354
vn -0.6952 -0.1976 0.6911
vn 0.5483 0.4732 -0.6896
vn 0.3135 -0.6601 0.6826
vn 0.3540 -0.6398 0.6822
vn 0.4991 -0.5380 -0.6793
vn 0.4403 -0.5271 0.7268
vn -0.6953 -0.1976 -0.6910
vn -0.6994 -0.1351 -0.7018
vn 0.1200 -0.6809 -0.7224
vn 0.3829 -0.6229 0.6822
vn 0.0881 0.7392 0.6677
vn -0.1071 0.6445 0.7571
vn -0.5782 0.4756 -0.6629
vn 0.5263 0.4966 -0.6902
vn -0.4119 -0.9083 -0.0726
vn 0.6992 -0.6926 -0.1771
vn 0.5160 0.4384 0.7359
vn 0.4366 0.5231 0.7319
vn -0.0881 0.7392 -0.6676
vn 0.3920 0.6207 0.6791
vn 0.5894 0.3395 0.7331
vn 0.6953 -0.2419 -0.6768
vn 0.6992 -0.4110 0.5850
vn -0.1126 -0.6655 0.7379
vn -0.6963 -0.2995 -0.6523
vn 0.5391 0.3763 -0.7535
vn 0.5452 0.7699 0.3316
vn -0.5363 -0.5062 -0.6754
vn -0.6135 0.2694 0.7423
vn -0.7022 -0.4181 0.5763
vn -0.5765 0.6639 0.4763
vn -0.6090 -0.4127 -0.6773
vn -0.7023 -0.6909 -0.1715
vn -0.5396 0.4077 -0.7366
vn -0.6056 0.7084 0.3625
vn 0.0955 -0.7214 0.6859
vn -0.6993 -0.3147 -0.6419
vn -0.6153 0.3138 -0.7232
vn 0.9413 -0.2760 -0.1943
vn 0.8372 -0.2665 -0.4776
vn 0.3944 -0.6196 0.6786
vn 0.7726 0.0477 0.6331
vn 0.2919 -0.3002 -0.9081
vn 0.3587 0.3940 -0.8462
vn -0.5890 -0.0001 -0.8082
vn -0.3952 0.7340 -0.5523
vn -0.9543 0.2939 0.0541
vn -0.8325 0.5254 0.1759
vn -0.1249 0.3381 0.9328
vn -0.6487 -0.0812 0.7567
vn 0.4775 -0.2665 -0.8373
vn -0.6787 -0.6196 -0.3943
vn 0.8462 0.3940 -0.3588
vn 0.5524 0.7340 0.3951
vn -0.1758 0.5254 0.8325
vn -0.7566 -0.0812 0.6488
vn 0.1942 -0.2760 -0.9413
vn -0.6332 0.0477 -0.7725
vn 0.9081 -0.3002 -0.2920
vn 0.8082 -0.0001 0.5889
vn -0.0540 0.2939 0.9543
vn -0.9328 0.3381 0.1250
vn -0.0755 -0.8098 -0.5819
vn -0.6687 -0.1138 -0.7348
vn 0.5847 -0.8102 0.0418
vn 0.7280 -0.1313 0.6728
vn 0.1759 0.7416 0.6474
vn -0.6330 0.7563 -0.1655
vn -0.5878 -0.8087 -0.0248
vn -0.7645 -0.1303 -0.6313
vn 0.0402 -0.8106 0.5843
vn 0.6140 -0.1359 0.7775
vn 0.6873 0.7157 0.1239
vn -0.1149 0.7068 -0.6980
vn -0.9161 -0.2472 0.3157
vn -0.7893 -0.0271 -0.6134
vn -0.3039 -0.2465 0.9203
vn 0.6000 -0.0246 0.7996
vn 0.9589 0.1854 -0.2148
vn 0.2082 0.1761 -0.9621
vn -0.9098 0.3059 0.2804
vn -0.7467 0.0343 -0.6643
vn -0.2776 0.3056 0.9108
vn 0.6611 0.0372 0.7494
vn 0.9400 -0.2317 -0.2503
vn 0.2476 -0.2327 -0.9405
vn -0.5217 0.8454 -0.1148
vn -0.7392 0.1949 -0.6446
vn 0.1149 0.8453 0.5217
vn 0.6447 0.1949 0.7392
vn 0.6585 -0.6732 0.3364
vn -0.3365 -0.6732 -0.6585
vn 0.0017 0.7589 -0.6512
vn -0.6934 0.0545 -0.7184
vn 0.6512 0.7589 -0.0018
vn 0.7185 0.0545 0.6934
vn -0.0130 -0.7019 0.7122
vn -0.7121 -0.7019 0.0131
vn 0.2611 0.3387 -0.9040
vn -0.6158 0.0482 -0.7864
vn 0.9039 0.3387 -0.2612
vn 0.7865 0.0482 0.6157
vn -0.1299 -0.3162 0.9398
vn -0.9397 -0.3162 0.1300
vn 0.2326 -0.3631 -0.9022
vn -0.6312 -0.0447 -0.7743
vn 0.8909 -0.3730 -0.2593
vn 0.7858 -0.0649 0.6150
vn -0.1014 0.3400 0.9349
vn -0.9259 0.3548 0.1299
vn 0.2107 -0.5471 -0.8101
vn -0.5204 0.2803 -0.8066
vn 0.6572 -0.7527 0.0387
vn 0.4958 -0.2750 0.8237
vn -0.0894 0.4443 0.8914
vn -0.6074 0.7795 0.1531
vn 0.5110 -0.3892 -0.7664
vn 0.1417 0.6727 -0.7262
vn 0.3172 -0.9484 0.0023
vn -0.1432 -0.6579 0.7394
vn -0.4816 0.1829 0.8571
vn -0.4015 0.8899 0.2166
vn 0.6900 -0.2184 -0.6901
vn 0.4876 0.7241 -0.4877
vn 0.1932 -0.9619 -0.1932
vn -0.4875 -0.7243 0.4876
vn -0.6897 0.2204 0.6898
vn -0.1918 0.9625 0.1918
vn 0.7664 -0.3892 -0.5111
vn 0.7262 0.6727 -0.1418
vn -0.0024 -0.9484 -0.3172
vn -0.7393 -0.6579 0.1433
vn -0.8571 0.1829 0.4817
vn -0.2165 0.8899 0.4015
vn 0.8100 -0.5471 -0.2109
vn 0.8067 0.2803 0.5203
vn -0.0388 -0.7527 -0.6572
vn -0.8238 -0.2750 -0.4957
vn -0.8914 0.4443 0.0895
vn -0.1530 0.7795 0.6074
vn 0.9022 -0.3631 -0.2327
vn 0.7744 -0.0447 0.6311
vn 0.2592 -0.3730 -0.8909
vn -0.6151 -0.0649 -0.7858
vn -0.9349 0.3400 0.1015
vn -0.1298 0.3548 0.9259
vn -0.7122 -0.7019 0.0131
vn -0.0131 -0.7019 0.7122
vn 0.1149 0.8454 0.5217
vn -0.2803 0.3059 0.9099
vn 0.6644 0.0343 0.7466
vn -0.9108 0.3056 0.2777
vn -0.7495 0.0372 -0.6610
vn 0.2502 -0.2317 -0.9401
vn 0.9405 -0.2327 -0.2477
vn -0.3156 -0.2471 0.9161
vn 0.6135 -0.0271 0.7893
vn -0.9202 -0.2466 0.3040
vn -0.7997 -0.0245 -0.5999
vn 0.2146 0.1854 -0.9589
vn 0.9621 0.1761 -0.2083
vn 0.0249 -0.8086 0.5878
vn 0.6314 -0.1303 0.7644
vn -0.5842 -0.8106 -0.0401
vn -0.7776 -0.1359 -0.6139
vn -0.1240 0.7157 -0.6873
vn 0.6980 0.7068 0.1148
vn 0.5819 -0.8098 0.0755
vn 0.7349 -0.1138 0.6686
vn -0.0419 -0.8102 -0.5847
vn -0.6729 -0.1313 -0.7280
vn -0.6474 0.7416 -0.1758
vn 0.1656 0.7563 0.6330
vn -0.1943 -0.2760 -0.9413
vn -0.4776 -0.2665 -0.8372
vn 0.6786 -0.6196 -0.3944
vn 0.6331 0.0477 -0.7726
vn -0.9081 -0.3002 -0.2919
vn -0.8462 0.3939 -0.3587
vn -0.8081 -0.0001 0.5890
vn -0.5523 0.7340 0.3952
vn 0.0541 0.2939 0.9543
vn 0.1760 0.5254 0.8325
vn 0.9328 0.3382 0.1249
vn 0.7567 -0.0812 0.6487
vn -0.8373 -0.2665 -0.4775
vn -0.3943 -0.6196 0.6787
vn -0.3588 0.3939 -0.8462
vn 0.3951 0.7340 -0.5524
vn 0.8325 0.5254 0.1758
vn 0.6488 -0.0812 0.7567
vn -0.9413 -0.2760 -0.1942
vn -0.7725 0.0477 0.6333
vn -0.2920 -0.3002 -0.9081
vn 0.5889 -0.0001 -0.8082
vn 0.9543 0.2939 0.0540
vn 0.1250 0.3381 0.9328
vn -0.5819 -0.8098 0.0755
vn -0.7348 -0.1138 0.6687
vn 0.0418 -0.8102 -0.5847
vn 0.6728 -0.1313 -0.7280
vn 0.6474 0.7416 -0.1759
vn -0.1655 0.7563 0.6330
vn -0.0248 -0.8087 0.5878
vn -0.6313 -0.1304 0.7645
vn 0.5842 -0.8106 -0.0402
vn 0.7775 -0.1359 -0.6140
vn 0.1239 0.7157 -0.6873
vn -0.6980 0.7068 0.1149
vn 0.3158 -0.2471 0.9161
vn -0.6134 -0.0272 0.7893
vn 0.9203 -0.2466 0.3039
vn 0.7996 -0.0246 -0.6000
vn -0.2148 0.1854 -0.9589
vn -0.9621 0.1761 -0.2082
vn 0.2804 0.3059 0.9098
vn -0.6643 0.0343 0.7467
vn 0.9108 0.3056 0.2776
vn 0.7494 0.0372 -0.6611
vn -0.2503 -0.2317 -0.9400
vn -0.9405 -0.2327 -0.2476
vn -0.1148 0.8453 0.5217
vn -0.6446 0.1949 0.7392
vn 0.5217 0.8454 -0.1149
vn 0.7392 0.1949 -0.6447
vn 0.3364 -0.6732 -0.6585
vn -0.6585 -0.6732 0.3365
vn -0.6512 0.7589 -0.0017
vn -0.7185 0.0545 0.6934
vn -0.0018 0.7589 -0.6512
vn 0.6934 0.0545 -0.7185
vn 0.7122 -0.7019 0.0130
vn 0.0131 -0.7019 0.7122
vn -0.9040 0.3387 -0.2611
vn -0.7864 0.0482 0.6158
vn -0.2612 0.3387 -0.9039
vn 0.6157 0.0482 -0.7865
vn 0.9398 -0.3162 0.1299
vn 0.1300 -0.3162 0.9397
vn -0.9022 -0.3631 -0.2326
vn -0.7743 -0.0447 0.6312
vn -0.2593 -0.3730 -0.8909
vn 0.6150 -0.0649 -0.7858
vn 0.9349 0.3400 0.1014
vn 0.1299 0.3547 0.9259
vn -0.8101 -0.5472 -0.2108
vn -0.8066 0.2803 0.5204
vn 0.0387 -0.7527 -0.6572
vn 0.8237 -0.2750 -0.4958
vn 0.8914 0.4443 0.0894
vn 0.1531 0.7795 0.6074
vn -0.7664 -0.3892 -0.5110
vn -0.7262 0.6727 -0.1417
vn 0.0023 -0.9484 -0.3172
vn 0.7394 -0.6579 0.1432
vn 0.8571 0.1829 0.4816
vn 0.2166 0.8899 0.4015
vn -0.6901 -0.2184 -0.6900
vn -0.4877 0.7241 -0.4877
vn -0.1933 -0.9619 -0.1932
vn 0.4876 -0.7243 0.4875
vn 0.6898 0.2204 0.6897
vn 0.1918 0.9625 0.1918
vn -0.5111 -0.3892 -0.7664
vn -0.1418 0.6727 -0.7262
vn -0.3172 -0.9484 0.0024
vn 0.1433 -0.6579 0.7393
vn 0.4817 0.1829 0.8571
vn 0.4015 0.8899 0.2165
vn -0.2109 -0.5471 -0.8100
vn 0.5203 0.2803 -0.8066
vn -0.6572 -0.7527 0.0388
vn -0.4957 -0.2750 0.8238
vn 0.0895 0.4443 0.8914
vn 0.6074 0.7795 0.1530
vn -0.2327 -0.3631 -0.9022
vn 0.6311 -0.0447 -0.7744
vn -0.8909 -0.3730 -0.2592
vn -0.7858 -0.0649 0.6151
vn 0.1015 0.3400 0.9349
vn 0.9259 0.3547 0.1298
vn -0.0018 0.7589 -0.6511
vn -0.7184 0.0545 0.6934
vn 0.3364 -0.6732 -0.6586
vn 0.9099 0.3059 0.2803
vn 0.7466 0.0343 -0.6644
vn 0.2777 0.3056 0.9108
vn -0.6610 0.0372 0.7495
vn -0.9401 -0.2317 -0.2502
vn -0.2477 -0.2327 -0.9405
vn 0.9161 -0.2471 0.3156
vn 0.7892 -0.0271 -0.6135
vn 0.3040 -0.2466 0.9202
vn -0.5999 -0.0246 0.7997
vn -0.9589 0.1854 -0.2146
vn -0.2083 0.1761 -0.9621
vn 0.5878 -0.8086 -0.0249
vn 0.7644 -0.1304 -0.6314
vn -0.0401 -0.8106 0.5842
vn -0.6139 -0.1359 0.7776
vn -0.6873 0.7157 0.1240
vn 0.1148 0.7068 -0.6980
vn 0.0755 -0.8098 -0.5819
vn 0.6686 -0.1138 -0.7349
vn -0.5847 -0.8102 0.0419
vn -0.7280 -0.1313 0.6729
vn -0.1758 0.7416 0.6474
vn 0.6330 0.7563 -0.1656
vn -0.9413 -0.2760 0.1943
vn -0.8372 -0.2664 0.4776
vn -0.3944 -0.6196 -0.6786
vn -0.7726 0.0477 -0.6332
vn -0.2919 -0.3002 0.9081
vn -0.3587 0.3940 0.8462
vn 0.5890 -0.0001 0.8081
vn 0.3952 0.7340 0.5523
vn 0.9543 0.2939 -0.0541
vn 0.8325 0.5254 -0.1759
vn 0.1249 0.3381 -0.9328
vn 0.6487 -0.0812 -0.7567
vn -0.4775 -0.2664 0.8373
vn 0.6787 -0.6196 0.3943
vn -0.8462 0.3940 0.3589
vn -0.5524 0.7340 -0.3951
vn 0.1758 0.5254 -0.8325
vn 0.7566 -0.0812 -0.6488
vn -0.1942 -0.2760 0.9413
vn 0.6332 0.0477 0.7725
vn -0.9081 -0.3002 0.2920
vn -0.8082 -0.0001 -0.5889
vn 0.0540 0.2939 -0.9543
vn 0.9327 0.3381 -0.1250
vn 0.0756 -0.8098 0.5819
vn 0.6687 -0.1138 0.7348
vn -0.5847 -0.8102 -0.0418
vn -0.7280 -0.1313 -0.6728
vn -0.1759 0.7416 -0.6474
vn 0.6330 0.7563 0.1655
vn 0.5878 -0.8086 0.0248
vn 0.7645 -0.1303 0.6313
vn -0.0402 -0.8106 -0.5842
vn -0.6140 -0.1359 -0.7775
vn -0.6873 0.7157 -0.1239
vn 0.1149 0.7068 0.6980
vn 0.9161 -0.2471 -0.3157
vn 0.7893 -0.0272 0.6134
vn 0.3039 -0.2466 -0.9203
vn -0.6000 -0.0245 -0.7996
vn -0.9589 0.1854 0.2148
vn -0.2082 0.1761 0.9621
vn 0.9098 0.3059 -0.2804
vn 0.7467 0.0343 0.6643
vn 0.2776 0.3056 -0.9108
vn -0.6611 0.0372 -0.7494
vn -0.9400 -0.2317 0.2503
vn -0.2476 -0.2327 0.9405
vn 0.5217 0.8454 0.1148
vn 0.7392 0.1949 0.6446
vn -0.1149 0.8454 -0.5217
vn -0.6447 0.1949 -0.7392
vn -0.6586 -0.6732 -0.3364
vn 0.3365 -0.6732 0.6585
vn -0.0017 0.7589 0.6511
vn 0.6934 0.0545 0.7184
vn -0.6512 0.7589 0.0018
vn -0.7185 0.0545 -0.6933
vn 0.0130 -0.7019 -0.7122
vn 0.7122 -0.7019 -0.0131
vn -0.2611 0.3387 0.9040
vn 0.6158 0.0482 0.7864
vn -0.9039 0.3387 0.2612
vn -0.7865 0.0482 -0.6157
vn 0.1299 -0.3162 -0.9398
vn 0.9397 -0.3162 -0.1300
vn -0.2326 -0.3631 0.9022
vn 0.6312 -0.0447 0.7743
vn -0.8909 -0.3730 0.2593
vn -0.7858 -0.0649 -0.6150
vn 0.1014 0.3400 -0.9349
vn 0.9259 0.3548 -0.1299
vn -0.2108 -0.5471 0.8101
vn 0.5205 0.2803 0.8066
vn -0.6572 -0.7527 -0.0387
vn -0.4958 -0.2750 -0.8237
vn 0.0894 0.4443 -0.8914
vn 0.6074 0.7795 -0.1531
vn -0.5110 -0.3892 0.7664
vn -0.1417 0.6727 0.7262
vn -0.3172 -0.9484 -0.0023
vn 0.1432 -0.6579 -0.7394
vn 0.4816 0.1829 -0.8571
vn 0.4015 0.8899 -0.2166
vn -0.6900 -0.2184 0.6901
vn -0.4876 0.7241 0.4877
vn -0.1932 -0.9619 0.1932
vn 0.4875 -0.7243 -0.4876
vn 0.6897 0.2204 -0.6898
vn 0.1918 0.9625 -0.1918
vn -0.7664 -0.3892 0.5111
vn -0.7262 0.6727 0.1418
vn 0.0024 -0.9484 0.3172
vn 0.7394 -0.6579 -0.1433
vn 0.8571 0.1829 -0.4817
vn 0.2165 0.8899 -0.4015
vn -0.8101 -0.5471 0.2109
vn -0.8066 0.2803 -0.5204
vn 0.0388 -0.7527 0.6572
vn 0.8238 -0.2750 0.4957
vn 0.8914 0.4444 -0.0895
vn 0.1530 0.7795 -0.6074
vn -0.9022 -0.3631 0.2327
vn -0.7744 -0.0447 -0.6311
vn -0.2592 -0.3730 0.8909
vn 0.6151 -0.0649 0.7858
vn 0.9349 0.3401 -0.1015
vn 0.1298 0.3548 -0.9259
vn -0.0017 0.7589 0.6512
vn -0.6447 0.1949 -0.7391
vn 0.2803 0.3059 -0.9099
vn -0.6644 0.0343 -0.7466
vn 0.9108 0.3056 -0.2777
vn 0.7495 0.0372 0.6610
vn -0.2502 -0.2317 0.9401
vn -0.9405 -0.2327 0.2477
vn 0.3156 -0.2471 -0.9161
vn -0.6135 -0.0272 -0.7892
vn 0.9202 -0.2466 -0.3040
vn 0.7997 -0.0245 0.5999
vn -0.2146 0.1854 0.9589
vn -0.9621 0.1761 0.2083
vn -0.0249 -0.8086 -0.5878
vn -0.6314 -0.1303 -0.7644
vn 0.5842 -0.8106 0.0401
vn 0.7776 -0.1359 0.6139
vn 0.1240 0.7157 0.6873
vn -0.6980 0.7068 -0.1148
vn -0.5819 -0.8098 -0.0755
vn -0.7349 -0.1138 -0.6686
vn 0.0419 -0.8102 0.5847
vn 0.6729 -0.1313 0.7280
vn 0.6475 0.7415 0.1758
vn -0.1655 0.7563 -0.6330
vn 0.1943 -0.2760 0.9413
vn 0.4776 -0.2665 0.8372
vn -0.6786 -0.6196 0.3944
vn -0.6332 0.0477 0.7726
vn 0.9081 -0.3002 0.2919
vn 0.8462 0.3940 0.3587
vn 0.8082 -0.0001 -0.5890
vn 0.5523 0.7340 -0.3952
vn -0.0541 0.2939 -0.9543
vn -0.1759 0.5254 -0.8325
vn -0.9328 0.3382 -0.1249
vn -0.7567 -0.0812 -0.6487
vn 0.8373 -0.2665 0.4775
vn 0.3943 -0.6196 -0.6787
vn 0.3589 0.3940 0.8462
vn -0.3951 0.7340 0.5524
vn -0.8325 0.5254 -0.1758
vn -0.6488 -0.0812 -0.7566
vn 0.9413 -0.2760 0.1942
vn 0.7725 0.0477 -0.6333
vn 0.2920 -0.3002 0.9081
vn -0.5889 -0.0001 0.8082
vn -0.9543 0.2939 -0.0540
vn -0.1250 0.3382 -0.9327
vn 0.5819 -0.8098 -0.0755
vn 0.7348 -0.1138 -0.6687
vn -0.0418 -0.8102 0.5847
vn -0.6728 -0.1313 0.7280
vn -0.6474 0.7416 0.1759
vn 0.1655 0.7563 -0.6330
vn 0.0248 -0.8086 -0.5878
vn 0.6313 -0.1303 -0.7645
vn -0.5842 -0.8106 0.0402
vn -0.7775 -0.1359 0.6140
vn -0.1239 0.7157 0.6873
vn 0.6980 0.7068 -0.1149
vn -0.3157 -0.2472 -0.9161
vn 0.6134 -0.0272 -0.7893
vn -0.9203 -0.2465 -0.3039
vn -0.7996 -0.0246 0.6000
vn 0.2148 0.1853 0.9589
vn 0.9621 0.1761 0.2081
vn -0.2804 0.3059 -0.9098
vn 0.6643 0.0343 -0.7467
vn -0.9108 0.3056 -0.2776
vn -0.7494 0.0372 0.6611
vn 0.2503 -0.2317 0.9400
vn 0.9405 -0.2327 0.2476
vn 0.1148 0.8454 -0.5217
vn 0.6446 0.1949 -0.7392
vn -0.5217 0.8453 0.1149
vn -0.7392 0.1949 0.6447
vn -0.3364 -0.6732 0.6586
vn 0.6585 -0.6732 -0.3365
vn 0.6512 0.7589 0.0017
vn 0.7185 0.0545 -0.6934
vn 0.0017 0.7589 0.6511
vn -0.6934 0.0545 0.7185
vn -0.7122 -0.7019 -0.0130
vn -0.0131 -0.7019 -0.7122
vn 0.9040 0.3387 0.2611
vn 0.7864 0.0482 -0.6158
vn 0.2612 0.3387 0.9039
vn -0.6157 0.0482 0.7865
vn -0.9398 -0.3162 -0.1299
vn -0.1300 -0.3162 -0.9398
vn 0.9022 -0.3631 0.2326
vn 0.7743 -0.0447 -0.6312
vn 0.2593 -0.3730 0.8909
vn -0.6150 -0.0649 0.7858
vn -0.9349 0.3400 -0.1014
vn -0.1299 0.3548 -0.9259
vn 0.8101 -0.5471 0.2107
vn 0.8066 0.2803 -0.5205
vn -0.0387 -0.7527 0.6572
vn -0.8237 -0.2750 0.4958
vn -0.8914 0.4443 -0.0894
vn -0.1531 0.7795 -0.6074
vn 0.7664 -0.3892 0.5110
vn 0.7262 0.6727 0.1417
vn -0.0023 -0.9484 0.3172
vn -0.7394 -0.6579 -0.1432
vn -0.8571 0.1829 -0.4816
vn -0.2166 0.8899 -0.4015
vn 0.6901 -0.2184 0.6900
vn 0.4877 0.7241 0.4877
vn 0.1933 -0.9619 0.1932
vn -0.4876 -0.7243 -0.4875
vn -0.6898 0.2204 -0.6897
vn -0.1918 0.9625 -0.1918
vn 0.5111 -0.3892 0.7664
vn 0.1418 0.6727 0.7262
vn 0.3172 -0.9484 -0.0024
vn -0.1433 -0.6579 -0.7393
vn -0.4817 0.1829 -0.8571
vn -0.4015 0.8899 -0.2165
vn 0.2109 -0.5471 0.8100
vn -0.5204 0.2803 0.8066
vn 0.6572 -0.7527 -0.0388
vn 0.4957 -0.2750 -0.8238
vn -0.0895 0.4443 -0.8914
vn -0.6074 0.7795 -0.1530
vn 0.2327 -0.3631 0.9022
vn -0.6311 -0.0447 0.7744
vn 0.8909 -0.3730 0.2592
vn 0.7858 -0.0649 -0.6151
vn -0.1015 0.3400 -0.9349
vn -0.9259 0.3548 -0.1298
vn -0.1300 -0.3162 -0.9397
vn 0.0018 0.7589 0.6511
vn -0.3364 -0.6732 0.6585
vn -0.9099 0.3059 -0.2803
vn -0.7466 0.0343 0.6644
vn -0.2777 0.3056 -0.9108
vn 0.6610 0.0372 -0.7495
vn 0.9401 -0.2317 0.2502
vn 0.2477 -0.2327 0.9405
vn -0.9161 -0.2471 -0.3156
vn -0.7892 -0.0272 0.6135
vn -0.3040 -0.2466 -0.9202
vn 0.5999 -0.0245 -0.7997
vn 0.9589 0.1854 0.2146
vn 0.2083 0.1761 0.9621
vn -0.5878 -0.8087 0.0249
vn -0.7644 -0.1303 0.6314
vn 0.0401 -0.8106 -0.5843
vn 0.6139 -0.1359 -0.7776
vn 0.6873 0.7157 -0.1240
vn -0.1148 0.7068 0.6980
vn -0.0755 -0.8098 0.5819
vn -0.6686 -0.1138 0.7349
vn 0.5847 -0.8102 -0.0419
vn 0.7280 -0.1313 -0.6729
vn 0.1758 0.7416 -0.6474
vn -0.6330 0.7563 0.1656
vn 0.9074 -0.0760 -0.4134
vn 0.7635 -0.5877 -0.2676
vn 0.2675 -0.5877 -0.7636
vn 0.4133 -0.0760 -0.9074
vn -0.7843 0.5325 -0.3184
vn -0.6252 0.7799 0.0285
vn -0.7276 0.6702 0.1463
vn -0.8470 0.4867 -0.2139
vn -0.5764 0.8151 0.0577
vn -0.0577 0.8151 0.5764
vn -0.0284 0.7799 0.6252
vn -0.7122 0.0082 -0.7019
vn -0.7891 0.3706 -0.4900
vn 0.4900 0.3706 0.7890
vn 0.3185 0.5325 0.7842
vn 0.7144 -0.6801 -0.1648
vn 0.1647 -0.6801 -0.7144
vn 0.0472 -0.7891 -0.6125
vn 0.6125 -0.7891 -0.0473
vn 0.2141 0.4867 0.8470
vn -0.1462 0.6702 0.7276
vn -0.8879 0.2695 -0.3729
vn -0.7642 0.5849 0.2717
vn -0.7145 0.0059 -0.6996
vn -0.7154 0.0011 -0.6987
vn -0.9540 0.0438 -0.2966
vn 0.7020 0.0082 0.7121
vn 0.3730 0.2695 0.8878
vn 0.6997 0.0059 0.7144
vn 0.2967 0.0438 0.9540
vn 0.6988 0.0011 0.7154
vn -0.7141 -0.0037 -0.7001
vn -0.9121 -0.1994 -0.3582
vn -0.8430 -0.4177 0.3389
vn -0.9061 0.0779 0.4159
vn -0.4158 0.0779 0.9061
vn -0.3388 -0.4177 0.8430
vn 0.3583 -0.1994 0.9121
vn -0.2716 0.5849 0.7643
vn -0.8690 -0.2512 -0.4262
vn -0.7743 -0.5793 0.2548
vn 0.3352 0.4215 -0.8426
vn 0.8425 0.4215 -0.3353
vn -0.7131 -0.0052 -0.7011
vn 0.7002 -0.0037 0.7140
vn 0.4263 -0.2512 0.8690
vn 0.7012 -0.0052 0.7130
vn 0.7809 -0.5578 0.2811
vn 0.7887 -0.3665 0.4936
vn 0.7015 0.0091 0.7126
vn 0.8391 -0.5159 0.1725
vn -0.2812 -0.5578 -0.7809
vn -0.1726 -0.5159 -0.8391
vn 0.5204 0.6768 -0.5207
vn 0.5203 0.6769 -0.5207
vn 0.6995 -0.0041 0.7146
vn 0.9076 0.1971 0.3706
vn 0.8664 0.2487 0.4331
vn 0.7006 -0.0057 0.7135
vn 0.5725 -0.8175 -0.0629
vn 0.0629 -0.8175 -0.5725
vn 0.9497 -0.0432 0.3102
vn 0.7728 0.5818 -0.2534
vn 0.7059 0.0562 -0.7060
vn 0.5931 0.5444 -0.5932
vn 0.4614 -0.7390 -0.4909
vn 0.4351 -0.7800 -0.4498
vn 0.4351 -0.7799 -0.4499
vn 0.4591 -0.7680 -0.4465
vn 0.4498 -0.7769 -0.4406
vn 0.4499 -0.7768 -0.4406
vn 0.4591 -0.7680 -0.4466
vn -0.2547 -0.5793 0.7743
vn 0.5206 0.6768 -0.5205
vn 0.5206 0.6769 -0.5204
vn 0.5115 0.6904 -0.5116
vn 0.4465 -0.7680 -0.4592
vn 0.4465 -0.7679 -0.4592
vn 0.4406 -0.7768 -0.4499
vn 0.4406 -0.7769 -0.4498
vn 0.6051 -0.5172 -0.6052
vn -0.4937 -0.3665 -0.7887
vn -0.3836 -0.2622 -0.8855
vn 0.4499 -0.7799 -0.4351
vn 0.4484 -0.7732 -0.4484
vn 0.4498 -0.7800 -0.4351
vn 0.5115 0.6904 -0.5115
vn 0.4599 -0.7636 -0.4532
vn -0.7153 0.0065 -0.6988
vn -0.7163 0.0012 -0.6978
vn -0.3103 -0.0432 -0.9497
vn 0.8855 -0.2622 0.3835
vn 0.6989 0.0065 0.7152
vn -0.7147 -0.0041 -0.6994
vn -0.7136 -0.0058 -0.7005
vn -0.4332 0.2487 -0.8663
vn -0.3708 0.1972 -0.9076
vn 0.2533 0.5818 -0.7728
vn 0.4532 -0.7636 -0.4599
vn 0.6978 0.0012 0.7163
vn -0.7127 0.0091 -0.7014
vn 0.4909 -0.7390 -0.4615
vn -0.4134 -0.0760 -0.9074
vn -0.2676 -0.5877 -0.7635
vn -0.7636 -0.5877 -0.2675
vn -0.9074 -0.0760 -0.4133
vn -0.3184 0.5325 0.7843
vn 0.0285 0.7799 0.6252
vn 0.1463 0.6702 0.7276
vn -0.2139 0.4867 0.8470
vn 0.0577 0.8151 0.5764
vn 0.5764 0.8151 0.0577
vn 0.6252 0.7799 0.0284
vn -0.7020 0.0082 0.7122
vn -0.4900 0.3706 0.7890
vn 0.7890 0.3706 -0.4900
vn 0.7842 0.5325 -0.3185
vn -0.1648 -0.6801 -0.7144
vn -0.7144 -0.6801 -0.1647
vn -0.6125 -0.7891 -0.0472
vn -0.0472 -0.7891 -0.6125
vn 0.8470 0.4867 -0.2140
vn 0.7276 0.6702 0.1462
vn -0.3729 0.2695 0.8879
vn 0.2717 0.5849 0.7642
vn -0.6996 0.0059 0.7145
vn -0.6987 0.0011 0.7154
vn -0.2966 0.0438 0.9540
vn 0.7121 0.0082 -0.7020
vn 0.8878 0.2695 -0.3730
vn 0.7144 0.0059 -0.6997
vn 0.9539 0.0438 -0.2968
vn 0.7154 0.0011 -0.6988
vn -0.7001 -0.0037 0.7141
vn -0.3582 -0.1994 0.9121
vn 0.3389 -0.4177 0.8430
vn 0.4159 0.0779 0.9061
vn 0.9061 0.0779 0.4158
vn 0.8430 -0.4177 0.3388
vn 0.9121 -0.1994 -0.3583
vn 0.7643 0.5849 0.2716
vn -0.4262 -0.2512 0.8690
vn 0.2548 -0.5793 0.7743
vn -0.8426 0.4215 -0.3352
vn -0.3353 0.4215 -0.8425
vn -0.7011 -0.0052 0.7131
vn 0.7140 -0.0037 -0.7002
vn 0.8690 -0.2512 -0.4263
vn 0.7130 -0.0052 -0.7012
vn 0.2811 -0.5578 -0.7809
vn 0.4936 -0.3665 -0.7887
vn 0.7126 0.0091 -0.7015
vn 0.1725 -0.5159 -0.8391
vn -0.7809 -0.5578 0.2812
vn -0.8391 -0.5159 0.1726
vn -0.5207 0.6768 -0.5205
vn -0.5207 0.6769 -0.5203
vn 0.7147 -0.0041 -0.6995
vn 0.3706 0.1971 -0.9076
vn 0.4331 0.2487 -0.8664
vn 0.7135 -0.0057 -0.7006
vn -0.0629 -0.8175 -0.5725
vn -0.5725 -0.8175 -0.0629
vn 0.3102 -0.0432 -0.9497
vn -0.2534 0.5818 -0.7728
vn -0.7060 0.0562 -0.7060
vn -0.5931 0.5444 -0.5931
vn -0.4909 -0.7390 -0.4614
vn -0.4499 -0.7800 -0.4350
vn -0.4499 -0.7799 -0.4351
vn -0.4466 -0.7680 -0.4591
vn -0.4406 -0.7769 -0.4498
vn -0.4406 -0.7768 -0.4499
vn -0.4466 -0.7679 -0.4591
vn 0.7743 -0.5793 0.2547
vn -0.5205 0.6768 -0.5206
vn -0.5204 0.6769 -0.5206
vn -0.5115 0.6904 -0.5115
vn -0.7060 0.0562 -0.7059
vn -0.5932 0.5444 -0.5931
vn -0.4592 -0.7680 -0.4464
vn -0.4592 -0.7680 -0.4465
vn -0.4499 -0.7768 -0.4405
vn -0.4499 -0.7769 -0.4405
vn -0.6052 -0.5172 -0.6051
vn -0.7887 -0.3665 0.4937
vn -0.8855 -0.2622 0.3836
vn -0.4351 -0.7799 -0.4498
vn -0.4484 -0.7732 -0.4484
vn -0.4351 -0.7800 -0.4498
vn -0.5116 0.6904 -0.5115
vn -0.4533 -0.7636 -0.4599
vn -0.6988 0.0065 0.7153
vn -0.6977 0.0012 0.7163
vn -0.9497 -0.0432 0.3103
vn 0.3835 -0.2622 -0.8855
vn 0.7152 0.0065 -0.6989
vn -0.6994 -0.0041 0.7147
vn -0.7005 -0.0058 0.7136
vn -0.8663 0.2487 0.4332
vn -0.9076 0.1972 0.3708
vn -0.7728 0.5818 -0.2534
vn -0.4484 -0.7732 -0.4483
vn -0.6052 -0.5173 -0.6051
vn -0.4600 -0.7636 -0.4531
vn 0.7163 0.0012 -0.6978
vn -0.7014 0.0091 0.7127
vn -0.4615 -0.7390 -0.4908
vn -0.9074 -0.0760 0.4134
vn -0.7635 -0.5877 0.2676
vn -0.2675 -0.5877 0.7636
vn -0.4133 -0.0760 0.9074
vn 0.7843 0.5325 0.3184
vn 0.6252 0.7799 -0.0285
vn 0.7276 0.6702 -0.1463
vn 0.8470 0.4867 0.2139
vn 0.5764 0.8151 -0.0577
vn 0.0577 0.8151 -0.5764
vn 0.0285 0.7799 -0.6252
vn 0.7122 0.0082 0.7019
vn 0.7891 0.3706 0.4900
vn -0.4901 0.3706 -0.7890
vn -0.3185 0.5325 -0.7842
vn -0.7144 -0.6801 0.1648
vn -0.1647 -0.6801 0.7144
vn -0.0472 -0.7891 0.6125
vn -0.6125 -0.7891 0.0472
vn -0.2140 0.4867 -0.8470
vn 0.1462 0.6702 -0.7276
vn 0.8879 0.2695 0.3729
vn 0.7642 0.5849 -0.2717
vn 0.7145 0.0059 0.6996
vn 0.7154 0.0011 0.6987
vn 0.9540 0.0438 0.2966
vn -0.7020 0.0082 -0.7121
vn -0.3730 0.2695 -0.8878
vn -0.6997 0.0059 -0.7144
vn -0.2967 0.0438 -0.9540
vn -0.6988 0.0011 -0.7154
vn 0.7141 -0.0037 0.7001
vn 0.9121 -0.1994 0.3582
vn 0.8430 -0.4177 -0.3389
vn 0.9061 0.0779 -0.4159
vn 0.4158 0.0779 -0.9061
vn 0.3388 -0.4177 -0.8430
vn -0.3583 -0.1994 -0.9121
vn 0.2716 0.5849 -0.7643
vn 0.8690 -0.2512 0.4262
vn 0.7743 -0.5793 -0.2548
vn -0.3352 0.4215 0.8426
vn -0.8425 0.4215 0.3353
vn 0.7131 -0.0052 0.7011
vn -0.7002 -0.0037 -0.7140
vn -0.4263 -0.2512 -0.8690
vn -0.7012 -0.0052 -0.7130
vn -0.7809 -0.5578 -0.2811
vn -0.7887 -0.3665 -0.4936
vn -0.7015 0.0091 -0.7126
vn -0.8391 -0.5159 -0.1725
vn 0.2812 -0.5578 0.7809
vn 0.1726 -0.5159 0.8391
vn -0.5204 0.6768 0.5207
vn -0.5203 0.6769 0.5207
vn -0.6995 -0.0041 -0.7146
vn -0.9076 0.1971 -0.3706
vn -0.8664 0.2487 -0.4331
vn -0.7006 -0.0058 -0.7135
vn -0.5725 -0.8175 0.0629
vn -0.0629 -0.8175 0.5725
vn -0.9497 -0.0432 -0.3102
vn -0.7728 0.5818 0.2534
vn -0.7059 0.0562 0.7060
vn -0.5931 0.5444 0.5932
vn -0.4614 -0.7390 0.4909
vn -0.4351 -0.7800 0.4498
vn -0.4351 -0.7799 0.4499
vn -0.4591 -0.7680 0.4465
vn -0.4498 -0.7769 0.4406
vn -0.4499 -0.7768 0.4406
vn -0.4592 -0.7679 0.4466
vn 0.2547 -0.5793 -0.7743
vn -0.5206 0.6768 0.5205
vn -0.5206 0.6769 0.5204
vn -0.5115 0.6904 0.5115
vn -0.4465 -0.7680 0.4592
vn -0.4405 -0.7769 0.4499
vn -0.6051 -0.5172 0.6052
vn 0.4937 -0.3665 0.7887
vn 0.3836 -0.2622 0.8855
vn -0.4498 -0.7799 0.4351
vn -0.4484 -0.7732 0.4484
vn -0.4498 -0.7800 0.4351
vn -0.4599 -0.7636 0.4532
vn 0.7153 0.0065 0.6988
vn 0.7163 0.0012 0.6977
vn 0.3103 -0.0432 0.9497
vn -0.8855 -0.2622 -0.3835
vn -0.6989 0.0065 -0.7152
vn 0.7147 -0.0041 0.6994
vn 0.7136 -0.0058 0.7005
vn 0.4332 0.2487 0.8663
vn 0.3707 0.1972 0.9076
vn -0.2534 0.5818 0.7728
vn -0.6051 -0.5173 0.6052
vn -0.4532 -0.7636 0.4600
vn -0.6978 0.0012 -0.7162
vn 0.7127 0.0091 0.7014
vn -0.4908 -0.7390 0.4615
vn 0.4134 -0.0760 0.9074
vn 0.2676 -0.5877 0.7635
vn 0.7636 -0.5877 0.2675
vn 0.9074 -0.0760 0.4133
vn 0.3184 0.5325 -0.7843
vn -0.0285 0.7799 -0.6252
vn -0.1463 0.6702 -0.7276
vn 0.2139 0.4867 -0.8470
vn -0.0577 0.8151 -0.5764
vn -0.5764 0.8151 -0.0577
vn -0.6252 0.7799 -0.0284
vn 0.7020 0.0082 -0.7122
vn 0.4900 0.3706 -0.7890
vn -0.7890 0.3706 0.4901
vn -0.7842 0.5325 0.3185
vn 0.1648 -0.6801 0.7144
vn 0.7144 -0.6801 0.1647
vn 0.6125 -0.7891 0.0472
vn 0.0473 -0.7891 0.6125
vn -0.8470 0.4867 0.2140
vn -0.7276 0.6702 -0.1462
vn 0.3729 0.2695 -0.8879
vn -0.2717 0.5849 -0.7642
vn 0.6996 0.0059 -0.7145
vn 0.6987 0.0011 -0.7154
vn 0.2966 0.0438 -0.9540
vn -0.7121 0.0082 0.7020
vn -0.8878 0.2695 0.3730
vn -0.7144 0.0059 0.6997
vn -0.9539 0.0438 0.2968
vn -0.7154 0.0011 0.6988
vn 0.7001 -0.0037 -0.7141
vn 0.3582 -0.1994 -0.9121
vn -0.3389 -0.4177 -0.8430
vn -0.4159 0.0779 -0.9061
vn -0.9061 0.0779 -0.4158
vn -0.8430 -0.4177 -0.3388
vn -0.9121 -0.1994 0.3583
vn -0.7643 0.5849 -0.2716
vn 0.4262 -0.2512 -0.8690
vn -0.2548 -0.5793 -0.7743
vn 0.8426 0.4215 0.3352
vn 0.3353 0.4215 0.8425
vn 0.7011 -0.0052 -0.7131
vn -0.7140 -0.0037 0.7002
vn -0.8690 -0.2512 0.4263
vn -0.7130 -0.0052 0.7012
vn -0.2811 -0.5578 0.7809
vn -0.4936 -0.3665 0.7887
vn -0.7126 0.0091 0.7015
vn -0.1725 -0.5159 0.8391
vn 0.7809 -0.5578 -0.2812
vn 0.8391 -0.5159 -0.1726
vn 0.5207 0.6768 0.5204
vn 0.5207 0.6769 0.5203
vn -0.7146 -0.0041 0.6995
vn -0.3706 0.1971 0.9076
vn -0.4331 0.2487 0.8664
vn -0.7135 -0.0058 0.7006
vn 0.0629 -0.8175 0.5725
vn 0.5725 -0.8175 0.0629
vn -0.3102 -0.0432 0.9497
vn 0.2534 0.5818 0.7728
vn 0.7060 0.0562 0.7059
vn 0.5932 0.5444 0.5931
vn 0.4909 -0.7390 0.4614
vn 0.4498 -0.7800 0.4350
vn 0.4499 -0.7799 0.4351
vn 0.4465 -0.7680 0.4591
vn 0.4406 -0.7769 0.4498
vn 0.4406 -0.7769 0.4499
vn 0.4466 -0.7680 0.4591
vn -0.7743 -0.5793 -0.2547
vn 0.5205 0.6768 0.5206
vn 0.5204 0.6769 0.5206
vn 0.5116 0.6904 0.5115
vn 0.7060 0.0562 0.7060
vn 0.4592 -0.7680 0.4465
vn 0.4499 -0.7768 0.4406
vn 0.4498 -0.7769 0.4406
vn 0.6052 -0.5173 0.6051
vn 0.7887 -0.3665 -0.4937
vn 0.8855 -0.2622 -0.3836
vn 0.4351 -0.7799 0.4498
vn 0.4484 -0.7732 0.4484
vn 0.4351 -0.7800 0.4498
vn 0.4533 -0.7636 0.4599
vn 0.6988 0.0065 -0.7153
vn 0.6977 0.0012 -0.7163
vn 0.9497 -0.0432 -0.3103
vn -0.3835 -0.2622 0.8855
vn -0.7152 0.0065 0.6989
vn 0.6994 -0.0041 -0.7147
vn 0.7005 -0.0058 -0.7136
vn 0.8663 0.2487 -0.4332
vn 0.9076 0.1972 -0.3708
vn 0.7728 0.5818 0.2533
vn 0.6052 -0.5172 0.6051
vn 0.4599 -0.7636 0.4532
vn -0.7163 0.0012 0.6978
vn 0.7014 0.0091 -0.7127
vn 0.4614 -0.7390 0.4908
vn -0.8078 -0.0000 0.5894
vn -0.8367 -0.0000 0.5477
vn -0.7176 -0.0000 0.6965
vn -0.6130 -0.0000 0.7901
vn -0.5718 -0.0000 0.8204
vn 0.8079 -0.0000 -0.5893
vn 0.8368 -0.0000 -0.5476
vn 0.7176 -0.0000 -0.6965
vn 0.6129 -0.0000 -0.7902
vn 0.5717 -0.0000 -0.8204
vn 0.8205 -0.0000 0.5717
vn -0.5476 -0.0000 -0.8368
vn -0.9914 -0.1305 0.0001
vn -0.9914 0.1305 0.0001
vn 0.1305 0.9914 -0.0000
vn -0.1305 0.9914 -0.0000
vn 0.9914 -0.1305 -0.0001
vn 0.9914 0.1305 -0.0001
vn 0.1305 -0.9914 -0.0000
vn 0.5000 -0.8660 -0.0000
vn 0.8660 -0.5000 -0.0001
vn 0.5000 0.8660 -0.0000
vn 0.8660 0.5000 -0.0001
vn -0.1305 -0.9914 -0.0000
vn -0.5000 -0.8660 -0.0000
vn -0.8660 -0.5000 0.0001
vn -0.5000 0.8660 -0.0000
vn -0.8660 0.5000 0.0001
vn 0.1374 0.9905 -0.0000
vn -0.1374 0.9905 -0.0000
vn 0.9905 -0.1374 -0.0001
vn 0.9905 0.1374 -0.0001
vn -0.8625 -0.5060 -0.0000
vn -0.5060 -0.8625 -0.0000
vn 0.8625 0.5060 -0.0001
vn 0.5060 -0.8625 -0.0000
vn 0.8625 -0.5060 -0.0000
vn -0.1374 -0.9905 -0.0000
vn 0.1374 -0.9905 -0.0000
vn -0.5060 0.8625 -0.0000
vn -0.8625 0.5060 0.0001
vn 0.5060 0.8625 -0.0000
vn -0.9905 -0.1374 0.0001
vn -0.9905 0.1374 0.0001
vn 0.0824 0.3051 0.9488
vn 0.1478 0.2280 0.9624
vn 0.2462 0.1939 0.9496
vn 0.1782 0.2678 0.9469
vn 0.2102 0.0423 0.9767
vn 0.2922 0.0587 0.9545
vn 0.2244 -0.1532 0.9624
vn 0.3020 -0.0838 0.9496
vn 0.1939 -0.2495 0.9488
vn 0.2679 -0.1781 0.9468
vn -0.0598 0.2977 0.9528
vn -0.0438 0.2183 0.9749
vn 0.0439 -0.2183 0.9749
vn 0.0599 -0.2977 0.9528
vn -0.1938 0.2495 0.9488
vn -0.2243 0.1532 0.9624
vn -0.2101 -0.0423 0.9768
vn -0.1477 -0.2280 0.9624
vn -0.0823 -0.3050 0.9488
vn -0.2677 0.1781 0.9469
vn -0.3019 0.0838 0.9497
vn -0.2921 -0.0587 0.9546
vn -0.2461 -0.1939 0.9496
vn -0.1781 -0.2678 0.9469
vn -0.9952 -0.0000 0.0981
vn 0.9952 -0.0000 0.0980
vn 0.3827 -0.0000 0.9239
vn 0.9239 -0.0000 0.3826
vn -0.9239 -0.0000 0.3827
vn -0.3826 -0.0000 0.9239
vn 0.9808 -0.0000 -0.1952
vn 0.1950 -0.0000 -0.9808
vn -0.1952 -0.0000 -0.9808
vn -0.9808 -0.0000 -0.1950
vn 0.9808 -0.0000 -0.1951
vn -0.0001 1.0000 -0.0000
vn -0.0001 -1.0000 -0.0000
vn -0.0002 -1.0000 0.0001
vn -0.0001 1.0000 -0.0001
vn 0.0001 -1.0000 -0.0000
vn -0.0000 -0.9952 0.0980
vn -0.0000 0.9952 0.0980
vn 0.0001 0.3827 0.9239
vn -0.0000 0.7071 0.7071
vn -0.0000 0.9239 0.3827
vn -0.0000 -0.9239 0.3827
vn -0.0000 -0.7071 0.7071
vn 0.0001 -0.3827 0.9239
vn -0.0000 0.9808 -0.1951
vn -0.0001 0.1951 -0.9808
vn -0.0001 -0.1951 -0.9808
vn -0.0000 0.7071 -0.7071
vn -0.0000 -0.9808 -0.1951
vn -0.0000 -0.7071 -0.7071
vn 1.0000 -0.0000 -0.0000
vn -0.9654 0.2257 0.1304
vn -0.9655 0.2257 -0.1302
vn 0.4689 0.7649 0.4416
vn 0.4689 0.7649 -0.4416
vn -0.5187 0.7404 -0.4274
vn -0.5187 0.7404 -0.4275
vn -0.5187 -0.0000 -0.8549
vn -0.9655 -0.0000 -0.2605
vn 0.5186 0.7404 -0.4275
vn 0.5186 -0.0000 -0.8550
vn -0.5777 0.7069 -0.4081
vn -0.5777 -0.0000 -0.8162
vn -0.5777 0.7069 0.4082
vn 0.0001 -0.5000 0.8660
vn -0.0000 -0.5000 -0.8660
vn -0.0000 -0.5000 0.8660
vn -0.0001 0.5000 -0.8660
vn 0.0001 0.5000 0.8660
vn 0.5776 -0.0000 -0.8163
vn 0.5776 -0.7069 -0.4082
vn 0.5777 -0.7069 0.4081
vn 0.5777 -0.0000 0.8162
vn 0.5777 0.7069 0.4081
vn 0.5777 0.7069 -0.4082
vn 0.4689 -0.0000 -0.8833
vn -0.9654 -0.0000 0.2607
vn -0.9655 -0.2257 -0.1302
vn -0.9654 -0.2257 0.1304
vn 0.5187 0.7404 0.4274
vn -0.5187 0.7404 0.4275
vn 0.4690 -0.0000 0.8832
vn -0.5776 -0.0000 0.8163
vn 0.5188 -0.0000 0.8549
vn -0.5186 -0.0000 0.8550
vn 0.4689 -0.7649 0.4416
vn -0.5776 -0.7069 0.4082
vn 0.5187 -0.7404 0.4274
vn -0.5187 -0.7404 0.4275
vn 0.4689 -0.7649 -0.4417
vn 0.4689 -0.7649 -0.4416
vn -0.5777 -0.7069 -0.4081
vn 0.5187 -0.7404 -0.4275
vn -0.5187 -0.7404 -0.4275
vn -0.5187 -0.7404 -0.4274
vn -0.0000 -0.8660 -0.5000
vn -0.0000 0.8660 0.5000
vn -0.0001 -0.5000 -0.8660
vn -0.0000 -0.8660 0.5000
vn -0.0000 0.8660 -0.5000
vn 0.9655 0.2257 0.1302
vn 0.9654 0.2257 -0.1304
vn -0.4689 0.7649 0.4417
vn -0.4690 0.7649 -0.4416
vn -0.4689 0.7649 0.4416
vn 0.5187 0.7404 -0.4275
vn 0.9654 -0.0000 -0.2607
vn 0.5777 -0.0000 -0.8163
vn -0.5777 -0.7069 0.4082
vn -0.4690 -0.0000 -0.8832
vn 0.9655 -0.0000 0.2606
vn 0.9654 -0.2257 -0.1304
vn 0.9655 -0.2257 0.1302
vn 0.5187 0.7404 0.4275
vn -0.4688 -0.0000 0.8833
vn 0.5187 -0.0000 0.8549
vn -0.4689 -0.7649 0.4417
vn 0.5187 -0.7404 0.4275
vn -0.4690 -0.7649 -0.4416
vn 0.5777 -0.7069 -0.4082
vn 0.5186 -0.7404 -0.4275
vn -0.1944 -0.7258 0.6599
vn 0.1945 -0.7258 0.6599
vn 0.0231 -0.0858 0.9960
vn -0.0229 -0.0858 0.9960
vn 0.5313 -0.5313 0.6598
vn 0.0629 -0.0628 0.9960
vn -0.4763 0.4764 0.7390
vn -0.1743 0.6508 0.7390
vn 0.1744 0.6508 0.7390
vn -0.2588 0.9659 -0.0000
vn 0.2588 0.9659 -0.0000
vn -0.7071 0.7071 -0.0000
vn -0.4764 0.4764 -0.7390
vn -0.1744 0.6508 -0.7390
vn 0.1743 0.6508 -0.7390
vn 0.0229 -0.0858 -0.9960
vn -0.0231 -0.0858 -0.9960
vn 0.0628 -0.0628 -0.9961
vn 0.7071 -0.7071 -0.0000
vn 0.9659 -0.2588 -0.0001
vn 0.7258 -0.1945 0.6599
vn 0.2588 -0.9659 -0.0000
vn 0.7335 0.6797 -0.0000
vn 0.5492 0.5062 0.6649
vn 0.7259 0.1925 0.6603
vn 0.9665 0.2565 -0.0001
vn -0.5313 -0.5313 -0.6598
vn -0.1945 -0.7258 -0.6599
vn -0.2588 -0.9659 -0.0000
vn -0.7071 -0.7071 -0.0000
vn 0.5313 -0.5313 -0.6599
vn 0.1944 -0.7258 -0.6599
vn 0.0858 -0.0230 0.9960
vn -0.6507 0.1743 0.7390
vn -0.9659 0.2587 0.0001
vn -0.6508 0.1743 -0.7390
vn 0.0857 -0.0230 -0.9961
vn -0.4066 0.6012 -0.6879
vn -0.5492 0.5062 -0.6649
vn -0.7335 0.6797 -0.0000
vn -0.5588 0.8293 -0.0000
vn 0.7257 -0.1945 -0.6599
vn 0.0849 0.0222 0.9961
vn -0.6516 -0.1732 0.7385
vn -0.9664 -0.2569 0.0001
vn -0.6517 -0.1732 -0.7384
vn 0.0848 0.0222 -0.9961
vn -0.0599 0.0502 0.9969
vn -0.0848 0.0222 0.9961
vn 0.6517 -0.1732 0.7384
vn 0.4964 -0.4643 0.7335
vn 0.7258 0.1925 -0.6604
vn 0.0600 0.0502 0.9969
vn -0.4963 -0.4643 0.7335
vn -0.7317 -0.6816 -0.0000
vn -0.4964 -0.4643 -0.7335
vn 0.0599 0.0502 -0.9969
vn 0.5588 0.8293 -0.0000
vn 0.4066 0.6012 0.6879
vn -0.7259 0.1925 -0.6603
vn -0.7258 -0.1945 -0.6599
vn -0.9659 -0.2589 0.0001
vn -0.9665 0.2565 0.0001
vn 0.5491 0.5062 -0.6650
vn 0.0528 0.0158 0.9985
vn -0.2764 -0.6215 0.7330
vn -0.4002 -0.9164 -0.0000
vn -0.2765 -0.6215 -0.7330
vn 0.0527 0.0158 -0.9985
vn -0.5491 0.5062 0.6650
vn -0.4065 0.6012 0.6880
vn 0.4065 0.6012 -0.6880
vn -0.8402 0.5422 0.0001
vn -0.5764 0.4467 0.6843
vn -0.0527 0.0158 0.9985
vn 0.2765 -0.6215 0.7330
vn -0.1148 -0.0099 0.9933
vn 0.1139 -0.9935 -0.0000
vn 0.4002 -0.9164 -0.0000
vn 0.2764 -0.6215 -0.7330
vn 0.0830 -0.6573 -0.7490
vn 0.4963 -0.4643 -0.7335
vn -0.0600 0.0502 -0.9969
vn -0.0528 0.0158 -0.9985
vn -0.7258 0.1925 0.6604
vn -0.1149 -0.0099 -0.9933
vn -0.1139 -0.9935 -0.0000
vn -0.0830 -0.6573 0.7490
vn 0.0831 -0.6573 0.7490
vn 0.8402 0.5422 -0.0001
vn 0.5765 0.4467 0.6842
vn 0.1149 -0.0099 0.9933
vn -0.5765 0.4467 -0.6842
vn -0.0831 -0.6573 -0.7490
vn 0.1148 -0.0099 -0.9933
vn 0.7317 -0.6816 -0.0000
vn 0.9664 -0.2569 -0.0001
vn 0.6516 -0.1732 -0.7385
vn -0.0849 0.0223 -0.9961
vn -0.7257 -0.1945 0.6599
vn -0.0857 -0.0230 0.9961
vn 0.9659 0.2587 -0.0001
vn 0.6507 0.1743 -0.7390
vn 0.6508 0.1743 0.7390
vn -0.0858 -0.0230 -0.9960
vn -0.5313 -0.5313 0.6599
vn -0.0628 -0.0628 0.9961
vn 0.4764 0.4764 0.7390
vn 0.7071 0.7071 -0.0000
vn 0.4763 0.4764 -0.7390
vn -0.0629 -0.0628 -0.9960
vn -0.8093 0.2404 0.5360
vn -0.9309 0.2180 0.2931
vn -0.3701 0.1785 0.9117
vn -0.5968 0.1096 0.7949
vn -0.3702 0.1785 -0.9116
vn 0.3701 0.1785 -0.9117
vn 0.5764 0.4467 -0.6843
vn 0.5808 0.1071 0.8070
vn -0.5807 0.1071 0.8071
vn 0.5969 0.1096 0.7948
vn -0.5969 0.1096 -0.7948
vn -0.5808 0.1071 -0.8070
vn 0.5807 0.1071 -0.8071
vn 0.5968 0.1096 -0.7949
vn 0.8093 0.2404 -0.5360
vn 0.9309 0.2180 -0.2931
vn 0.3702 0.1785 0.9116
vn 0.9936 0.1134 -0.0001
vn 0.4570 0.5023 -0.7341
vn 0.5701 0.8216 -0.0000
vn 0.4571 0.5023 0.7340
vn -0.4570 0.5023 0.7341
vn -0.4571 0.5023 -0.7340
vn -0.5701 0.8216 -0.0000
vn -0.9992 0.0412 0.0001
vn -0.9936 0.1134 0.0001
vn 0.9992 0.0412 -0.0001
vn -0.8093 0.2404 -0.5359
vn -0.9309 0.2180 -0.2930
vn 0.8093 0.2404 0.5359
vn 0.9309 0.2180 0.2930
vn -0.9878 0.1557 0.0001
vn 0.9878 0.1557 -0.0001
vn 0.6859 0.6095 -0.3976
vn -0.0000 0.6085 0.7935
vn 0.6860 0.6095 0.3973
vn -0.0001 0.6084 -0.7936
vn -0.6859 0.6095 0.3974
vn -0.6860 0.6095 -0.3975
vn -0.0000 -0.6085 0.7935
vn 0.6859 -0.6095 -0.3975
vn 0.6860 -0.6095 0.3973
vn -0.0001 -0.6084 -0.7936
vn -0.6859 -0.6095 0.3974
vn -0.6860 -0.6095 -0.3974
vn 0.8474 0.0726 0.5260
vn 0.0001 0.1362 0.9907
vn 0.8831 -0.0580 -0.4655
vn -0.0001 -0.1231 -0.9924
vn -0.8832 -0.0580 -0.4654
vn -0.8473 0.0726 0.5261
vn 0.8315 0.2801 0.4798
vn 0.0001 0.5036 0.8639
vn 0.9027 -0.2132 -0.3736
vn -0.0001 -0.4949 -0.8690
vn -0.9028 -0.2132 -0.3735
vn -0.8314 0.2801 0.4799
vn 0.8303 0.4827 0.2786
vn 0.9016 -0.3745 -0.2163
vn -0.9017 -0.3745 -0.2162
vn -0.8303 0.4827 0.2787
vn 0.8303 0.5573 -0.0001
vn 0.9016 -0.4325 -0.0001
vn -0.9016 -0.4325 0.0001
vn -0.8303 0.5573 0.0001
vn 0.8303 0.4827 -0.2787
vn 0.9017 -0.3745 0.2162
vn -0.9016 -0.3745 0.2163
vn -0.8303 0.4827 -0.2786
vn 0.8314 0.2801 -0.4799
vn -0.0000 0.5036 -0.8639
vn 0.9028 -0.2132 0.3735
vn -0.0000 -0.4949 0.8690
vn -0.9027 -0.2132 0.3736
vn -0.8315 0.2802 -0.4798
vn 0.8469 0.0718 -0.5269
vn -0.0001 0.1347 -0.9909
vn 0.8828 -0.0589 0.4660
vn 0.0001 -0.1248 0.9922
vn -0.8828 -0.0589 0.4661
vn -0.8470 0.0718 -0.5268
vn 0.8469 -0.0718 -0.5269
vn -0.0001 -0.1347 -0.9909
vn 0.8828 0.0589 0.4660
vn 0.0001 0.1248 0.9922
vn -0.8828 0.0589 0.4661
vn -0.8470 -0.0718 -0.5268
vn 0.8314 -0.2801 -0.4799
vn -0.0001 -0.5036 -0.8639
vn 0.9028 0.2132 0.3735
vn -0.0000 0.4949 0.8690
vn -0.9027 0.2132 0.3736
vn -0.8315 -0.2801 -0.4798
vn 0.8303 -0.4827 -0.2787
vn 0.9017 0.3745 0.2162
vn -0.9016 0.3745 0.2163
vn -0.8303 -0.4827 -0.2786
vn 0.8303 -0.5573 -0.0001
vn 0.9016 0.4325 -0.0001
vn -0.9016 0.4325 0.0001
vn -0.8303 -0.5573 0.0001
vn 0.8303 -0.4827 0.2786
vn 0.9016 0.3745 -0.2163
vn -0.9017 0.3745 -0.2162
vn -0.8303 -0.4827 0.2787
vn 0.8315 -0.2801 0.4798
vn 0.0001 -0.5036 0.8639
vn 0.9027 0.2132 -0.3736
vn -0.0001 0.4949 -0.8689
vn -0.9028 0.2132 -0.3735
vn -0.8314 -0.2801 0.4799
vn 0.8474 -0.0726 0.5260
vn 0.0001 -0.1362 0.9907
vn 0.8831 0.0580 -0.4655
vn -0.0001 0.1230 -0.9924
vn -0.8832 0.0580 -0.4654
vn -0.8473 -0.0726 0.5261
vn -0.0090 -0.0039 1.0000
vn -0.0090 0.0039 1.0000
vn -0.9929 -0.1193 0.0001
vn -0.9929 0.1193 0.0001
vn -0.0092 0.0039 -1.0000
vn -0.0092 -0.0039 -1.0000
vn 0.9918 -0.1282 -0.0001
vn 0.9918 0.1282 -0.0001
vn 0.8670 0.4983 -0.0001
vn 0.0611 0.0403 0.9973
vn -0.8718 -0.4899 0.0001
vn 0.0610 0.0403 -0.9973
vn 0.0353 0.0611 -0.9975
vn 0.0355 0.0611 0.9975
vn -0.4998 -0.8662 -0.0000
vn -0.0001 0.0706 -0.9975
vn 0.0001 0.0706 0.9975
vn -0.0353 0.0611 0.9975
vn 0.4998 -0.8662 -0.0000
vn -0.0355 0.0611 -0.9975
vn -0.0611 0.0403 -0.9973
vn -0.8670 0.4983 0.0001
vn -0.0610 0.0403 0.9973
vn 0.8718 -0.4899 -0.0001
vn 0.0090 0.0039 -1.0000
vn -0.9918 0.1282 0.0001
vn 0.0090 -0.0039 -1.0000
vn -0.9918 -0.1282 0.0001
vn 0.9929 -0.1193 -0.0001
vn 0.0092 0.0039 1.0000
vn 0.0092 -0.0039 1.0000
vn 0.9929 0.1193 -0.0001
vn -0.0611 -0.0403 -0.9973
vn -0.8670 -0.4983 0.0001
vn -0.0610 -0.0403 0.9973
vn 0.8718 0.4899 -0.0001
vn -0.0355 -0.0611 -0.9975
vn -0.0353 -0.0611 0.9975
vn 0.4998 0.8662 -0.0000
vn -0.0001 -0.0706 -0.9975
vn 0.0001 -0.0706 0.9975
vn 0.0353 -0.0611 -0.9975
vn 0.0354 -0.0611 0.9975
vn -0.4998 0.8662 -0.0000
vn 0.0610 -0.0403 -0.9973
vn 0.8670 -0.4983 -0.0001
vn 0.0611 -0.0403 0.9973
vn -0.8718 0.4899 0.0001
vn -0.0354 0.0611 -0.9975
vn 0.0355 -0.0611 0.9975
vn 0.0354 0.0611 0.9975
vn 1.0000 -0.0039 0.0090
vn 1.0000 0.0039 0.0090
vn 0.0001 -0.1193 0.9929
vn 0.0001 0.1193 0.9929
vn -1.0000 0.0039 0.0092
vn -1.0000 -0.0039 0.0092
vn -0.0001 -0.1282 -0.9918
vn -0.0001 0.1282 -0.9918
vn -0.0001 0.4983 -0.8670
vn 0.9973 0.0403 -0.0611
vn 0.0001 -0.4899 0.8718
vn -0.9973 0.0403 -0.0610
vn -0.9975 0.0611 -0.0353
vn 0.9975 0.0611 -0.0355
vn -0.0000 -0.8662 0.4998
vn -0.9975 0.0706 0.0001
vn 0.9975 0.0706 -0.0001
vn 0.9975 0.0611 0.0353
vn -0.0000 -0.8662 -0.4998
vn -0.9975 0.0611 0.0355
vn -0.9973 0.0403 0.0611
vn 0.0001 0.4983 0.8670
vn 0.9973 0.0403 0.0610
vn -0.0001 -0.4899 -0.8718
vn -1.0000 0.0039 -0.0090
vn 0.0001 0.1282 0.9918
vn -1.0000 -0.0039 -0.0090
vn 0.0001 -0.1282 0.9918
vn -0.0001 -0.1193 -0.9929
vn 1.0000 0.0039 -0.0092
vn 1.0000 -0.0039 -0.0092
vn -0.0001 0.1193 -0.9929
vn -0.9973 -0.0403 0.0611
vn 0.0001 -0.4983 0.8670
vn 0.9973 -0.0403 0.0610
vn -0.0000 0.4899 -0.8718
vn -0.9975 -0.0611 0.0355
vn 0.9975 -0.0611 0.0353
vn -0.0000 0.8662 -0.4998
vn -0.9975 -0.0706 0.0001
vn 0.9975 -0.0706 -0.0001
vn -0.9975 -0.0611 -0.0353
vn 0.9975 -0.0611 -0.0355
vn -0.0000 0.8662 0.4998
vn -0.9973 -0.0403 -0.0610
vn -0.0001 -0.4983 -0.8670
vn 0.9973 -0.0403 -0.0611
vn 0.0001 0.4899 0.8718
vn -0.0001 0.4899 -0.8718
vn 0.9975 0.0611 -0.0354
vn -0.9975 0.0611 0.0354
vn 0.8977 -0.2956 -0.3268
vn 0.9397 -0.0000 -0.3421
vn 0.9553 -0.2956 -0.0001
vn 0.7319 -0.2956 0.6140
vn 0.7661 -0.0000 0.6427
vn 0.4777 -0.2956 0.8273
vn 0.1737 -0.0000 0.9848
vn 0.1659 -0.2956 0.9408
vn -0.1736 -0.0000 0.9848
vn -0.1658 -0.2956 0.9408
vn -0.4776 -0.2956 0.8274
vn -0.7660 -0.0000 0.6428
vn -0.7318 -0.2956 0.6141
vn -0.9397 -0.0000 0.3421
vn -0.8977 -0.2956 0.3268
vn -0.9553 -0.2956 0.0001
vn -0.9397 -0.0000 -0.3420
vn -0.8977 -0.2956 -0.3267
vn -0.7661 -0.0000 -0.6427
vn -0.7319 -0.2956 -0.6140
vn -0.4777 -0.2956 -0.8273
vn -0.1737 -0.0000 -0.9848
vn -0.1659 -0.2956 -0.9408
vn 0.1736 -0.0000 -0.9848
vn 0.1658 -0.2956 -0.9408
vn 0.4776 -0.2956 -0.8274
vn 0.7660 -0.0000 -0.6428
vn 0.7318 -0.2956 -0.6141
vn 0.8977 -0.2956 0.3267
vn 0.9397 -0.0000 0.3420
vn 0.6701 -0.7011 0.2438
vn 0.7131 -0.7011 -0.0000
vn 0.5387 -0.8194 0.1960
vn 0.5733 -0.8194 -0.0000
vn 0.5463 -0.7011 0.4583
vn 0.4392 -0.8194 0.3685
vn 0.3566 -0.7011 0.6175
vn 0.2867 -0.8194 0.4964
vn 0.1239 -0.7011 0.7022
vn 0.0996 -0.8194 0.5646
vn -0.1238 -0.7011 0.7022
vn -0.0995 -0.8194 0.5646
vn -0.3565 -0.7011 0.6176
vn -0.2866 -0.8194 0.4965
vn -0.5462 -0.7011 0.4584
vn -0.4391 -0.8194 0.3685
vn -0.6700 -0.7011 0.2439
vn -0.5387 -0.8194 0.1961
vn -0.7131 -0.7011 -0.0000
vn -0.5733 -0.8194 -0.0000
vn -0.6701 -0.7011 -0.2438
vn -0.5387 -0.8194 -0.1960
vn -0.5463 -0.7011 -0.4583
vn -0.4392 -0.8194 -0.3685
vn -0.3566 -0.7011 -0.6175
vn -0.2867 -0.8194 -0.4964
vn -0.1239 -0.7011 -0.7022
vn -0.0996 -0.8194 -0.5646
vn 0.1238 -0.7011 -0.7022
vn 0.0995 -0.8194 -0.5646
vn 0.3565 -0.7011 -0.6176
vn 0.2866 -0.8194 -0.4965
vn 0.5462 -0.7011 -0.4584
vn 0.4391 -0.8194 -0.3685
vn 0.6700 -0.7011 -0.2439
vn 0.5387 -0.8194 -0.1961
vn 0.0858 -0.9958 0.0312
vn 0.0913 -0.9958 -0.0000
vn 0.0700 -0.9958 0.0587
vn 0.0457 -0.9958 0.0791
vn 0.0159 -0.9958 0.0900
vn -0.0159 -0.9958 0.0900
vn -0.0457 -0.9958 0.0791
vn -0.0700 -0.9958 0.0587
vn -0.0858 -0.9958 0.0312
vn -0.0913 -0.9958 -0.0000
vn -0.0858 -0.9958 -0.0312
vn -0.0700 -0.9958 -0.0587
vn -0.0457 -0.9958 -0.0791
vn -0.0159 -0.9958 -0.0900
vn 0.0159 -0.9958 -0.0900
vn 0.0457 -0.9958 -0.0791
vn 0.0700 -0.9958 -0.0587
vn 0.0858 -0.9958 -0.0312
vn 0.1305 -0.9914 0.0109
vn 0.2820 -0.9594 0.0037
vn 0.0734 -0.0575 0.9956
vn 0.0347 -0.0573 0.9978
vn -0.0181 -0.0593 -0.9981
vn -0.0335 -0.0755 -0.9966
vn -0.1286 0.9916 0.0127
vn -0.2797 0.9598 0.0219
vn 0.5678 -0.8228 -0.0227
vn 0.1426 -0.0291 0.9893
vn -0.0594 -0.0924 -0.9939
vn -0.5658 0.8233 0.0456
vn 0.7863 -0.6148 -0.0612
vn 0.1807 0.0202 0.9833
vn -0.0822 -0.0992 -0.9917
vn -0.7853 0.6144 0.0765
vn 0.9092 -0.4050 -0.0968
vn 0.1870 0.0610 0.9805
vn -0.1018 -0.1004 -0.9897
vn -0.9086 0.4044 0.1042
vn 0.9640 -0.2362 -0.1224
vn 0.1797 0.0814 0.9804
vn -0.1155 -0.0978 -0.9885
vn -0.9639 0.2356 0.1237
vn 0.9840 -0.1120 -0.1386
vn 0.1706 0.0852 0.9816
vn -0.1242 -0.0908 -0.9881
vn -0.9844 0.1115 0.1359
vn 0.9887 -0.0223 -0.1483
vn 0.1637 0.0782 0.9834
vn -0.1301 -0.0791 -0.9883
vn -0.9895 0.0217 0.1427
vn 0.9871 0.0429 -0.1539
vn 0.1595 0.0640 0.9851
vn -0.1350 -0.0630 -0.9888
vn -0.9883 -0.0435 0.1461
vn 0.9834 0.0909 -0.1570
vn 0.1578 0.0445 0.9865
vn -0.1397 -0.0429 -0.9893
vn -0.9849 -0.0914 0.1472
vn 0.9792 0.1265 -0.1584
vn 0.1581 0.0207 0.9872
vn -0.1447 -0.0190 -0.9893
vn -0.9810 -0.1268 0.1468
vn 0.9754 0.1528 -0.1589
vn 0.1602 -0.0070 0.9871
vn -0.1504 0.0085 -0.9886
vn -0.9775 -0.1528 0.1456
vn 0.9733 0.1702 -0.1539
vn 0.1612 -0.0274 0.9865
vn -0.1557 0.0283 -0.9874
vn -0.9741 -0.1700 0.1491
vn 0.9726 0.1781 -0.1492
vn 0.1594 -0.0288 0.9868
vn -0.1578 0.0291 -0.9870
vn -0.9720 -0.1782 0.1529
vn 0.9723 0.1797 -0.1496
vn 0.1573 -0.0218 0.9873
vn -0.1575 0.0218 -0.9873
vn -0.9718 -0.1798 0.1524
vn 0.9726 0.1777 -0.1500
vn 0.1556 -0.0164 0.9877
vn -0.1572 0.0161 -0.9874
vn -0.9722 -0.1778 0.1522
vn 0.9734 0.1728 -0.1503
vn 0.1542 -0.0119 0.9880
vn -0.1570 0.0114 -0.9875
vn -0.9731 -0.1728 0.1522
vn 0.9747 0.1650 -0.1507
vn 0.1529 -0.0081 0.9882
vn -0.1570 0.0074 -0.9876
vn -0.9744 -0.1650 0.1524
vn 0.9764 0.1542 -0.1511
vn 0.1516 -0.0045 0.9884
vn -0.1571 0.0036 -0.9876
vn -0.9762 -0.1542 0.1527
vn 0.9785 0.1399 -0.1515
vn 0.1502 -0.0010 0.9886
vn -0.1575 -0.0000 -0.9875
vn -0.9783 -0.1399 0.1530
vn 0.9810 0.1211 -0.1518
vn 0.1486 0.0025 0.9889
vn -0.1581 -0.0037 -0.9874
vn -0.9807 -0.1211 0.1534
vn 0.9837 0.0965 -0.1520
vn 0.1467 0.0065 0.9892
vn -0.1592 -0.0077 -0.9872
vn -0.9834 -0.0964 0.1538
vn 0.9864 0.0634 -0.1519
vn 0.1441 0.0112 0.9895
vn -0.1610 -0.0123 -0.9869
vn -0.9860 -0.0633 0.1541
vn 0.9883 0.0176 -0.1512
vn 0.1405 0.0172 0.9899
vn -0.1642 -0.0176 -0.9863
vn -0.9879 -0.0176 0.1540
vn 0.9886 -0.0090 -0.1504
vn 0.1368 0.0208 0.9904
vn -0.1677 -0.0204 -0.9856
vn -0.9880 0.0092 0.1539
vn -0.9109 0.4126 0.0001
vn -0.6287 0.7777 -0.0000
vn -0.1774 0.9841 -0.0000
vn 0.9109 0.4126 -0.0001
vn 0.6287 0.7777 -0.0000
vn 0.1774 0.9841 -0.0000
vn -0.0012 -0.1951 -0.9808
vn -0.9904 0.1379 0.0001
vn -1.0000 -0.0060 0.0001
vn 0.9978 0.0661 -0.0001
vn 0.9779 0.2090 -0.0001
vn 0.9158 -0.4016 -0.0001
vn 0.6298 -0.7768 -0.0000
vn 0.1669 -0.9860 -0.0000
vn -0.9161 -0.4009 0.0001
vn -0.6298 -0.7768 -0.0000
vn -0.1669 -0.9860 -0.0000
vn 0.9906 -0.1371 -0.0001
vn 1.0000 0.0077 -0.0001
vn -0.9978 -0.0659 0.0001
vn -0.9781 -0.2083 0.0001
vn 0.0060 -1.0000 -0.0000
vn 1.0000 -0.0060 -0.0001
vn -0.0011 -0.1951 0.9808
vn -1.0000 0.0065 0.0001
vn -0.0059 -0.9808 -0.1951
vn -0.0043 -0.7072 -0.7070
vn -0.0043 -0.7071 -0.7071
vn -0.0042 -0.7072 0.7070
vn -0.0042 -0.7071 0.7071
vn -0.0059 -0.9808 0.1951
vn 0.4031 -0.9152 -0.0000
vn 0.7189 -0.6952 -0.0000
vn 0.6641 -0.6952 0.2751
vn 0.3724 -0.9152 0.1543
vn 0.9273 -0.3744 -0.0000
vn 0.9989 0.0468 -0.0000
vn 0.9229 0.0468 0.3823
vn 0.8567 -0.3744 0.3549
vn 0.6421 0.4187 0.6421
vn 0.6252 0.4671 0.6252
vn 0.3384 0.4671 0.8169
vn 0.3475 0.4187 0.8390
vn 0.9081 0.4187 -0.0000
vn 0.8390 0.4187 0.3475
vn 0.7063 0.0468 0.7063
vn 0.6557 -0.3744 0.6557
vn 0.9230 0.0425 0.3823
vn 0.9991 0.0425 -0.0000
vn 0.9152 0.4029 -0.0000
vn 0.8456 0.4029 0.3502
vn 0.2850 -0.9152 0.2850
vn 0.5083 -0.6952 0.5083
vn 0.1543 -0.9152 0.3724
vn 0.3549 -0.3744 0.8567
vn 0.2751 -0.6952 0.6641
vn 0.3823 0.0468 0.9229
vn 0.3823 0.0425 0.9230
vn 0.7065 0.0425 0.7065
vn 0.6472 0.4029 0.6472
vn 0.3502 0.4029 0.8456
vn -0.0000 0.4187 0.9081
vn -0.0000 0.0468 0.9989
vn -0.0000 -0.6952 0.7189
vn -0.0000 -0.9152 0.4031
vn -0.0000 -0.3744 0.9273
vn -0.0000 0.0425 0.9991
vn -0.0000 0.4029 0.9152
vn -0.2751 -0.6952 0.6641
vn -0.1543 -0.9152 0.3724
vn -0.3823 0.0468 0.9229
vn -0.3549 -0.3744 0.8567
vn -0.3823 0.0425 0.9230
vn -0.3502 0.4029 0.8456
vn -0.3475 0.4187 0.8390
vn -0.7065 0.0425 0.7065
vn -0.6472 0.4029 0.6472
vn -0.2850 -0.9152 0.2850
vn -0.6557 -0.3744 0.6557
vn -0.5083 -0.6952 0.5083
vn -0.6421 0.4187 0.6421
vn -0.7063 0.0468 0.7063
vn -0.3724 -0.9152 0.1543
vn -0.8567 -0.3744 0.3549
vn -0.6641 -0.6952 0.2751
vn -0.8390 0.4187 0.3475
vn -0.9229 0.0468 0.3823
vn -0.9230 0.0425 0.3823
vn -0.8456 0.4029 0.3502
vn -0.7189 -0.6952 -0.0000
vn -0.4031 -0.9152 -0.0000
vn -0.9989 0.0468 -0.0000
vn -0.9273 -0.3744 -0.0000
vn -0.9991 0.0425 -0.0000
vn -0.9152 0.4029 -0.0000
vn -0.9081 0.4187 -0.0000
vn -0.6641 -0.6952 -0.2751
vn -0.3724 -0.9152 -0.1543
vn -0.9229 0.0468 -0.3823
vn -0.8567 -0.3744 -0.3549
vn -0.9230 0.0425 -0.3823
vn -0.8456 0.4029 -0.3502
vn -0.0000 0.4671 0.8842
vn -0.3384 0.4671 0.8169
vn -0.8390 0.4187 -0.3475
vn -0.8842 0.4671 -0.0000
vn -0.8169 0.4671 -0.3384
vn -0.3475 0.4187 -0.8390
vn -0.3384 0.4671 -0.8169
vn -0.0000 0.4671 -0.8842
vn -0.0000 0.4187 -0.9081
vn -0.2850 -0.9152 -0.2850
vn -0.6557 -0.3744 -0.6557
vn -0.5083 -0.6952 -0.5083
vn -0.6421 0.4187 -0.6421
vn -0.7063 0.0468 -0.7063
vn -0.7065 0.0425 -0.7065
vn -0.6472 0.4029 -0.6472
vn -0.3549 -0.3744 -0.8567
vn -0.2751 -0.6952 -0.6641
vn -0.3823 0.0468 -0.9229
vn 0.3384 0.4671 -0.8169
vn 0.3475 0.4187 -0.8390
vn -0.1542 -0.9152 -0.3724
vn -0.3823 0.0425 -0.9230
vn -0.3502 0.4029 -0.8456
vn -0.8169 0.4671 0.3384
vn -0.0000 -0.6952 -0.7189
vn -0.0000 -0.9152 -0.4031
vn -0.0000 0.0468 -0.9989
vn -0.0000 -0.3744 -0.9273
vn -0.0000 0.0425 -0.9991
vn -0.0000 0.4029 -0.9152
vn 0.8842 0.4671 -0.0000
vn 0.8169 0.4671 0.3384
vn 0.3823 0.0468 -0.9229
vn 0.3549 -0.3744 -0.8567
vn 0.3823 0.0425 -0.9230
vn 0.3503 0.4029 -0.8456
vn 0.8390 0.4187 -0.3475
vn 0.8169 0.4671 -0.3384
vn 0.1542 -0.9152 -0.3724
vn 0.2751 -0.6952 -0.6641
vn 0.2850 -0.9152 -0.2850
vn 0.6557 -0.3744 -0.6557
vn 0.5083 -0.6952 -0.5083
vn 0.6421 0.4187 -0.6421
vn 0.7063 0.0468 -0.7063
vn -0.6252 0.4671 -0.6252
vn 0.7065 0.0425 -0.7065
vn 0.6472 0.4029 -0.6472
vn -0.6252 0.4671 0.6252
vn 0.9229 0.0468 -0.3823
vn 0.6641 -0.6952 -0.2751
vn 0.3724 -0.9152 -0.1543
vn 0.8567 -0.3744 -0.3549
vn 0.9230 0.0425 -0.3823
vn 0.8456 0.4029 -0.3502
vn 0.6252 0.4671 -0.6252
vn 0.3796 0.9251 -0.0000
vn 0.3507 0.9251 0.1453
vn 0.2684 0.9251 0.2684
vn 0.1453 0.9251 0.3507
vn -0.0000 0.9251 0.3796
vn -0.1453 0.9251 0.3507
vn -0.2684 0.9251 0.2684
vn -0.3507 0.9251 0.1453
vn -0.3796 0.9251 -0.0000
vn -0.3507 0.9251 -0.1453
vn -0.2684 0.9251 -0.2684
vn -0.1453 0.9251 -0.3507
vn -0.0000 0.9251 -0.3796
vn 0.1453 0.9251 -0.3507
vn 0.2684 0.9251 -0.2684
vn 0.3507 0.9251 -0.1453
vn 0.6880 0.2309 0.6880
vn 0.8989 0.2309 0.3723
vn 0.3723 0.2309 0.8989
vn -0.0000 0.2309 0.9730
vn -0.3723 0.2309 0.8989
vn -0.6880 0.2309 0.6880
vn -0.8989 0.2309 0.3723
vn -0.9730 0.2309 -0.0000
vn -0.8989 0.2309 -0.3723
vn -0.6880 0.2309 -0.6880
vn -0.3723 0.2309 -0.8989
vn -0.0000 0.2309 -0.9730
vn 0.3723 0.2309 -0.8989
vn 0.6880 0.2309 -0.6880
vn 0.8989 0.2309 -0.3723
vn 0.9730 0.2309 -0.0000
vn -0.0000 0.6561 -0.7547
vn 0.1953 0.6561 -0.7290
vn -0.7290 0.6561 0.1953
vn -0.7547 0.6561 -0.0000
vn 0.3773 0.6561 0.6536
vn 0.1953 0.6561 0.7290
vn 0.3773 0.6561 -0.6536
vn -0.7290 0.6561 -0.1953
vn -0.0000 0.6561 0.7547
vn 0.5336 0.6561 -0.5336
vn -0.6536 0.6561 -0.3773
vn -0.1953 0.6561 0.7290
vn 0.6536 0.6561 -0.3773
vn -0.5336 0.6561 -0.5336
vn -0.3773 0.6561 0.6536
vn 0.7290 0.6561 -0.1953
vn 0.7547 0.6561 -0.0000
vn 0.7290 0.6561 0.1953
vn -0.3773 0.6561 -0.6536
vn -0.5336 0.6561 0.5336
vn 0.6536 0.6561 0.3773
vn -0.1953 0.6561 -0.7290
vn -0.6536 0.6561 0.3773
vn 0.5336 0.6561 0.5336
vn 0.4952 -0.7139 0.4952
vn 0.6064 -0.7139 0.3501
vn -0.0000 -0.7139 -0.7003
vn -0.1812 -0.7139 -0.6764
vn -0.6764 -0.7139 0.1812
vn -0.6064 -0.7139 0.3501
vn 0.3501 -0.7139 0.6064
vn 0.1812 -0.7139 -0.6764
vn -0.7003 -0.7139 -0.0000
vn 0.1812 -0.7139 0.6764
vn 0.3501 -0.7139 -0.6064
vn -0.6764 -0.7139 -0.1812
vn -0.0000 -0.7139 0.7003
vn 0.4952 -0.7139 -0.4952
vn -0.6064 -0.7139 -0.3501
vn -0.1812 -0.7139 0.6764
vn 0.6064 -0.7139 -0.3501
vn -0.4952 -0.7139 -0.4952
vn -0.3501 -0.7139 0.6064
vn 0.6764 -0.7139 -0.1812
vn 0.6764 -0.7139 0.1812
vn 0.7003 -0.7139 -0.0000
vn -0.3501 -0.7139 -0.6064
vn -0.4952 -0.7139 0.4952
vn -0.8660 0.0022 0.5000
vn -0.7071 0.0022 0.7071
vn -0.6284 -0.6882 0.3628
vn -0.5131 -0.6882 0.5130
vn -0.8659 -0.0137 0.5000
vn -0.7070 -0.0137 0.7070
vn -0.6244 -0.6929 0.3605
vn -0.5098 -0.6929 0.5098
vn -0.8657 -0.0287 0.4998
vn -0.7068 -0.0287 0.7068
vn -0.6203 -0.6979 0.3581
vn -0.5064 -0.6979 0.5065
vn -0.8652 -0.0428 0.4995
vn -0.7065 -0.0428 0.7065
vn -0.6159 -0.7030 0.3556
vn -0.5029 -0.7030 0.5029
vn -0.8647 -0.0561 0.4992
vn -0.7060 -0.0561 0.7060
vn -0.6113 -0.7083 0.3529
vn -0.4991 -0.7083 0.4991
vn -0.8640 -0.0686 0.4988
vn -0.7054 -0.0686 0.7054
vn -0.2588 0.0022 -0.9659
vn -0.5000 0.0022 -0.8660
vn -0.1878 -0.6882 -0.7008
vn -0.3628 -0.6882 -0.6284
vn -0.2588 -0.0137 -0.9658
vn -0.5000 -0.0137 -0.8659
vn -0.1866 -0.6929 -0.6964
vn -0.3605 -0.6929 -0.6244
vn -0.2587 -0.0287 -0.9655
vn -0.4998 -0.0287 -0.8657
vn -0.1854 -0.6979 -0.6918
vn -0.3581 -0.6979 -0.6203
vn -0.2586 -0.0428 -0.9650
vn -0.4995 -0.0428 -0.8652
vn -0.1841 -0.7030 -0.6870
vn -0.3556 -0.7030 -0.6159
vn -0.2584 -0.0561 -0.9644
vn -0.4992 -0.0561 -0.8647
vn -0.1827 -0.7083 -0.6818
vn -0.3529 -0.7083 -0.6113
vn -0.2582 -0.0686 -0.9636
vn -0.4988 -0.0686 -0.8640
vn 0.8660 0.0022 0.5000
vn 0.9659 0.0022 0.2588
vn 0.6284 -0.6882 0.3628
vn 0.7008 -0.6882 0.1878
vn 0.8659 -0.0137 0.5000
vn 0.9658 -0.0137 0.2588
vn 0.6244 -0.6929 0.3605
vn 0.6965 -0.6929 0.1866
vn 0.8657 -0.0287 0.4998
vn 0.9655 -0.0287 0.2587
vn 0.6203 -0.6979 0.3581
vn 0.6918 -0.6979 0.1854
vn 0.8652 -0.0428 0.4995
vn 0.9650 -0.0428 0.2586
vn 0.6159 -0.7030 0.3556
vn 0.6870 -0.7030 0.1841
vn 0.8647 -0.0561 0.4992
vn 0.9644 -0.0561 0.2584
vn 0.6113 -0.7083 0.3529
vn 0.6818 -0.7083 0.1827
vn 0.8640 -0.0686 0.4988
vn 0.9636 -0.0686 0.2582
vn 1.0000 0.0022 -0.0000
vn 0.9659 0.0022 -0.2588
vn 0.7256 -0.6882 -0.0000
vn 0.7008 -0.6882 -0.1878
vn 0.9999 -0.0137 -0.0000
vn 0.9658 -0.0137 -0.2588
vn 0.7210 -0.6929 -0.0000
vn 0.6965 -0.6929 -0.1866
vn 0.9996 -0.0287 -0.0000
vn 0.9655 -0.0287 -0.2587
vn 0.7162 -0.6979 -0.0000
vn 0.6918 -0.6979 -0.1854
vn 0.9991 -0.0428 -0.0000
vn 0.9650 -0.0428 -0.2586
vn 0.7112 -0.7030 -0.0000
vn 0.6870 -0.7030 -0.1841
vn 0.9984 -0.0561 -0.0000
vn 0.9644 -0.0561 -0.2584
vn 0.7059 -0.7083 -0.0000
vn 0.6818 -0.7083 -0.1827
vn 0.9976 -0.0686 -0.0000
vn 0.9636 -0.0686 -0.2582
vn -0.5000 0.0022 0.8660
vn -0.3628 -0.6882 0.6284
vn -0.5000 -0.0137 0.8659
vn -0.3605 -0.6929 0.6244
vn -0.4998 -0.0287 0.8657
vn -0.3581 -0.6979 0.6203
vn -0.4995 -0.0428 0.8652
vn -0.3556 -0.7030 0.6159
vn -0.4992 -0.0561 0.8647
vn -0.3529 -0.7083 0.6113
vn -0.4988 -0.0686 0.8640
vn -0.7071 0.0022 -0.7071
vn -0.5130 -0.6882 -0.5130
vn -0.7070 -0.0137 -0.7070
vn -0.5098 -0.6929 -0.5098
vn -0.7068 -0.0287 -0.7068
vn -0.5064 -0.6979 -0.5064
vn -0.7065 -0.0429 -0.7065
vn -0.5029 -0.7030 -0.5029
vn -0.7060 -0.0561 -0.7060
vn -0.4991 -0.7083 -0.4991
vn -0.7054 -0.0686 -0.7054
vn 0.8660 0.0022 -0.5000
vn 0.6284 -0.6882 -0.3628
vn 0.8659 -0.0137 -0.5000
vn 0.6244 -0.6929 -0.3605
vn 0.8657 -0.0287 -0.4998
vn 0.6203 -0.6979 -0.3581
vn 0.8652 -0.0428 -0.4995
vn 0.6159 -0.7030 -0.3556
vn 0.8647 -0.0561 -0.4992
vn 0.6113 -0.7083 -0.3529
vn 0.8640 -0.0686 -0.4988
vn -0.2588 0.0022 0.9659
vn -0.1878 -0.6882 0.7008
vn -0.2588 -0.0137 0.9658
vn -0.1866 -0.6929 0.6965
vn -0.2587 -0.0287 0.9655
vn -0.1854 -0.6979 0.6918
vn -0.2586 -0.0428 0.9650
vn -0.1841 -0.7030 0.6870
vn -0.2584 -0.0561 0.9644
vn -0.1827 -0.7083 0.6818
vn -0.2582 -0.0686 0.9636
vn -0.8660 0.0022 -0.5000
vn -0.6284 -0.6882 -0.3628
vn -0.8659 -0.0137 -0.5000
vn -0.6244 -0.6929 -0.3605
vn -0.8657 -0.0287 -0.4998
vn -0.6203 -0.6979 -0.3581
vn -0.8652 -0.0428 -0.4995
vn -0.6159 -0.7030 -0.3556
vn -0.8647 -0.0561 -0.4992
vn -0.6113 -0.7083 -0.3529
vn -0.8640 -0.0686 -0.4988
vn 0.7071 0.0022 -0.7071
vn 0.5130 -0.6882 -0.5130
vn 0.7070 -0.0137 -0.7070
vn 0.5098 -0.6929 -0.5098
vn 0.7068 -0.0287 -0.7068
vn 0.5064 -0.6979 -0.5064
vn 0.5065 -0.6979 -0.5064
vn 0.7065 -0.0429 -0.7065
vn 0.5029 -0.7030 -0.5029
vn 0.7060 -0.0561 -0.7060
vn 0.4991 -0.7083 -0.4991
vn 0.7054 -0.0686 -0.7054
vn -0.0000 0.0022 1.0000
vn -0.0000 -0.6882 0.7256
vn -0.0000 -0.0137 0.9999
vn -0.0000 -0.6929 0.7210
vn -0.0000 -0.0287 0.9996
vn -0.0000 -0.6979 0.7162
vn -0.0000 -0.0428 0.9991
vn -0.0000 -0.7030 0.7112
vn -0.0000 -0.0561 0.9984
vn -0.0000 -0.7083 0.7059
vn -0.0000 -0.0686 0.9976
vn -0.9659 0.0022 -0.2588
vn -0.7008 -0.6882 -0.1878
vn -0.9658 -0.0137 -0.2588
vn -0.6965 -0.6929 -0.1866
vn -0.9655 -0.0287 -0.2587
vn -0.6918 -0.6979 -0.1854
vn -0.9650 -0.0428 -0.2586
vn -0.6870 -0.7030 -0.1841
vn -0.9644 -0.0561 -0.2584
vn -0.6818 -0.7083 -0.1827
vn -0.9636 -0.0686 -0.2582
vn 0.5000 0.0022 -0.8660
vn 0.3628 -0.6882 -0.6284
vn 0.5000 -0.0137 -0.8659
vn 0.3605 -0.6929 -0.6244
vn 0.4998 -0.0287 -0.8657
vn 0.3581 -0.6979 -0.6203
vn 0.4995 -0.0428 -0.8652
vn 0.3556 -0.7030 -0.6159
vn 0.4992 -0.0561 -0.8647
vn 0.3529 -0.7083 -0.6113
vn 0.4988 -0.0686 -0.8640
vn 0.2588 0.0022 0.9659
vn 0.1878 -0.6882 0.7008
vn 0.2588 -0.0137 0.9658
vn 0.1866 -0.6929 0.6965
vn 0.2587 -0.0287 0.9655
vn 0.1854 -0.6979 0.6918
vn 0.2586 -0.0428 0.9650
vn 0.1841 -0.7030 0.6870
vn 0.2584 -0.0561 0.9644
vn 0.1827 -0.7083 0.6818
vn 0.2582 -0.0686 0.9636
vn -1.0000 0.0022 -0.0000
vn -0.7256 -0.6882 -0.0000
vn -0.9999 -0.0137 -0.0000
vn -0.7210 -0.6929 -0.0000
vn -0.9996 -0.0287 -0.0000
vn -0.7162 -0.6979 -0.0000
vn -0.9991 -0.0428 -0.0000
vn -0.7112 -0.7030 -0.0000
vn -0.9984 -0.0561 -0.0000
vn -0.7059 -0.7083 -0.0000
vn -0.9976 -0.0686 -0.0000
vn 0.2588 0.0022 -0.9659
vn 0.1878 -0.6882 -0.7008
vn 0.2588 -0.0137 -0.9658
vn 0.1866 -0.6929 -0.6965
vn 0.2587 -0.0287 -0.9655
vn 0.1854 -0.6979 -0.6918
vn 0.2586 -0.0428 -0.9650
vn 0.1841 -0.7030 -0.6870
vn 0.2584 -0.0561 -0.9644
vn 0.1827 -0.7083 -0.6818
vn 0.2582 -0.0686 -0.9636
vn 0.5000 0.0022 0.8660
vn 0.3628 -0.6882 0.6284
vn 0.5000 -0.0137 0.8659
vn 0.3605 -0.6929 0.6244
vn 0.4998 -0.0287 0.8657
vn 0.3581 -0.6979 0.6203
vn 0.4995 -0.0428 0.8652
vn 0.3556 -0.7030 0.6159
vn 0.4992 -0.0561 0.8647
vn 0.3529 -0.7083 0.6113
vn 0.4988 -0.0686 0.8640
vn -0.9659 0.0022 0.2588
vn -0.7008 -0.6882 0.1878
vn -0.9658 -0.0137 0.2588
vn -0.6965 -0.6929 0.1866
vn -0.9655 -0.0287 0.2587
vn -0.6918 -0.6979 0.1854
vn -0.9650 -0.0428 0.2586
vn -0.6870 -0.7030 0.1841
vn -0.9644 -0.0561 0.2584
vn -0.6818 -0.7083 0.1827
vn -0.9636 -0.0686 0.2582
vn -0.0000 0.0022 -1.0000
vn -0.0000 -0.6882 -0.7256
vn -0.0000 -0.0137 -0.9999
vn -0.0000 -0.6929 -0.7210
vn -0.0000 -0.0287 -0.9996
vn -0.0000 -0.6979 -0.7162
vn -0.0000 -0.0428 -0.9991
vn -0.0000 -0.7030 -0.7112
vn -0.0000 -0.0561 -0.9984
vn -0.0000 -0.7083 -0.7059
vn -0.0000 -0.0686 -0.9976
vn 0.7071 0.0022 0.7071
vn 0.5130 -0.6882 0.5130
vn 0.7070 -0.0137 0.7070
vn 0.5098 -0.6929 0.5098
vn 0.7068 -0.0287 0.7068
vn 0.5064 -0.6979 0.5065
vn 0.7065 -0.0428 0.7065
vn 0.5029 -0.7030 0.5029
vn 0.7060 -0.0561 0.7060
vn 0.4991 -0.7083 0.4991
vn 0.7054 -0.0686 0.7054
vn 0.5289 -0.7870 0.3176
vn 0.4652 -0.7532 0.4652
vn 0.3156 -0.7928 0.5214
vn 0.4069 -0.8207 0.4012
vn 0.1588 -0.8162 0.5555
vn 0.2070 -0.8704 0.4467
vn -0.0000 -0.8238 0.5668
vn -0.0000 -0.8861 0.4635
vn -0.1588 -0.8162 0.5555
vn -0.2070 -0.8704 0.4467
vn -0.3156 -0.7928 0.5214
vn -0.4069 -0.8207 0.4012
vn -0.4652 -0.7532 0.4652
vn -0.5289 -0.7870 0.3176
vn 0.5682 -0.8072 0.1601
vn 0.4609 -0.8643 0.2016
vn 0.2415 -0.9431 0.2286
vn -0.0000 -0.9704 0.2414
vn -0.2415 -0.9431 0.2286
vn -0.4609 -0.8643 0.2016
vn -0.5682 -0.8072 0.1601
vn 0.5812 -0.8138 -0.0000
vn 0.4796 -0.8775 -0.0000
vn 0.2560 -0.9667 -0.0000
vn -0.2560 -0.9667 -0.0000
vn -0.4796 -0.8775 -0.0000
vn -0.5812 -0.8138 -0.0000
vn 0.5682 -0.8072 -0.1601
vn 0.4609 -0.8643 -0.2016
vn 0.2415 -0.9431 -0.2286
vn -0.0000 -0.9704 -0.2414
vn -0.2415 -0.9431 -0.2286
vn -0.4609 -0.8643 -0.2016
vn -0.5682 -0.8072 -0.1601
vn 0.5289 -0.7870 -0.3176
vn 0.4069 -0.8207 -0.4012
vn 0.2070 -0.8704 -0.4467
vn -0.0000 -0.8861 -0.4635
vn -0.2070 -0.8704 -0.4467
vn -0.4069 -0.8207 -0.4012
vn -0.5289 -0.7870 -0.3176
vn 0.4652 -0.7532 -0.4652
vn 0.3156 -0.7928 -0.5214
vn 0.1588 -0.8162 -0.5555
vn -0.0000 -0.8238 -0.5668
vn -0.1588 -0.8162 -0.5555
vn -0.3156 -0.7928 -0.5214
vn -0.4652 -0.7532 -0.4652
vt 0.854198 0.493932
vt 0.938430 0.493932
vt 0.938430 0.519474
vt 0.854198 0.519474
vt 0.809510 0.249174
vt 0.814059 0.241249
vt 0.869035 0.264254
vt 0.856709 0.285540
vt 0.816455 0.232446
vt 0.875475 0.240335
vt 0.816483 0.223300
vt 0.875522 0.215541
vt 0.814091 0.214479
vt 0.869118 0.191712
vt 0.809556 0.206565
vt 0.856874 0.170407
vt 0.803106 0.200071
vt 0.839480 0.153025
vt 0.795176 0.195501
vt 0.818051 0.140674
vt 0.786371 0.193144
vt 0.794202 0.134246
vt 0.777289 0.193149
vt 0.769692 0.134169
vt 0.768507 0.195446
vt 0.746008 0.140429
vt 0.760601 0.199953
vt 0.724606 0.152560
vt 0.253237 0.752686
vt 0.259738 0.742685
vt 0.302103 0.769877
vt 0.296043 0.780484
vt 0.341335 0.803928
vt 0.346297 0.792694
vt 0.393532 0.810491
vt 0.389566 0.822584
vt 0.216370 0.729658
vt 0.218918 0.742718
vt 0.166884 0.755643
vt 0.163160 0.743021
vt 0.492719 0.845528
vt 0.494291 0.833181
vt 0.544487 0.837173
vt 0.544303 0.849244
vt 0.822980 0.610626
vt 0.832396 0.614646
vt 0.800953 0.667352
vt 0.792909 0.661001
vt 0.824609 0.438028
vt 0.834124 0.434173
vt 0.849377 0.493780
vt 0.839197 0.495055
vt 0.703006 0.315302
vt 0.706908 0.305834
vt 0.760052 0.336787
vt 0.753797 0.344937
vt 0.530893 0.315362
vt 0.526919 0.305935
vt 0.586228 0.290046
vt 0.587572 0.300172
vt 0.578697 0.432360
vt 0.556911 0.445321
vt 0.480291 0.345211
vt 0.795573 0.386668
vt 0.693965 0.462973
vt 0.675803 0.444894
vt 0.798780 0.225568
vt 0.797684 0.221222
vt 0.693795 0.583348
vt 0.706336 0.560710
vt 0.653502 0.432329
vt 0.628850 0.425493
vt 0.646158 0.300319
vt 0.337601 0.423546
vt 0.349899 0.445145
vt 0.346456 0.446549
vt 0.334607 0.425833
vt 0.198775 0.769773
vt 0.173233 0.769773
vt 0.172088 0.761074
vt 0.199920 0.761074
vt 0.754118 0.206369
vt 0.707005 0.169846
vt 0.795105 0.260145
vt 0.817832 0.315224
vt 0.793990 0.321667
vt 0.786285 0.262532
vt 0.108382 0.807215
vt 0.095611 0.829335
vt 0.087505 0.825977
vt 0.101421 0.801874
vt 0.760397 0.255519
vt 0.724045 0.302782
vt 0.706549 0.285315
vt 0.753967 0.249038
vt 0.095611 0.904218
vt 0.108382 0.926338
vt 0.101421 0.931680
vt 0.087505 0.907576
vt 0.747072 0.223107
vt 0.687962 0.215162
vt 0.694483 0.191188
vt 0.749497 0.214263
vt 0.854198 0.442849
vt 0.854198 0.417307
vt 0.938430 0.417307
vt 0.938430 0.442849
vt 0.126442 0.789154
vt 0.121101 0.782193
vt 0.768308 0.260137
vt 0.745403 0.315225
vt 0.089000 0.879547
vt 0.080302 0.880693
vt 0.572458 0.892348
vt 0.600290 0.892348
vt 0.600290 0.906454
vt 0.572458 0.906454
vt 0.380025 0.873046
vt 0.407857 0.873046
vt 0.407857 0.887152
vt 0.380025 0.887152
vt 0.226804 0.768277
vt 0.223446 0.776383
vt 0.349802 0.892348
vt 0.349802 0.906454
vt 0.321970 0.906454
vt 0.321970 0.892348
vt 0.516794 0.892348
vt 0.544626 0.892348
vt 0.544626 0.906454
vt 0.516794 0.906454
vt 0.324361 0.873046
vt 0.352193 0.873046
vt 0.352193 0.887152
vt 0.324361 0.887152
vt 0.461130 0.892348
vt 0.488962 0.892348
vt 0.488962 0.906454
vt 0.461130 0.906454
vt 0.771311 0.241447
vt 0.775210 0.243656
vt 0.263626 0.807215
vt 0.270587 0.801874
vt 0.284503 0.825977
vt 0.276397 0.829334
vt 0.433298 0.906454
vt 0.433298 0.892348
vt 0.628122 0.892348
vt 0.628122 0.906454
vt 0.435689 0.873046
vt 0.435689 0.887152
vt 0.291707 0.852860
vt 0.283008 0.854006
vt 0.547017 0.873046
vt 0.547017 0.887152
vt 0.519185 0.887152
vt 0.519185 0.873046
vt 0.274771 0.574484
vt 0.274306 0.570842
vt 0.297022 0.564808
vt 0.298416 0.568214
vt 0.276397 0.904218
vt 0.284503 0.907576
vt 0.270587 0.931679
vt 0.263626 0.926338
vt 0.602681 0.873046
vt 0.602681 0.887152
vt 0.574849 0.887152
vt 0.574849 0.873046
vt 0.296529 0.873046
vt 0.296529 0.887152
vt 0.463521 0.873046
vt 0.463521 0.887152
vt 0.250907 0.951360
vt 0.245566 0.944399
vt 0.405466 0.892348
vt 0.405466 0.906454
vt 0.377634 0.906454
vt 0.377634 0.892348
vt 0.126443 0.944399
vt 0.121101 0.951360
vt 0.694265 0.263840
vt 0.749390 0.241123
vt 0.089000 0.854006
vt 0.080301 0.852861
vt 0.769289 0.321562
vt 0.777146 0.262496
vt 0.148562 0.776383
vt 0.145204 0.768277
vt 0.148562 0.957170
vt 0.145204 0.965276
vt 0.687819 0.239949
vt 0.747073 0.232270
vt 0.173233 0.963780
vt 0.172088 0.972479
vt 0.854198 0.468391
vt 0.938430 0.468391
vt 0.603168 0.425572
vt 0.854198 0.545015
vt 0.938430 0.545015
vt 0.938430 0.570557
vt 0.854198 0.570557
vt 0.938430 0.596099
vt 0.854198 0.596098
vt 0.938430 0.621640
vt 0.854198 0.621640
vt 0.970999 0.308911
vt 0.886766 0.308910
vt 0.886767 0.283369
vt 0.970999 0.283369
vt 0.886767 0.257827
vt 0.970999 0.257828
vt 0.886767 0.232286
vt 0.970999 0.232286
vt 0.886767 0.206744
vt 0.970999 0.206745
vt 0.886767 0.181203
vt 0.970999 0.181203
vt 0.886767 0.155661
vt 0.970999 0.155662
vt 0.270262 0.722366
vt 0.271364 0.735171
vt 0.440557 0.836665
vt 0.443377 0.824350
vt 0.110861 0.761717
vt 0.115838 0.773675
vt 0.067022 0.797216
vt 0.060638 0.785327
vt 0.838887 0.553997
vt 0.849048 0.555406
vt 0.803748 0.380430
vt 0.647466 0.290181
vt 0.474005 0.337179
vt 0.713431 0.509942
vt 0.706848 0.485090
vt 0.713243 0.535826
vt 0.508561 0.008571
vt 0.506794 0.008572
vt 0.506793 0.002411
vt 0.508560 0.002411
vt 0.784014 0.233205
vt 0.788374 0.243728
vt 0.784015 0.244833
vt 0.782541 0.233600
vt 0.820321 0.321226
vt 0.839262 0.302879
vt 0.843188 0.307964
vt 0.795405 0.217358
vt 0.781017 0.233601
vt 0.779528 0.244879
vt 0.779544 0.233206
vt 0.768436 0.327996
vt 0.794817 0.328000
vt 0.792213 0.214232
vt 0.778223 0.232443
vt 0.768107 0.238291
vt 0.777144 0.231363
vt 0.720083 0.307929
vt 0.742953 0.321126
vt 0.788367 0.211952
vt 0.775986 0.227042
vt 0.764785 0.225561
vt 0.765912 0.221236
vt 0.776380 0.225571
vt 0.803028 0.255619
vt 0.792252 0.241448
vt 0.795391 0.238249
vt 0.688256 0.266322
vt 0.701471 0.289199
vt 0.784041 0.210745
vt 0.776381 0.230041
vt 0.765915 0.234365
vt 0.764714 0.230045
vt 0.775987 0.228569
vt 0.797693 0.234396
vt 0.681494 0.214282
vt 0.681467 0.240773
vt 0.779532 0.210687
vt 0.798820 0.230046
vt 0.701944 0.165865
vt 0.688533 0.188655
vt 0.775180 0.211885
vt 0.771294 0.214153
vt 0.177769 0.417357
vt 0.164466 0.441620
vt 0.154704 0.437849
vt 0.169273 0.411150
vt 0.197263 0.397463
vt 0.190675 0.389186
vt 0.221283 0.383289
vt 0.217083 0.373536
vt 0.248278 0.376030
vt 0.246871 0.365338
vt 0.276099 0.376030
vt 0.277584 0.365613
vt 0.302833 0.383191
vt 0.306770 0.373609
vt 0.326876 0.397010
vt 0.333353 0.388499
vt 0.346736 0.416565
vt 0.355022 0.410239
vt 0.360357 0.440851
vt 0.370248 0.436840
vt 0.367411 0.467566
vt 0.377673 0.466282
vt 0.367176 0.495124
vt 0.377704 0.496572
vt 0.359938 0.521742
vt 0.369550 0.525878
vt 0.294138 0.906454
vt 0.294138 0.892348
vt 0.491353 0.873046
vt 0.491353 0.887152
vt 0.291707 0.880692
vt 0.283008 0.879547
vt 0.223446 0.957169
vt 0.226804 0.965276
vt 0.199920 0.972479
vt 0.198775 0.963780
vt 0.245566 0.789154
vt 0.250907 0.782193
vt 0.854198 0.366224
vt 0.854198 0.340683
vt 0.938430 0.340683
vt 0.938430 0.366224
vt 0.971000 0.002412
vt 0.971000 0.027954
vt 0.886768 0.027953
vt 0.886768 0.002412
vt 0.971000 0.104578
vt 0.970999 0.130120
vt 0.886767 0.130119
vt 0.886768 0.104578
vt 0.971000 0.053495
vt 0.971000 0.079037
vt 0.886768 0.079036
vt 0.886768 0.053495
vt 0.186921 0.424170
vt 0.174865 0.445754
vt 0.204311 0.406430
vt 0.225728 0.393789
vt 0.249799 0.387294
vt 0.274617 0.387275
vt 0.298538 0.393594
vt 0.319993 0.405987
vt 0.356161 0.468996
vt 0.356042 0.493617
vt 0.349549 0.517389
vt 0.630513 0.873046
vt 0.630513 0.887152
vt 0.854198 0.391766
vt 0.938430 0.391766
vt 0.854198 0.315141
vt 0.938430 0.315141
vt 0.232541 0.409892
vt 0.252123 0.404569
vt 0.252734 0.409127
vt 0.234311 0.414129
vt 0.276214 0.585589
vt 0.277487 0.595688
vt 0.247727 0.595688
vt 0.248983 0.585461
vt 0.206595 0.409347
vt 0.189923 0.426420
vt 0.352514 0.469458
vt 0.227182 0.397234
vt 0.768136 0.217344
vt 0.352346 0.493109
vt 0.250299 0.391030
vt 0.346139 0.515958
vt 0.274141 0.390934
vt 0.157883 0.495756
vt 0.147762 0.497199
vt 0.147355 0.467126
vt 0.157681 0.468279
vt 0.297122 0.397037
vt 0.179216 0.545838
vt 0.170861 0.552337
vt 0.155772 0.526112
vt 0.165386 0.522136
vt 0.317732 0.408948
vt 0.222689 0.578444
vt 0.218740 0.588180
vt 0.192600 0.573379
vt 0.198754 0.565165
vt 0.326563 0.564950
vt 0.332838 0.573285
vt 0.306539 0.588313
vt 0.302695 0.578672
vt 0.178278 0.447115
vt 0.200868 0.434626
vt 0.190968 0.452176
vt 0.215016 0.420138
vt 0.272344 0.404521
vt 0.291900 0.409697
vt 0.309375 0.419884
vt 0.323754 0.434139
vt 0.333825 0.451742
vt 0.338925 0.471182
vt 0.338891 0.491260
vt 0.333653 0.510688
vt 0.494426 0.008574
vt 0.494425 0.002413
vt 0.496192 0.002413
vt 0.496193 0.008574
vt 0.346035 0.545483
vt 0.354248 0.551923
vt 0.195200 0.453888
vt 0.190499 0.472208
vt 0.185975 0.471648
vt 0.337226 0.538666
vt 0.329433 0.508932
vt 0.334378 0.490660
vt 0.271756 0.409019
vt 0.168830 0.469582
vt 0.172496 0.470025
vt 0.172790 0.493646
vt 0.169105 0.494165
vt 0.290123 0.413977
vt 0.179010 0.516380
vt 0.175646 0.517806
vt 0.306615 0.423488
vt 0.191028 0.536633
vt 0.188120 0.538892
vt 0.320072 0.436960
vt 0.226856 0.568231
vt 0.228227 0.564864
vt 0.250876 0.570790
vt 0.250399 0.574420
vt 0.204480 0.437341
vt 0.205531 0.556212
vt 0.329589 0.453475
vt 0.207774 0.553249
vt 0.217878 0.423809
vt 0.334448 0.471760
vt 0.319761 0.556004
vt 0.219450 0.448577
vt 0.212553 0.460902
vt 0.229529 0.438733
vt 0.241581 0.431418
vt 0.255233 0.427942
vt 0.269240 0.427842
vt 0.282961 0.431239
vt 0.295094 0.438501
vt 0.305200 0.448349
vt 0.312205 0.460600
vt 0.315679 0.474160
vt 0.315692 0.488105
vt 0.312133 0.501687
vt 0.191552 0.511082
vt 0.195729 0.509306
vt 0.205227 0.525577
vt 0.201679 0.528338
vt 0.317501 0.553038
vt 0.334327 0.536428
vt 0.209197 0.474518
vt 0.298855 0.453233
vt 0.290509 0.444483
vt 0.186153 0.491763
vt 0.190717 0.491120
vt 0.225810 0.453390
vt 0.219789 0.463797
vt 0.233355 0.552367
vt 0.215933 0.542432
vt 0.305108 0.463527
vt 0.234167 0.444695
vt 0.272550 0.557447
vt 0.252608 0.557445
vt 0.308349 0.475102
vt 0.244659 0.438723
vt 0.309298 0.542314
vt 0.291851 0.552260
vt 0.308149 0.487115
vt 0.256220 0.435344
vt 0.323554 0.528103
vt 0.304953 0.498724
vt 0.268284 0.435484
vt 0.218699 0.538775
vt 0.279918 0.438677
vt 0.235071 0.548175
vt 0.253182 0.553005
vt 0.234256 0.459809
vt 0.229628 0.467901
vt 0.240768 0.453186
vt 0.248788 0.448502
vt 0.257752 0.446050
vt 0.267029 0.446059
vt 0.276011 0.448470
vt 0.284043 0.453082
vt 0.290591 0.459627
vt 0.295252 0.467655
vt 0.297666 0.476604
vt 0.297683 0.485816
vt 0.295229 0.494674
vt 0.319905 0.525290
vt 0.271970 0.552959
vt 0.290125 0.548061
vt 0.306541 0.538683
vt 0.229859 0.523996
vt 0.234706 0.517645
vt 0.245016 0.523803
vt 0.242088 0.530903
vt 0.405053 0.311864
vt 0.416275 0.308028
vt 0.421948 0.321429
vt 0.408771 0.325047
vt 0.283077 0.530650
vt 0.269608 0.534573
vt 0.209371 0.488401
vt 0.082374 0.604671
vt 0.085948 0.593506
vt 0.099260 0.597137
vt 0.095511 0.610311
vt 0.295336 0.523920
vt 0.212742 0.502050
vt 0.088711 0.582059
vt 0.101860 0.584667
vt 0.305085 0.513804
vt 0.347809 0.317996
vt 0.359640 0.318214
vt 0.359937 0.331352
vt 0.347688 0.331681
vt 0.220149 0.513936
vt 0.090712 0.570624
vt 0.103791 0.572408
vt 0.371092 0.317945
vt 0.372042 0.330685
vt 0.092036 0.559213
vt 0.104953 0.560249
vt 0.382366 0.316591
vt 0.384106 0.329465
vt 0.092791 0.547898
vt 0.105453 0.548230
vt 0.393727 0.314622
vt 0.396329 0.327692
vt 0.255583 0.534427
vt 0.092556 0.536456
vt 0.105739 0.536166
vt 0.241010 0.509398
vt 0.225991 0.509386
vt 0.234449 0.502934
vt 0.374698 0.367846
vt 0.361083 0.368601
vt 0.280210 0.523783
vt 0.290471 0.517626
vt 0.142097 0.563004
vt 0.140883 0.576572
vt 0.388320 0.366721
vt 0.216690 0.487421
vt 0.220082 0.498946
vt 0.142809 0.549373
vt 0.401917 0.364975
vt 0.298938 0.509156
vt 0.142858 0.535728
vt 0.415578 0.362870
vt 0.256527 0.527087
vt 0.268529 0.526686
vt 0.428985 0.360452
vt 0.216759 0.475422
vt 0.137178 0.603960
vt 0.134731 0.617435
vt 0.139290 0.590224
vt 0.347427 0.368684
vt 0.602999 0.230376
vt 0.589916 0.230549
vt 0.565987 0.003143
vt 0.620909 0.002417
vt 0.230547 0.295330
vt 0.230375 0.308413
vt 0.002417 0.326331
vt 0.003141 0.271408
vt 0.248972 0.514000
vt 0.577084 0.233103
vt 0.512117 0.013865
vt 0.232589 0.321309
vt 0.011713 0.380465
vt 0.257882 0.516378
vt 0.564932 0.237953
vt 0.461102 0.034224
vt 0.237116 0.333585
vt 0.030718 0.431999
vt 0.267120 0.516334
vt 0.227268 0.476858
vt 0.243805 0.344830
vt 0.058795 0.479208
vt 0.276013 0.513929
vt 0.227311 0.486076
vt 0.639417 0.243804
vt 0.628171 0.237117
vt 0.726578 0.030714
vt 0.773788 0.058790
vt 0.284029 0.509266
vt 0.229797 0.494974
vt 0.615895 0.232590
vt 0.675044 0.011711
vt 0.290578 0.502662
vt 0.237950 0.270345
vt 0.233101 0.282497
vt 0.013861 0.217538
vt 0.034218 0.166523
vt 0.161796 0.738438
vt 0.157718 0.724915
vt 0.213012 0.711670
vt 0.215509 0.725190
vt 0.962061 0.771419
vt 0.962061 0.826346
vt 0.943257 0.826346
vt 0.943257 0.771419
vt 0.313011 0.316365
vt 0.311251 0.329031
vt 0.299202 0.327162
vt 0.301791 0.314228
vt 0.085904 0.478855
vt 0.098501 0.475365
vt 0.101234 0.487560
vt 0.088212 0.490065
vt 0.962061 0.881273
vt 0.943257 0.881273
vt 0.091783 0.524658
vt 0.105378 0.523903
vt 0.167197 0.649111
vt 0.222123 0.649111
vt 0.222123 0.667915
vt 0.167197 0.667915
vt 0.335398 0.331222
vt 0.335942 0.317932
vt 0.962060 0.936200
vt 0.943257 0.936200
vt 0.286979 0.324395
vt 0.290612 0.311815
vt 0.277050 0.649111
vt 0.277050 0.667915
vt 0.102968 0.499650
vt 0.090243 0.501353
vt 0.374741 0.642825
vt 0.319814 0.642825
vt 0.319814 0.624022
vt 0.374741 0.624022
vt 0.331977 0.649111
vt 0.331977 0.667915
vt 0.323279 0.330338
vt 0.324343 0.317396
vt 0.264887 0.642825
vt 0.264887 0.624022
vt 0.962061 0.606639
vt 0.962061 0.661566
vt 0.943258 0.661566
vt 0.943258 0.606639
vt 0.104338 0.511711
vt 0.091223 0.512824
vt 0.209961 0.642825
vt 0.209960 0.624021
vt 0.962061 0.716493
vt 0.943257 0.716493
vt 0.274383 0.320690
vt 0.279969 0.308034
vt 0.082391 0.468383
vt 0.094693 0.462899
vt 0.381934 0.719381
vt 0.325964 0.715475
vt 0.326172 0.701245
vt 0.383671 0.705717
vt 0.435354 0.728391
vt 0.438392 0.715479
vt 0.485741 0.742611
vt 0.489828 0.730586
vt 0.533217 0.761407
vt 0.538540 0.749696
vt 0.578124 0.784409
vt 0.584370 0.773788
vt 0.619960 0.811697
vt 0.626930 0.801605
vt 0.809646 0.787903
vt 0.858536 0.757920
vt 0.866390 0.770095
vt 0.816342 0.800328
vt 0.757275 0.812563
vt 0.762833 0.826041
vt 0.703390 0.831563
vt 0.707277 0.845038
vt 0.649779 0.844593
vt 0.652200 0.857983
vt 0.596351 0.851985
vt 0.597359 0.865157
vt 0.544228 0.853559
vt 0.543999 0.866373
vt 0.333798 0.368362
vt 0.320164 0.367494
vt 0.306615 0.365963
vt 0.293124 0.364073
vt 0.279694 0.361634
vt 0.132676 0.454599
vt 0.135450 0.467938
vt 0.536431 0.264302
vt 0.341459 0.144838
vt 0.374320 0.100825
vt 0.544259 0.253818
vt 0.414652 0.063538
vt 0.553866 0.244935
vt 0.288626 0.232506
vt 0.246955 0.007674
vt 0.301651 0.002647
vt 0.301656 0.231308
vt 0.530645 0.276037
vt 0.317168 0.194101
vt 0.527094 0.288630
vt 0.302261 0.246967
vt 0.381371 0.724088
vt 0.325888 0.720471
vt 0.434345 0.732850
vt 0.484314 0.746822
vt 0.531408 0.765372
vt 0.575995 0.788074
vt 0.617262 0.814849
vt 0.807339 0.783636
vt 0.855312 0.753960
vt 0.755322 0.807827
vt 0.702020 0.826935
vt 0.648915 0.839986
vt 0.595972 0.847449
vt 0.140020 0.494751
vt 0.141616 0.508368
vt 0.142518 0.522072
vt 0.266268 0.358920
vt 0.137943 0.481285
vt 0.253815 0.249672
vt 0.100816 0.079739
vt 0.144828 0.046876
vt 0.264299 0.241844
vt 0.194090 0.022583
vt 0.276033 0.236057
vt 0.525897 0.301660
vt 0.297236 0.301663
vt 0.244933 0.259280
vt 0.063530 0.120071
vt 0.293794 0.784395
vt 0.250231 0.756199
vt 0.871796 0.792661
vt 0.890599 0.792661
vt 0.890599 0.847588
vt 0.871796 0.847588
vt 0.610811 0.824870
vt 0.569911 0.798541
vt 0.058393 0.781185
vt 0.051815 0.768904
vt 0.103675 0.744397
vt 0.108949 0.757099
vt 0.112270 0.667915
vt 0.112270 0.649111
vt 0.800753 0.771342
vt 0.848440 0.742671
vt 0.287387 0.795566
vt 0.243002 0.766724
vt 0.057343 0.667915
vt 0.057343 0.649111
vt 0.750029 0.795325
vt 0.492160 0.850195
vt 0.490705 0.863257
vt 0.436721 0.854157
vt 0.439542 0.841138
vt 0.379930 0.736768
vt 0.325689 0.733962
vt 0.002416 0.667915
vt 0.002416 0.649111
vt 0.698262 0.814527
vt 0.388126 0.826876
vt 0.383882 0.839564
vt 0.334308 0.819428
vt 0.339578 0.807835
vt 0.431647 0.745386
vt 0.871795 0.627881
vt 0.890598 0.627880
vt 0.890599 0.682808
vt 0.871795 0.682808
vt 0.646521 0.827316
vt 0.480562 0.758171
vt 0.890599 0.737734
vt 0.871795 0.737734
vt 0.594775 0.834722
vt 0.526421 0.776275
vt 0.269836 0.717611
vt 0.268610 0.704030
vt 0.700801 0.730349
vt 0.751163 0.701672
vt 0.757222 0.709778
vt 0.704584 0.739691
vt 0.644842 0.745106
vt 0.646114 0.755053
vt 0.586730 0.744976
vt 0.585406 0.755053
vt 0.530154 0.729686
vt 0.526189 0.739176
vt 0.479409 0.700158
vt 0.473124 0.708189
vt 0.438675 0.658502
vt 0.430567 0.664585
vt 0.409834 0.608008
vt 0.400460 0.611824
vt 0.394842 0.551812
vt 0.384850 0.553110
vt 0.394841 0.493429
vt 0.384767 0.492103
vt 0.410166 0.437141
vt 0.400796 0.433258
vt 0.439303 0.386816
vt 0.431223 0.380680
vt 0.890600 0.902515
vt 0.871796 0.902515
vt 0.890600 0.957442
vt 0.871796 0.957442
vt 0.045180 0.642825
vt 0.045180 0.624021
vt 0.100107 0.624022
vt 0.100107 0.642825
vt 0.155034 0.624021
vt 0.155034 0.642825
vt 0.010879 0.810280
vt 0.003375 0.798783
vt 0.602767 0.620582
vt 0.556187 0.600681
vt 0.519919 0.510555
vt 0.538843 0.463565
vt 0.578143 0.613661
vt 0.538350 0.582710
vt 0.525784 0.560598
vt 0.519497 0.535940
vt 0.020426 0.824907
vt 0.013794 0.813880
vt 0.653295 0.614495
vt 0.675824 0.601910
vt 0.628378 0.620867
vt 0.526223 0.485923
vt 0.861739 0.289418
vt 0.874962 0.266754
vt 0.881940 0.241196
vt 0.881913 0.214673
vt 0.875032 0.189235
vt 0.861913 0.166548
vt 0.843415 0.147945
vt 0.820542 0.134668
vt 0.795021 0.127889
vt 0.768885 0.127894
vt 0.743622 0.134502
vt 0.720763 0.147421
vt 0.785336 0.232443
vt 0.786412 0.231365
vt 0.787173 0.230047
vt 0.787569 0.228573
vt 0.787569 0.227049
vt 0.787176 0.225578
vt 0.786414 0.224256
vt 0.785337 0.223177
vt 0.784019 0.222413
vt 0.782545 0.222016
vt 0.781020 0.222014
vt 0.779543 0.222408
vt 0.778221 0.223171
vt 0.777142 0.224250
vt 0.211262 0.002412
vt 0.211263 0.008572
vt 0.209496 0.008573
vt 0.209495 0.002412
vt 0.499727 0.008573
vt 0.499726 0.002412
vt 0.501493 0.002412
vt 0.501494 0.008573
vt 0.213029 0.002411
vt 0.214795 0.002411
vt 0.214797 0.008572
vt 0.213030 0.008572
vt 0.510328 0.008571
vt 0.510327 0.002410
vt 0.207728 0.002412
vt 0.207730 0.008573
vt 0.205963 0.008574
vt 0.205961 0.002413
vt 0.512094 0.008571
vt 0.512093 0.002410
vt 0.497960 0.008573
vt 0.497959 0.002412
vt 0.221863 0.002409
vt 0.223630 0.002409
vt 0.223631 0.008570
vt 0.221864 0.008570
vt 0.492660 0.008574
vt 0.492658 0.002413
vt 0.220096 0.002410
vt 0.220097 0.008570
vt 0.503260 0.008572
vt 0.503259 0.002411
vt 0.490893 0.008574
vt 0.490892 0.002413
vt 0.218329 0.002410
vt 0.218330 0.008571
vt 0.505027 0.008572
vt 0.505026 0.002411
vt 0.204194 0.002413
vt 0.204196 0.008574
vt 0.202429 0.008574
vt 0.202428 0.002414
vt 0.216562 0.002410
vt 0.216563 0.008571
vt 0.738706 0.115729
vt 0.745414 0.114829
vt 0.746972 0.126448
vt 0.736131 0.121988
vt 0.746947 0.115709
vt 0.748199 0.116955
vt 0.749086 0.118483
vt 0.749547 0.120189
vt 0.749551 0.121956
vt 0.749098 0.123663
vt 0.748219 0.125195
vt 0.745444 0.127335
vt 0.743739 0.127796
vt 0.741972 0.127800
vt 0.740264 0.127347
vt 0.738732 0.126467
vt 0.737480 0.125221
vt 0.736593 0.123693
vt 0.736127 0.120221
vt 0.736580 0.118513
vt 0.737460 0.116981
vt 0.740234 0.114842
vt 0.741940 0.114380
vt 0.743707 0.114376
vt 0.151617 0.575754
vt 0.162702 0.576218
vt 0.162385 0.579511
vt 0.151651 0.579063
vt 0.585305 0.984905
vt 0.576522 0.985256
vt 0.576396 0.982172
vt 0.585148 0.981822
vt 0.045339 0.868165
vt 0.048595 0.867603
vt 0.050403 0.879021
vt 0.047128 0.879462
vt 0.990139 0.916412
vt 0.986828 0.916460
vt 0.986651 0.906489
vt 0.989962 0.906427
vt 0.435772 0.755111
vt 0.427392 0.753017
vt 0.428085 0.749781
vt 0.436719 0.751940
vt 0.521724 0.944799
vt 0.521727 0.941488
vt 0.532632 0.941500
vt 0.532628 0.944811
vt 0.993154 0.783660
vt 0.996465 0.783660
vt 0.996482 0.793622
vt 0.993171 0.793629
vt 0.976829 0.786053
vt 0.979913 0.785942
vt 0.980059 0.793467
vt 0.976974 0.793499
vt 0.328134 0.941285
vt 0.337982 0.941295
vt 0.337979 0.944606
vt 0.328131 0.944596
vt 0.638772 0.965202
vt 0.638847 0.961903
vt 0.647330 0.961932
vt 0.647394 0.965231
vt 0.326423 0.754942
vt 0.327431 0.758088
vt 0.316326 0.761901
vt 0.315217 0.758790
vt 0.994109 0.168418
vt 0.997421 0.168429
vt 0.997385 0.177972
vt 0.994074 0.177959
vt 0.902037 0.786404
vt 0.906916 0.796708
vt 0.903841 0.797934
vt 0.899133 0.787994
vt 0.139125 0.907067
vt 0.130762 0.908878
vt 0.130021 0.905660
vt 0.138456 0.903834
vt 0.042840 0.005321
vt 0.041113 0.004774
vt 0.044033 0.002610
vt 0.240246 0.871468
vt 0.229079 0.869333
vt 0.229862 0.866216
vt 0.241076 0.868361
vt 0.732461 0.008982
vt 0.743630 0.010241
vt 0.743359 0.013535
vt 0.732021 0.012257
vt 0.059424 0.988962
vt 0.069211 0.988910
vt 0.069227 0.992221
vt 0.059446 0.992274
vt 0.295995 0.928528
vt 0.303667 0.928513
vt 0.303673 0.931599
vt 0.296001 0.931614
vt 0.062838 0.921071
vt 0.059562 0.921067
vt 0.059706 0.911360
vt 0.062984 0.911198
vt 0.159719 0.891591
vt 0.160127 0.894866
vt 0.151411 0.896173
vt 0.150827 0.892924
vt 0.489260 0.956015
vt 0.488879 0.952768
vt 0.496566 0.951667
vt 0.496823 0.954932
vt 0.654494 0.990763
vt 0.643515 0.990574
vt 0.643561 0.987263
vt 0.654556 0.987452
vt 0.331143 0.585017
vt 0.332246 0.588139
vt 0.323004 0.591407
vt 0.321906 0.588283
vt 0.985545 0.676813
vt 0.985409 0.665671
vt 0.988720 0.665625
vt 0.988856 0.676781
vt 0.753191 0.725368
vt 0.741702 0.727613
vt 0.741066 0.724371
vt 0.752587 0.722120
vt 0.996919 0.636924
vt 0.996923 0.646871
vt 0.993612 0.646876
vt 0.993607 0.636924
vt 0.184667 0.903647
vt 0.174991 0.903374
vt 0.174998 0.900074
vt 0.184830 0.900352
vt 0.344839 0.992266
vt 0.344757 0.989181
vt 0.354350 0.988963
vt 0.354408 0.992049
vt 0.166644 0.018615
vt 0.157179 0.020464
vt 0.156842 0.017339
vt 0.166119 0.015527
vt 0.530103 0.931157
vt 0.530097 0.928071
vt 0.540498 0.928051
vt 0.540504 0.931137
vt 0.972121 0.714275
vt 0.966914 0.714272
vt 0.967462 0.711022
vt 0.971578 0.711025
vt 0.991871 0.257725
vt 0.988559 0.257709
vt 0.988590 0.247914
vt 0.991901 0.247923
vt 0.902564 0.925466
vt 0.899453 0.924357
vt 0.903266 0.913253
vt 0.906411 0.914260
vt 0.496683 0.944773
vt 0.496686 0.941462
vt 0.506138 0.941472
vt 0.506135 0.944783
vt 0.275685 0.944541
vt 0.269875 0.944961
vt 0.269880 0.940797
vt 0.275688 0.941230
vt 0.125486 0.023613
vt 0.114613 0.023656
vt 0.114912 0.020486
vt 0.125585 0.020444
vt 0.524308 0.950263
vt 0.524184 0.953549
vt 0.514337 0.953651
vt 0.514345 0.950366
vt 0.458335 0.928211
vt 0.467196 0.928194
vt 0.467202 0.931280
vt 0.458341 0.931297
vt 0.993761 0.716925
vt 0.996682 0.716788
vt 0.996634 0.725960
vt 0.993323 0.725945
vt 0.304514 0.597877
vt 0.303427 0.594749
vt 0.312663 0.591528
vt 0.313755 0.594654
vt 0.988055 0.785337
vt 0.984745 0.785398
vt 0.984531 0.774603
vt 0.987842 0.774540
vt 0.757109 0.931025
vt 0.748742 0.931025
vt 0.748742 0.927714
vt 0.757109 0.927714
vt 0.110675 0.063671
vt 0.107587 0.063651
vt 0.107589 0.060341
vt 0.110677 0.060361
vt 0.671764 0.927714
vt 0.683559 0.927714
vt 0.683559 0.931024
vt 0.671764 0.931024
vt 0.937820 0.830374
vt 0.934523 0.830610
vt 0.933378 0.819389
vt 0.936657 0.818984
vt 0.213803 0.883621
vt 0.225002 0.885511
vt 0.224219 0.888627
vt 0.213108 0.886751
vt 0.652463 0.871159
vt 0.660937 0.869197
vt 0.661331 0.872309
vt 0.653165 0.874200
vt 0.370271 0.918686
vt 0.370271 0.921997
vt 0.361764 0.921997
vt 0.361764 0.918686
vt 0.979022 0.579011
vt 0.979031 0.588854
vt 0.975945 0.588857
vt 0.975937 0.579013
vt 0.555172 0.914281
vt 0.555172 0.910970
vt 0.566260 0.910970
vt 0.566261 0.914281
vt 0.384519 0.785002
vt 0.384687 0.781699
vt 0.396153 0.781957
vt 0.396152 0.785263
vt 0.975850 0.475915
vt 0.978936 0.475912
vt 0.978946 0.487653
vt 0.975860 0.487656
vt 0.032795 0.867622
vt 0.032551 0.877324
vt 0.029271 0.877452
vt 0.029519 0.867584
vt 0.003692 0.222435
vt 0.006800 0.223266
vt 0.005679 0.228870
vt 0.002573 0.228030
vt 0.997091 0.694624
vt 0.993780 0.694639
vt 0.993738 0.685394
vt 0.997050 0.685380
vt 0.989955 0.941634
vt 0.986646 0.941509
vt 0.986872 0.933204
vt 0.990183 0.933255
vt 0.976486 0.636633
vt 0.976284 0.632378
vt 0.979894 0.631829
vt 0.979568 0.636466
vt 0.510518 0.928110
vt 0.510523 0.931195
vt 0.501534 0.931213
vt 0.501528 0.928127
vt 0.010136 0.178135
vt 0.010530 0.167504
vt 0.013698 0.167751
vt 0.013298 0.178543
vt 0.154249 0.012784
vt 0.145605 0.013770
vt 0.145329 0.010475
vt 0.153738 0.009516
vt 0.971060 0.716613
vt 0.967974 0.716611
vt 0.030803 0.992500
vt 0.030774 0.989189
vt 0.040151 0.989107
vt 0.040179 0.992418
vt 0.975880 0.510896
vt 0.975870 0.499312
vt 0.978956 0.499309
vt 0.978965 0.510894
vt 0.103548 0.022935
vt 0.092187 0.021260
vt 0.092996 0.018146
vt 0.104090 0.019781
vt 0.520059 0.931177
vt 0.520053 0.928091
vt 0.991676 0.286785
vt 0.988365 0.286758
vt 0.988441 0.277195
vt 0.991752 0.277221
vt 0.377752 0.941048
vt 0.377748 0.944937
vt 0.370341 0.944640
vt 0.370344 0.941329
vt 0.514503 0.944792
vt 0.514507 0.941481
vt 0.720327 0.946981
vt 0.720209 0.950260
vt 0.711023 0.949789
vt 0.711014 0.946504
vt 0.720920 0.931025
vt 0.720920 0.927714
vt 0.723178 0.927385
vt 0.723178 0.931354
vt 0.987570 0.755201
vt 0.987661 0.764396
vt 0.984350 0.764444
vt 0.984259 0.755212
vt 0.147642 0.905495
vt 0.147100 0.902238
vt 0.492906 0.928144
vt 0.492912 0.931230
vt 0.484441 0.931246
vt 0.484435 0.928160
vt 0.448334 0.921999
vt 0.436288 0.921998
vt 0.436288 0.918687
vt 0.448334 0.918687
vt 0.398658 0.057891
vt 0.398653 0.054582
vt 0.401740 0.054559
vt 0.401745 0.057868
vt 0.193696 0.996528
vt 0.193696 0.993443
vt 0.202329 0.993443
vt 0.202329 0.996528
vt 0.797817 0.961406
vt 0.797352 0.958140
vt 0.802568 0.957382
vt 0.803047 0.960647
vt 0.640795 0.914280
vt 0.640794 0.910969
vt 0.648042 0.910969
vt 0.648042 0.914280
vt 0.809942 0.923168
vt 0.809939 0.920082
vt 0.817316 0.920075
vt 0.817319 0.923161
vt 0.167348 0.932534
vt 0.167179 0.929239
vt 0.176806 0.929028
vt 0.176800 0.932328
vt 0.582138 0.956271
vt 0.583754 0.956716
vt 0.582067 0.959667
vt 0.208258 0.589517
vt 0.206937 0.592546
vt 0.196764 0.588385
vt 0.197921 0.585289
vt 0.898455 0.936588
vt 0.895644 0.935871
vt 0.717254 0.858989
vt 0.727080 0.860488
vt 0.726453 0.863723
vt 0.716762 0.862244
vt 0.432522 0.944706
vt 0.432525 0.941395
vt 0.443738 0.941407
vt 0.443735 0.944717
vt 0.303451 0.950289
vt 0.312073 0.950261
vt 0.312009 0.953560
vt 0.303526 0.953588
vt 0.088820 0.992179
vt 0.079023 0.992189
vt 0.079014 0.988878
vt 0.088817 0.988868
vt 0.149452 0.934452
vt 0.148909 0.931196
vt 0.157859 0.929970
vt 0.158226 0.933250
vt 0.312572 0.931582
vt 0.312566 0.928496
vt 0.322610 0.928477
vt 0.322616 0.931562
vt 0.900684 0.827721
vt 0.898806 0.816600
vt 0.901923 0.815817
vt 0.903816 0.827025
vt 0.223897 0.908650
vt 0.214083 0.906958
vt 0.214609 0.903701
vt 0.224481 0.905403
vt 0.062174 0.982306
vt 0.062166 0.979220
vt 0.071620 0.979241
vt 0.071588 0.982327
vt 0.827038 0.718388
vt 0.826492 0.721651
vt 0.818156 0.720610
vt 0.818467 0.717317
vt 0.976301 0.774971
vt 0.979381 0.774754
vt 0.985999 0.148378
vt 0.985398 0.136646
vt 0.988707 0.136521
vt 0.989304 0.148194
vt 0.182072 0.013868
vt 0.181006 0.010951
vt 0.190821 0.006199
vt 0.192253 0.008941
vt 0.607602 0.927713
vt 0.607602 0.931024
vt 0.598150 0.931024
vt 0.598150 0.927713
vt 0.980070 0.259550
vt 0.983152 0.259707
vt 0.982803 0.268459
vt 0.979719 0.268333
vt 0.057301 0.958499
vt 0.054099 0.957952
vt 0.056038 0.948998
vt 0.059258 0.949463
vt 0.776403 0.984948
vt 0.765606 0.984734
vt 0.765668 0.981424
vt 0.776464 0.981637
vt 0.979603 0.833700
vt 0.979578 0.845110
vt 0.976492 0.845128
vt 0.976517 0.833678
vt 0.658938 0.269992
vt 0.667284 0.272205
vt 0.666502 0.275224
vt 0.658413 0.273080
vt 0.098641 0.992186
vt 0.098641 0.988875
vt 0.994140 0.158685
vt 0.997451 0.158693
vt 0.140220 0.993443
vt 0.140220 0.996528
vt 0.129867 0.996528
vt 0.129867 0.993443
vt 0.439437 0.955224
vt 0.439733 0.958511
vt 0.431226 0.959128
vt 0.431034 0.955834
vt 0.673033 0.963435
vt 0.664367 0.964301
vt 0.664071 0.961015
vt 0.672661 0.960155
vt 0.228460 0.002827
vt 0.232839 0.003520
vt 0.232889 0.005993
vt 0.228460 0.006631
vt 0.984076 0.377302
vt 0.984481 0.368680
vt 0.987563 0.368854
vt 0.987159 0.377459
vt 0.787094 0.959539
vt 0.787511 0.962811
vt 0.638885 0.893437
vt 0.639714 0.896544
vt 0.634199 0.897548
vt 0.633280 0.894551
vt 0.147485 0.910904
vt 0.147894 0.914179
vt 0.139178 0.915487
vt 0.138594 0.912238
vt 0.476384 0.984502
vt 0.476211 0.981421
vt 0.480480 0.981205
vt 0.480291 0.984072
vt 0.938359 0.841530
vt 0.935054 0.841588
vt 0.076967 0.559857
vt 0.080229 0.560385
vt 0.078177 0.571894
vt 0.074929 0.571290
vt 0.459818 0.918688
vt 0.459818 0.921999
vt 0.627460 0.914280
vt 0.627460 0.910969
vt 0.629668 0.910969
vt 0.629668 0.914280
vt 0.983317 0.423928
vt 0.983258 0.414091
vt 0.986344 0.414090
vt 0.986403 0.423893
vt 0.712126 0.931025
vt 0.703448 0.931025
vt 0.703448 0.927714
vt 0.712126 0.927714
vt 0.737590 0.905016
vt 0.738331 0.901799
vt 0.742126 0.902820
vt 0.742154 0.905896
vt 0.427344 0.931358
vt 0.415495 0.931381
vt 0.415489 0.928295
vt 0.427338 0.928272
vt 0.767819 0.961504
vt 0.768035 0.964796
vt 0.759055 0.965207
vt 0.758980 0.961908
vt 0.706914 0.877042
vt 0.706987 0.880208
vt 0.697001 0.880070
vt 0.696755 0.876902
vt 0.264689 0.954091
vt 0.265154 0.957357
vt 0.259938 0.958115
vt 0.259460 0.954851
vt 0.378036 0.921997
vt 0.378036 0.918686
vt 0.258963 0.610101
vt 0.267625 0.607119
vt 0.268704 0.610250
vt 0.260041 0.613231
vt 0.977469 0.101638
vt 0.977615 0.094192
vt 0.980701 0.094224
vt 0.980554 0.101749
vt 0.355544 0.944625
vt 0.355547 0.941314
vt 0.363187 0.941322
vt 0.363184 0.944633
vt 0.643222 0.952413
vt 0.643294 0.955809
vt 0.641606 0.952859
vt 0.441530 0.927184
vt 0.441540 0.932391
vt 0.439200 0.931335
vt 0.439194 0.928249
vt 0.049097 0.912004
vt 0.049035 0.901574
vt 0.052339 0.901480
vt 0.052402 0.912087
vt 0.746494 0.864508
vt 0.751951 0.865343
vt 0.750532 0.868825
vt 0.745722 0.867714
vt 0.861021 0.954367
vt 0.859448 0.944485
vt 0.862711 0.944001
vt 0.864275 0.953824
vt 0.985221 0.654692
vt 0.988531 0.654631
vt 0.777198 0.960695
vt 0.777535 0.963977
vt 0.259698 0.854095
vt 0.262973 0.854058
vt 0.263220 0.863925
vt 0.259940 0.863797
vt 0.653179 0.760061
vt 0.664572 0.757904
vt 0.665210 0.761146
vt 0.653742 0.763317
vt 0.601312 0.914280
vt 0.589790 0.914281
vt 0.589790 0.910970
vt 0.601312 0.910969
vt 0.675115 0.991151
vt 0.665130 0.990974
vt 0.665192 0.987663
vt 0.675163 0.987841
vt 0.284594 0.928550
vt 0.284600 0.931636
vt 0.664079 0.901632
vt 0.663646 0.898362
vt 0.673586 0.897219
vt 0.673893 0.900504
vt 0.807068 0.006191
vt 0.801640 0.008185
vt 0.800538 0.005065
vt 0.805905 0.003093
vt 0.510865 0.989444
vt 0.521826 0.989675
vt 0.521777 0.992761
vt 0.510788 0.992529
vt 0.977601 0.085555
vt 0.980687 0.085525
vt 0.654268 0.903093
vt 0.653742 0.899836
vt 0.008359 0.822486
vt 0.005163 0.823065
vt 0.002961 0.814199
vt 0.006149 0.813584
vt 0.383365 0.944654
vt 0.383369 0.941343
vt 0.392162 0.941352
vt 0.392159 0.944663
vt 0.505033 0.950844
vt 0.505151 0.954123
vt 0.217134 0.597367
vt 0.218609 0.594410
vt 0.228856 0.599827
vt 0.227271 0.602725
vt 0.670004 0.951800
vt 0.659525 0.953213
vt 0.659008 0.949957
vt 0.669553 0.948535
vt 0.350785 0.581536
vt 0.349676 0.578416
vt 0.354664 0.576560
vt 0.355435 0.579874
vt 0.321120 0.768672
vt 0.322773 0.765804
vt 0.327837 0.768677
vt 0.326247 0.771581
vt 0.996593 0.735205
vt 0.993282 0.735191
vt 0.615884 0.274652
vt 0.626668 0.275271
vt 0.626619 0.278431
vt 0.615984 0.277821
vt 0.856338 0.904936
vt 0.856670 0.895351
vt 0.859963 0.895563
vt 0.859638 0.904972
vt 0.217404 0.985738
vt 0.217528 0.989046
vt 0.208833 0.989282
vt 0.208784 0.985971
vt 0.512432 0.910971
vt 0.522779 0.910971
vt 0.522779 0.914282
vt 0.512431 0.914282
vt 0.668680 0.862907
vt 0.668341 0.859664
vt 0.677805 0.858440
vt 0.677979 0.861703
vt 0.975928 0.568295
vt 0.979013 0.568293
vt 0.370592 0.984000
vt 0.371270 0.981218
vt 0.381271 0.981575
vt 0.381153 0.984659
vt 0.985926 0.068682
vt 0.986018 0.057414
vt 0.989329 0.057436
vt 0.989237 0.068714
vt 0.362813 0.988873
vt 0.362809 0.991959
vt 0.220066 0.993443
vt 0.220066 0.996528
vt 0.211138 0.996528
vt 0.211138 0.993443
vt 0.407872 0.784900
vt 0.407687 0.781600
vt 0.004372 0.230494
vt 0.276358 0.604111
vt 0.285221 0.601054
vt 0.286301 0.604184
vt 0.277437 0.607242
vt 0.707569 0.957943
vt 0.716420 0.959110
vt 0.715996 0.962383
vt 0.707117 0.961212
vt 0.079686 0.506325
vt 0.082978 0.506013
vt 0.083565 0.515760
vt 0.080261 0.515879
vt 0.396007 0.745894
vt 0.395839 0.749196
vt 0.384373 0.748939
vt 0.384374 0.745633
vt 0.976240 0.236476
vt 0.977808 0.235364
vt 0.980893 0.235290
vt 0.978332 0.238959
vt 0.967896 0.843238
vt 0.970982 0.843240
vt 0.970976 0.852140
vt 0.967890 0.852138
vt 0.505795 0.828905
vt 0.497202 0.827204
vt 0.497912 0.823980
vt 0.506379 0.825656
vt 0.553622 0.276309
vt 0.554891 0.279298
vt 0.546751 0.282308
vt 0.545430 0.279338
vt 0.444781 0.927723
vt 0.449379 0.928229
vt 0.449385 0.931315
vt 0.444789 0.931839
vt 0.822961 0.040486
vt 0.822964 0.037175
vt 0.826074 0.037167
vt 0.826071 0.040478
vt 0.049512 0.937898
vt 0.046293 0.937133
vt 0.047664 0.929997
vt 0.050933 0.930507
vt 0.407389 0.746709
vt 0.418197 0.748022
vt 0.417701 0.751292
vt 0.407061 0.750000
vt 0.976794 0.720298
vt 0.979878 0.720412
vt 0.979527 0.730364
vt 0.976443 0.730239
vt 0.996521 0.803556
vt 0.996578 0.813472
vt 0.993267 0.813489
vt 0.993211 0.803569
vt 0.011942 0.899417
vt 0.010155 0.909171
vt 0.006931 0.908482
vt 0.008701 0.898822
vt 0.909409 0.803964
vt 0.906238 0.804911
vt 0.875844 0.988900
vt 0.870907 0.988889
vt 0.870526 0.985508
vt 0.875847 0.985589
vt 0.908483 0.781277
vt 0.911391 0.786404
vt 0.908487 0.787994
vt 0.905614 0.782930
vt 0.776201 0.021929
vt 0.765535 0.022991
vt 0.765486 0.019831
vt 0.776017 0.018782
vt 0.234163 0.910021
vt 0.234955 0.906904
vt 0.317862 0.944585
vt 0.317866 0.941274
vt 0.993302 0.585902
vt 0.992865 0.576882
vt 0.996176 0.576867
vt 0.996223 0.586038
vt 0.187899 0.581798
vt 0.186909 0.584953
vt 0.743776 0.874144
vt 0.749380 0.875259
vt 0.748461 0.878256
vt 0.742946 0.877252
vt 0.858103 0.934581
vt 0.857090 0.924652
vt 0.860379 0.924387
vt 0.861379 0.934190
vt 0.668937 0.868055
vt 0.678147 0.867399
vt 0.678073 0.870564
vt 0.669073 0.871205
vt 0.649136 0.271269
vt 0.649472 0.268144
vt 0.381107 0.944981
vt 0.381112 0.941012
vt 0.924811 0.844676
vt 0.925072 0.856309
vt 0.921766 0.856310
vt 0.921509 0.844844
vt 0.655680 0.942445
vt 0.662292 0.940542
vt 0.662762 0.943773
vt 0.655594 0.945660
vt 0.196268 0.933318
vt 0.186476 0.932600
vt 0.186639 0.929304
vt 0.196575 0.930034
vt 0.641284 0.883786
vt 0.642114 0.886893
vt 0.636599 0.887897
vt 0.635679 0.884901
vt 0.475906 0.928177
vt 0.475912 0.931263
vt 0.538546 0.285469
vt 0.536328 0.286005
vt 0.535135 0.283293
vt 0.537199 0.282509
vt 0.688306 0.867259
vt 0.699096 0.867658
vt 0.698689 0.870819
vt 0.688059 0.870427
vt 0.557417 0.940653
vt 0.564981 0.941736
vt 0.564724 0.945001
vt 0.557037 0.943900
vt 0.790899 0.011361
vt 0.783508 0.012782
vt 0.782997 0.009514
vt 0.790133 0.008142
vt 0.334407 0.992531
vt 0.334330 0.989446
vt 0.481780 0.921999
vt 0.470907 0.921999
vt 0.470907 0.918688
vt 0.481780 0.918688
vt 0.571375 0.923412
vt 0.565645 0.923910
vt 0.565641 0.919839
vt 0.571372 0.920326
vt 0.181588 0.978892
vt 0.181539 0.975806
vt 0.192706 0.975673
vt 0.192728 0.978759
vt 0.286302 0.941241
vt 0.286298 0.944552
vt 0.150183 0.993443
vt 0.150183 0.996528
vt 0.669805 0.942499
vt 0.669424 0.939251
vt 0.677111 0.938151
vt 0.677368 0.941416
vt 0.980684 0.223560
vt 0.977598 0.223627
vt 0.977432 0.211938
vt 0.980517 0.211890
vt 0.245840 0.872587
vt 0.246680 0.869482
vt 0.248305 0.870789
vt 0.732814 0.022932
vt 0.721453 0.021258
vt 0.722262 0.018143
vt 0.733355 0.019778
vt 0.660551 0.931024
vt 0.660551 0.927713
vt 0.545242 0.951275
vt 0.555806 0.952395
vt 0.555356 0.955660
vt 0.544889 0.954551
vt 0.457197 0.956588
vt 0.448399 0.957642
vt 0.448026 0.954363
vt 0.456773 0.953316
vt 0.977468 0.075791
vt 0.980554 0.075737
vt 0.987104 0.510036
vt 0.987195 0.519232
vt 0.983885 0.519280
vt 0.983793 0.510048
vt 0.602606 0.942827
vt 0.613046 0.942117
vt 0.613400 0.945392
vt 0.602843 0.946110
vt 0.598022 0.981204
vt 0.600749 0.983857
vt 0.597832 0.984071
vt 0.344914 0.931519
vt 0.333504 0.931541
vt 0.333498 0.928455
vt 0.344908 0.928433
vt 0.896043 0.906157
vt 0.899760 0.895075
vt 0.902801 0.895776
vt 0.899007 0.907094
vt 0.206900 0.865976
vt 0.207466 0.862828
vt 0.218654 0.864323
vt 0.217958 0.867454
vt 0.605311 0.277780
vt 0.605011 0.274610
vt 0.380045 0.928364
vt 0.391848 0.928341
vt 0.391854 0.931427
vt 0.380051 0.931450
vt 0.753510 0.037161
vt 0.756821 0.037165
vt 0.756828 0.040274
vt 0.753518 0.040271
vt 0.534449 0.953841
vt 0.534685 0.950558
vt 0.977515 0.690764
vt 0.977593 0.681118
vt 0.980679 0.681126
vt 0.980600 0.690805
vt 0.445178 0.861352
vt 0.444631 0.864555
vt 0.435677 0.862615
vt 0.436142 0.859395
vt 0.061328 0.012304
vt 0.053136 0.009275
vt 0.054457 0.006306
vt 0.062596 0.009315
vt 0.798843 0.985276
vt 0.787557 0.985139
vt 0.787603 0.981828
vt 0.798875 0.981965
vt 0.398039 0.858946
vt 0.388260 0.859352
vt 0.387934 0.856080
vt 0.397877 0.855668
vt 0.650635 0.866482
vt 0.641263 0.868599
vt 0.641340 0.865523
vt 0.650088 0.863280
vt 0.573191 0.945823
vt 0.573309 0.942545
vt 0.582494 0.943016
vt 0.582503 0.946302
vt 0.558145 0.985678
vt 0.548515 0.985720
vt 0.548516 0.982634
vt 0.558107 0.982593
vt 0.172381 0.008188
vt 0.161640 0.011363
vt 0.160875 0.008144
vt 0.171280 0.005067
vt 0.975918 0.557044
vt 0.979004 0.557042
vt 0.594488 0.278486
vt 0.593946 0.275332
vt 0.012408 0.992671
vt 0.012376 0.989360
vt 0.021538 0.989273
vt 0.021568 0.992584
vt 0.262909 0.873867
vt 0.262034 0.883790
vt 0.258773 0.883331
vt 0.259634 0.873574
vt 0.310890 0.921997
vt 0.310890 0.918686
vt 0.321514 0.918686
vt 0.321514 0.921997
vt 0.987993 0.481475
vt 0.987384 0.493397
vt 0.984075 0.493272
vt 0.984687 0.481291
vt 0.655807 0.914279
vt 0.655807 0.910969
vt 0.664314 0.910968
vt 0.664314 0.914279
vt 0.195980 0.911490
vt 0.195588 0.914766
vt 0.185786 0.913766
vt 0.186050 0.910477
vt 0.257055 0.816694
vt 0.253859 0.817274
vt 0.251657 0.808407
vt 0.254845 0.807793
vt 0.987850 0.738561
vt 0.987616 0.747181
vt 0.984306 0.747131
vt 0.984542 0.738436
vt 0.407751 0.855814
vt 0.407747 0.859090
vt 0.609905 0.914280
vt 0.609905 0.910969
vt 0.618639 0.910969
vt 0.618639 0.914280
vt 0.741968 0.964920
vt 0.742159 0.961626
vt 0.750497 0.961936
vt 0.750433 0.965235
vt 0.975889 0.522468
vt 0.978975 0.522465
vt 0.978985 0.534033
vt 0.975899 0.534036
vt 0.536651 0.295127
vt 0.534433 0.295662
vt 0.533240 0.292951
vt 0.535304 0.292167
vt 0.689659 0.282594
vt 0.688164 0.285300
vt 0.683116 0.282407
vt 0.684547 0.279665
vt 0.576880 0.955428
vt 0.576327 0.958679
vt 0.565835 0.957072
vt 0.566352 0.953816
vt 0.632374 0.990438
vt 0.632406 0.987127
vt 0.911568 0.812598
vt 0.908333 0.813291
vt 0.250324 0.613072
vt 0.251118 0.616794
vt 0.465253 0.944740
vt 0.465257 0.941429
vt 0.475909 0.941440
vt 0.475906 0.944751
vt 0.688363 0.923292
vt 0.676242 0.923708
vt 0.676238 0.919815
vt 0.688360 0.920206
vt 0.862480 0.860208
vt 0.863490 0.856053
vt 0.866694 0.856851
vt 0.865688 0.860990
vt 0.754752 0.023610
vt 0.743879 0.023653
vt 0.744178 0.020484
vt 0.754851 0.020441
vt 0.349889 0.752149
vt 0.349269 0.748904
vt 0.360927 0.747060
vt 0.361318 0.750342
vt 0.025133 0.854587
vt 0.023834 0.863873
vt 0.020572 0.863665
vt 0.021894 0.854216
vt 0.903111 0.849734
vt 0.906273 0.849327
vt 0.906672 0.860119
vt 0.903504 0.860366
vt 0.967902 0.833195
vt 0.970988 0.833196
vt 0.979469 0.316137
vt 0.979317 0.306176
vt 0.982403 0.306141
vt 0.982554 0.316073
vt 0.209139 0.875059
vt 0.209274 0.871909
vt 0.217214 0.873042
vt 0.216820 0.876155
vt 0.986809 0.386211
vt 0.983725 0.386085
vt 0.993158 0.773708
vt 0.996469 0.773713
vt 0.488807 0.825273
vt 0.489590 0.822065
vt 0.971097 0.654278
vt 0.971092 0.662900
vt 0.968006 0.662899
vt 0.968011 0.654276
vt 0.003943 0.002479
vt 0.007325 0.002853
vt 0.007325 0.006746
vt 0.003943 0.007119
vt 0.200752 0.989329
vt 0.200764 0.986017
vt 0.071131 0.892290
vt 0.071828 0.902001
vt 0.068551 0.902005
vt 0.067867 0.892464
vt 0.475136 0.955962
vt 0.481747 0.954059
vt 0.482218 0.957290
vt 0.475049 0.959177
vt 0.042740 0.982552
vt 0.042670 0.979467
vt 0.052487 0.979298
vt 0.052528 0.982384
vt 0.988591 0.228296
vt 0.991902 0.228295
vt 0.991910 0.238120
vt 0.988599 0.238117
vt 0.009758 0.148569
vt 0.012908 0.148434
vt 0.013560 0.157606
vt 0.010394 0.157533
vt 0.828315 0.920064
vt 0.828318 0.923149
vt 0.704565 0.914279
vt 0.693984 0.914279
vt 0.693984 0.910968
vt 0.704565 0.910968
vt 0.723341 0.920171
vt 0.723344 0.923257
vt 0.711759 0.923268
vt 0.711756 0.920182
vt 0.976183 0.740511
vt 0.979537 0.740722
vt 0.979038 0.597492
vt 0.975952 0.597494
vt 0.065851 0.940937
vt 0.069086 0.941565
vt 0.067199 0.951304
vt 0.063982 0.950583
vt 0.146935 0.021931
vt 0.146751 0.018784
vt 0.329046 0.951192
vt 0.328750 0.954478
vt 0.320347 0.953870
vt 0.320539 0.950575
vt 0.545782 0.928041
vt 0.545788 0.931127
vt 0.583446 0.764227
vt 0.584211 0.761008
vt 0.591348 0.762380
vt 0.590837 0.765648
vt 0.372654 0.745996
vt 0.372839 0.749297
vt 0.259104 0.825709
vt 0.255889 0.826206
vt 0.401173 0.985283
vt 0.401262 0.982198
vt 0.411240 0.982426
vt 0.411176 0.985511
vt 0.352439 0.921997
vt 0.342476 0.921997
vt 0.342476 0.918686
vt 0.352440 0.918686
vt 0.672860 0.924085
vt 0.672855 0.919445
vt 0.081907 0.497443
vt 0.078645 0.497988
vt 0.332095 0.921997
vt 0.332095 0.918686
vt 0.997457 0.128898
vt 0.994146 0.128906
vt 0.994106 0.118971
vt 0.997417 0.118958
vt 0.977196 0.653790
vt 0.976868 0.645165
vt 0.979952 0.645015
vt 0.980280 0.653670
vt 0.988247 0.796491
vt 0.984937 0.796538
vt 0.986305 0.707980
vt 0.985907 0.705046
vt 0.989041 0.705133
vt 0.996943 0.656742
vt 0.993632 0.656751
vt 0.994218 0.703660
vt 0.997139 0.703796
vt 0.255626 0.902691
vt 0.258850 0.903380
vt 0.256817 0.913074
vt 0.253603 0.912334
vt 0.080691 0.982460
vt 0.080769 0.979375
vt 0.754574 0.010887
vt 0.754480 0.014191
vt 0.346510 0.953112
vt 0.346087 0.956385
vt 0.337339 0.955338
vt 0.337712 0.952059
vt 0.260637 0.893626
vt 0.257396 0.893031
vt 0.993624 0.626956
vt 0.993663 0.617015
vt 0.996974 0.617028
vt 0.996935 0.626962
vt 0.994726 0.425859
vt 0.994801 0.433047
vt 0.991715 0.433130
vt 0.991640 0.425863
vt 0.600010 0.961397
vt 0.594781 0.960638
vt 0.595260 0.957373
vt 0.600476 0.958131
vt 0.683602 0.914279
vt 0.683602 0.910968
vt 0.757778 0.989766
vt 0.757740 0.992853
vt 0.746034 0.992753
vt 0.746224 0.989798
vt 0.721369 0.870111
vt 0.732567 0.872002
vt 0.731784 0.875118
vt 0.720673 0.873242
vt 0.057675 0.939907
vt 0.058879 0.930608
vt 0.062143 0.930782
vt 0.060917 0.940246
vt 0.971009 0.799262
vt 0.967923 0.799260
vt 0.967930 0.787535
vt 0.971016 0.787537
vt 0.649705 0.927713
vt 0.649705 0.931024
vt 0.730197 0.890460
vt 0.729496 0.893501
vt 0.721329 0.891609
vt 0.721724 0.888496
vt 0.628380 0.927713
vt 0.628379 0.931024
vt 0.617797 0.931024
vt 0.617797 0.927713
vt 0.044905 0.006105
vt 0.046251 0.003145
vt 0.736480 0.914279
vt 0.736480 0.910968
vt 0.741805 0.910968
vt 0.741805 0.914279
vt 0.028893 0.836582
vt 0.026862 0.845515
vt 0.023647 0.845017
vt 0.025697 0.836003
vt 0.997031 0.008613
vt 0.997033 0.012418
vt 0.992604 0.011781
vt 0.992652 0.009308
vt 0.944190 0.988684
vt 0.934625 0.988762
vt 0.934599 0.985451
vt 0.944162 0.985373
vt 0.080514 0.005037
vt 0.079876 0.008278
vt 0.068387 0.005908
vt 0.069177 0.002811
vt 0.902162 0.838779
vt 0.905310 0.838213
vt 0.975437 0.463794
vt 0.979330 0.463791
vt 0.023975 0.902640
vt 0.025352 0.912339
vt 0.022111 0.912934
vt 0.020715 0.903098
vt 0.058210 0.871768
vt 0.054993 0.872489
vt 0.052872 0.862865
vt 0.056078 0.862093
vt 0.072032 0.475348
vt 0.075118 0.474152
vt 0.077163 0.479540
vt 0.074055 0.480675
vt 0.284971 0.951520
vt 0.285308 0.954801
vt 0.275412 0.955958
vt 0.274995 0.952685
vt 0.419599 0.783837
vt 0.419208 0.780555
vt 0.430638 0.778748
vt 0.431257 0.781994
vt 0.979058 0.621690
vt 0.975972 0.621693
vt 0.975968 0.615871
vt 0.979053 0.615868
vt 0.687764 0.292247
vt 0.686269 0.294953
vt 0.681221 0.292060
vt 0.682652 0.289318
vt 0.258917 0.844564
vt 0.262179 0.844357
vt 0.186753 0.922880
vt 0.177301 0.922674
vt 0.177295 0.919374
vt 0.186922 0.919584
vt 0.002418 0.003256
vt 0.002418 0.006342
vt 0.901634 0.886981
vt 0.904746 0.887375
vt 0.710195 0.868619
vt 0.709629 0.871767
vt 0.685578 0.937328
vt 0.685696 0.940607
vt 0.125404 0.985042
vt 0.125387 0.988353
vt 0.119673 0.988326
vt 0.119689 0.985015
vt 0.674865 0.878262
vt 0.685964 0.877300
vt 0.686371 0.880462
vt 0.675431 0.881410
vt 0.979453 0.277363
vt 0.982538 0.277447
vt 0.237370 0.608460
vt 0.239022 0.605599
vt 0.249132 0.611564
vt 0.247452 0.614408
vt 0.033716 0.896859
vt 0.035093 0.906559
vt 0.031852 0.907153
vt 0.030456 0.897317
vt 0.920364 0.879365
vt 0.921409 0.867844
vt 0.924710 0.868029
vt 0.923646 0.879756
vt 0.978994 0.545573
vt 0.975909 0.545575
vt 0.062572 0.901255
vt 0.059300 0.901581
vt 0.058340 0.891826
vt 0.061595 0.891334
vt 0.168618 0.875628
vt 0.168052 0.872480
vt 0.179166 0.871517
vt 0.179573 0.874679
vt 0.609340 0.763814
vt 0.619771 0.763753
vt 0.619864 0.767058
vt 0.609257 0.767119
vt 0.980381 0.065131
vt 0.977295 0.065181
vt 0.977162 0.054013
vt 0.980248 0.053991
vt 0.988385 0.807777
vt 0.988478 0.819144
vt 0.985167 0.819166
vt 0.985074 0.807809
vt 0.995033 0.407890
vt 0.994816 0.417459
vt 0.991730 0.417400
vt 0.991948 0.407807
vt 0.356544 0.928410
vt 0.356550 0.931496
vt 0.454581 0.944729
vt 0.454584 0.941418
vt 0.074902 0.585042
vt 0.071657 0.587031
vt 0.072684 0.582779
vt 0.075926 0.583415
vt 0.923996 0.833294
vt 0.920705 0.833622
vt 0.919412 0.822982
vt 0.922683 0.822486
vt 0.694912 0.931025
vt 0.694912 0.927714
vt 0.747355 0.910968
vt 0.747355 0.914279
vt 0.417462 0.856510
vt 0.417287 0.859774
vt 0.168445 0.996528
vt 0.159597 0.996528
vt 0.159597 0.993443
vt 0.168445 0.993443
vt 0.988508 0.267491
vt 0.991819 0.267512
vt 0.817987 0.931025
vt 0.807414 0.931025
vt 0.807414 0.927714
vt 0.817987 0.927714
vt 0.703128 0.957291
vt 0.702619 0.960130
vt 0.701604 0.956510
vt 0.083078 0.537528
vt 0.081917 0.548918
vt 0.078638 0.548513
vt 0.079782 0.537292
vt 0.197364 0.006011
vt 0.195868 0.003305
vt 0.988459 0.726639
vt 0.985154 0.726456
vt 0.157560 0.877106
vt 0.146439 0.878984
vt 0.145656 0.875868
vt 0.156864 0.873975
vt 0.996867 0.205603
vt 0.993946 0.205739
vt 0.993993 0.196568
vt 0.997305 0.196582
vt 0.513647 0.918689
vt 0.523291 0.918689
vt 0.523291 0.922000
vt 0.513647 0.922000
vt 0.398619 0.921997
vt 0.396411 0.921997
vt 0.396411 0.918686
vt 0.398619 0.918686
vt 0.046338 0.948640
vt 0.043217 0.947538
vt 0.988028 0.323664
vt 0.988115 0.314528
vt 0.991426 0.314559
vt 0.991802 0.324160
vt 0.774864 0.013769
vt 0.774588 0.010473
vt 0.563181 0.829654
vt 0.553251 0.830666
vt 0.552987 0.827378
vt 0.562790 0.826378
vt 0.977102 0.710402
vt 0.980186 0.710497
vt 0.124596 0.993443
vt 0.124596 0.996528
vt 0.980473 0.250929
vt 0.983554 0.251102
vt 0.177809 0.006194
vt 0.176647 0.003095
vt 0.993699 0.676029
vt 0.997010 0.676016
vt 0.130711 0.917163
vt 0.130001 0.913939
vt 0.051761 0.858054
vt 0.055243 0.856637
vt 0.454279 0.759311
vt 0.452690 0.762216
vt 0.442749 0.757508
vt 0.443975 0.754433
vt 0.385284 0.921997
vt 0.385284 0.918686
vt 0.994035 0.187323
vt 0.997346 0.187337
vt 0.985617 0.597117
vt 0.988922 0.597301
vt 0.988325 0.608974
vt 0.985016 0.608849
vt 0.166334 0.909726
vt 0.166370 0.913026
vt 0.156961 0.913352
vt 0.156750 0.910058
vt 0.743037 0.909831
vt 0.746123 0.909831
vt 0.856489 0.914738
vt 0.859786 0.914616
vt 0.426587 0.860978
vt 0.426925 0.857735
vt 0.142234 0.894624
vt 0.142944 0.897849
vt 0.134621 0.899763
vt 0.133839 0.896555
vt 0.810231 0.982057
vt 0.810209 0.985368
vt 0.690711 0.961213
vt 0.681832 0.962382
vt 0.681408 0.959109
vt 0.690259 0.957943
vt 0.486492 0.941451
vt 0.486489 0.944762
vt 0.988079 0.585396
vt 0.988106 0.591111
vt 0.984795 0.591127
vt 0.984768 0.585413
vt 0.994050 0.109055
vt 0.993982 0.099150
vt 0.997293 0.099131
vt 0.997360 0.109038
vt 0.993719 0.607095
vt 0.997030 0.607112
vt 0.896672 0.805434
vt 0.895553 0.799838
vt 0.898659 0.798999
vt 0.899779 0.804603
vt 0.796888 0.931025
vt 0.786423 0.931025
vt 0.786423 0.927714
vt 0.796888 0.927714
vt 0.942132 0.978598
vt 0.942211 0.981684
vt 0.933061 0.981818
vt 0.933029 0.978732
vt 0.894331 0.978264
vt 0.904182 0.978509
vt 0.904111 0.981594
vt 0.894236 0.981349
vt 0.582562 0.931024
vt 0.582562 0.927713
vt 0.589782 0.927713
vt 0.589782 0.931024
vt 0.828601 0.931025
vt 0.828601 0.927714
vt 0.989427 0.873671
vt 0.986116 0.873703
vt 0.986024 0.862425
vt 0.989335 0.862403
vt 0.543294 0.940706
vt 0.543207 0.937491
vt 0.550375 0.939377
vt 0.549905 0.942608
vt 0.225707 0.937597
vt 0.215893 0.935906
vt 0.216418 0.932649
vt 0.226290 0.934350
vt 0.106658 0.983411
vt 0.106826 0.980329
vt 0.111463 0.980003
vt 0.110914 0.983613
vt 0.988543 0.830560
vt 0.988570 0.836276
vt 0.985259 0.836292
vt 0.985232 0.830577
vt 0.775967 0.721659
vt 0.764623 0.723330
vt 0.764096 0.720068
vt 0.775562 0.718379
vt 0.567408 0.982438
vt 0.567492 0.985523
vt 0.593926 0.984501
vt 0.593753 0.981419
vt 0.931909 0.888363
vt 0.928800 0.887227
vt 0.931957 0.876958
vt 0.935167 0.877757
vt 0.697228 0.860877
vt 0.697389 0.857599
vt 0.707333 0.858011
vt 0.707006 0.861283
vt 0.609742 0.990281
vt 0.604140 0.990076
vt 0.604053 0.986941
vt 0.609759 0.986970
vt 0.971023 0.775761
vt 0.967937 0.775759
vt 0.967944 0.763957
vt 0.971030 0.763959
vt 0.979832 0.868340
vt 0.976746 0.868407
vt 0.976580 0.856717
vt 0.979666 0.856670
vt 0.442767 0.779324
vt 0.441923 0.776131
vt 0.453096 0.772811
vt 0.454103 0.775957
vt 0.993946 0.094203
vt 0.997189 0.093612
vt 0.483207 0.983859
vt 0.136220 0.019832
vt 0.136269 0.022993
vt 0.691957 0.991196
vt 0.684137 0.991241
vt 0.684149 0.987930
vt 0.691907 0.987885
vt 0.700337 0.990968
vt 0.700212 0.987660
vt 0.254260 0.959029
vt 0.254205 0.955630
vt 0.551727 0.285967
vt 0.552996 0.288956
vt 0.544856 0.291966
vt 0.543535 0.288996
vt 0.475715 0.765190
vt 0.478921 0.767376
vt 0.476431 0.768000
vt 0.167626 0.922947
vt 0.167462 0.919652
vt 0.205883 0.912834
vt 0.205400 0.916098
vt 0.953537 0.985291
vt 0.953567 0.988602
vt 0.971087 0.671371
vt 0.971082 0.679901
vt 0.967996 0.679899
vt 0.968001 0.671369
vt 0.694890 0.936851
vt 0.694882 0.940136
vt 0.985602 0.090803
vt 0.985791 0.079824
vt 0.989101 0.079870
vt 0.988913 0.090864
vt 0.014214 0.879658
vt 0.010939 0.879365
vt 0.011245 0.869588
vt 0.014525 0.869716
vt 0.009186 0.189090
vt 0.012334 0.189656
vt 0.010838 0.200844
vt 0.007707 0.200148
vt 0.984833 0.634071
vt 0.988143 0.634023
vt 0.988321 0.643994
vt 0.985010 0.644057
vt 0.655860 0.964917
vt 0.655669 0.961623
vt 0.729226 0.903205
vt 0.729896 0.899972
vt 0.640473 0.920255
vt 0.649105 0.920246
vt 0.649108 0.923332
vt 0.640476 0.923341
vt 0.664387 0.882884
vt 0.663691 0.879753
vt 0.257618 0.835279
vt 0.260857 0.834907
vt 0.610316 0.962804
vt 0.610734 0.959532
vt 0.639032 0.931024
vt 0.639032 0.927713
vt 0.029144 0.931643
vt 0.030839 0.936687
vt 0.026994 0.937214
vt 0.025930 0.932382
vt 0.010222 0.850355
vt 0.013483 0.850148
vt 0.014278 0.859849
vt 0.011002 0.859886
vt 0.857515 0.886087
vt 0.858848 0.877195
vt 0.862098 0.877780
vt 0.860790 0.886496
vt 0.992823 0.567636
vt 0.996134 0.567622
vt 0.031637 0.848435
vt 0.033390 0.839236
vt 0.036605 0.839734
vt 0.034876 0.848806
vt 0.193951 0.016525
vt 0.194647 0.012146
vt 0.197120 0.012098
vt 0.197756 0.016528
vt 0.089502 0.982702
vt 0.089622 0.979618
vt 0.649034 0.954821
vt 0.648480 0.951570
vt 0.013339 0.889581
vt 0.010079 0.889123
vt 0.884434 0.977957
vt 0.884321 0.981041
vt 0.148188 0.985201
vt 0.159474 0.985339
vt 0.159427 0.988650
vt 0.148155 0.988512
vt 0.813518 0.992266
vt 0.813436 0.989181
vt 0.823029 0.988961
vt 0.823087 0.992047
vt 0.415854 0.042959
vt 0.418964 0.042968
vt 0.418966 0.046279
vt 0.415857 0.046270
vt 0.202630 0.882129
vt 0.202064 0.885277
vt 0.191123 0.884330
vt 0.191530 0.881168
vt 0.758023 0.923221
vt 0.758020 0.920135
vt 0.769489 0.920124
vt 0.769492 0.923209
vt 0.709773 0.005037
vt 0.709135 0.008279
vt 0.697645 0.005909
vt 0.698435 0.002812
vt 0.368270 0.928387
vt 0.368276 0.931473
vt 0.145081 0.975980
vt 0.152527 0.976125
vt 0.152495 0.979211
vt 0.144970 0.979064
vt 0.971103 0.645289
vt 0.968017 0.645287
vt 0.983301 0.404462
vt 0.986387 0.404500
vt 0.641089 0.874971
vt 0.642027 0.877936
vt 0.170628 0.985531
vt 0.181425 0.985745
vt 0.181362 0.989056
vt 0.170567 0.988842
vt 0.181897 0.021199
vt 0.181898 0.017889
vt 0.184985 0.017871
vt 0.184985 0.021180
vt 0.170581 0.880911
vt 0.180740 0.880771
vt 0.180493 0.883938
vt 0.170508 0.884077
vt 0.983984 0.453900
vt 0.983695 0.443892
vt 0.986779 0.443803
vt 0.987069 0.453793
vt 0.987401 0.463793
vt 0.984317 0.463912
vt 0.289599 0.921997
vt 0.289599 0.918685
vt 0.300249 0.918686
vt 0.300249 0.921997
vt 0.056862 0.882135
vt 0.060097 0.881507
vt 0.229325 0.985129
vt 0.229509 0.988435
vt 0.736819 0.862375
vt 0.736098 0.865592
vt 0.136799 0.988419
vt 0.136821 0.985108
vt 0.690593 0.012300
vt 0.691862 0.009312
vt 0.699925 0.012113
vt 0.698711 0.015121
vt 0.980589 0.177780
vt 0.977503 0.177730
vt 0.977677 0.167120
vt 0.980762 0.167174
vt 0.128249 0.975070
vt 0.133999 0.975452
vt 0.133781 0.978531
vt 0.128012 0.978148
vt 0.666845 0.923314
vt 0.666842 0.920228
vt 0.671331 0.920224
vt 0.671334 0.923309
vt 0.010409 0.831500
vt 0.007194 0.831998
vt 0.980903 0.247022
vt 0.983770 0.246832
vt 0.967916 0.810896
vt 0.971001 0.810898
vt 0.970994 0.822309
vt 0.967909 0.822307
vt 0.979737 0.822560
vt 0.976651 0.822510
vt 0.924917 0.988830
vt 0.915130 0.988882
vt 0.915113 0.985571
vt 0.924895 0.985519
vt 0.987920 0.562613
vt 0.984609 0.562645
vt 0.984471 0.551373
vt 0.987782 0.551326
vt 0.709728 0.018492
vt 0.710782 0.015435
vt 0.308524 0.982531
vt 0.308565 0.985617
vt 0.298885 0.985695
vt 0.298878 0.982608
vt 0.395995 0.954906
vt 0.395658 0.958188
vt 0.385682 0.957024
vt 0.386099 0.953751
vt 0.559844 0.283145
vt 0.561059 0.286153
vt 0.185272 0.996528
vt 0.185272 0.993443
vt 0.004909 0.918125
vt 0.008122 0.918865
vt 0.007059 0.923697
vt 0.003214 0.923170
vt 0.176136 0.909876
vt 0.176015 0.913174
vt 0.980689 0.007622
vt 0.980479 0.019351
vt 0.977393 0.019284
vt 0.977603 0.007547
vt 0.980523 0.662522
vt 0.977438 0.662600
vt 0.168983 0.890746
vt 0.169194 0.894040
vt 0.300694 0.989819
vt 0.312130 0.989803
vt 0.312140 0.992889
vt 0.300674 0.992905
vt 0.289099 0.989759
vt 0.289061 0.992845
vt 0.981116 0.244106
vt 0.012161 0.840698
vt 0.008922 0.841070
vt 0.022993 0.983105
vt 0.022880 0.980021
vt 0.032794 0.979713
vt 0.032890 0.982798
vt 0.976560 0.118470
vt 0.976941 0.112720
vt 0.980021 0.112938
vt 0.979638 0.118707
vt 0.103203 0.008982
vt 0.114371 0.010242
vt 0.114100 0.013536
vt 0.102762 0.012257
vt 0.561477 0.919843
vt 0.561481 0.923915
vt 0.987376 0.529376
vt 0.984065 0.529438
vt 0.318311 0.982364
vt 0.318382 0.985449
vt 0.971045 0.740317
vt 0.971038 0.752144
vt 0.967952 0.752142
vt 0.967959 0.740315
vt 0.294471 0.950701
vt 0.294687 0.953993
vt 0.984975 0.474472
vt 0.987757 0.473795
vt 0.621105 0.990345
vt 0.621128 0.987035
vt 0.571657 0.931024
vt 0.571657 0.927713
vt 0.976180 0.629329
vt 0.979659 0.627461
vt 0.780743 0.923198
vt 0.780740 0.920112
vt 0.992708 0.509198
vt 0.992747 0.499258
vt 0.996058 0.499271
vt 0.996020 0.509205
vt 0.033576 0.858092
vt 0.030314 0.857884
vt 0.644455 0.904785
vt 0.643871 0.901538
vt 0.661292 0.889405
vt 0.661987 0.892536
vt 0.650876 0.894411
vt 0.650093 0.891295
vt 0.165539 0.903580
vt 0.165370 0.900284
vt 0.834410 0.927288
vt 0.834410 0.931452
vt 0.923615 0.978754
vt 0.923607 0.981840
vt 0.174208 0.013383
vt 0.174990 0.016402
vt 0.983458 0.395114
vt 0.986542 0.395199
vt 0.694701 0.957292
vt 0.696224 0.956511
vt 0.695208 0.960131
vt 0.038884 0.925862
vt 0.040579 0.930907
vt 0.036734 0.931433
vt 0.035671 0.926601
vt 0.989751 0.895792
vt 0.986441 0.895853
vt 0.358447 0.860442
vt 0.359168 0.863659
vt 0.349545 0.865779
vt 0.348772 0.862574
vt 0.378505 0.860312
vt 0.378013 0.857057
vt 0.206082 0.934446
vt 0.206515 0.931176
vt 0.049741 0.992341
vt 0.049716 0.989030
vt 0.572757 0.270117
vt 0.573811 0.273174
vt 0.562954 0.276496
vt 0.561739 0.273489
vt 0.194459 0.904368
vt 0.194766 0.901083
vt 0.902729 0.879300
vt 0.905880 0.879436
vt 0.996646 0.823377
vt 0.996681 0.828324
vt 0.993439 0.828915
vt 0.993335 0.823396
vt 0.599480 0.766635
vt 0.599756 0.763339
vt 0.979989 0.336149
vt 0.979698 0.326140
vt 0.982783 0.326051
vt 0.983074 0.336041
vt 0.453786 0.029751
vt 0.453785 0.025946
vt 0.458214 0.026582
vt 0.458165 0.029056
vt 0.239098 0.979200
vt 0.227368 0.978990
vt 0.227435 0.975905
vt 0.239172 0.976115
vt 0.023053 0.873403
vt 0.019777 0.873366
vt 0.675517 0.003141
vt 0.674170 0.006101
vt 0.672106 0.005318
vt 0.673299 0.002606
vt 0.375376 0.955619
vt 0.375841 0.952353
vt 0.993177 0.763834
vt 0.996488 0.763843
vt 0.855309 0.989687
vt 0.855100 0.992767
vt 0.849411 0.992442
vt 0.849600 0.989361
vt 0.409377 0.941370
vt 0.420730 0.941382
vt 0.420726 0.944693
vt 0.409373 0.944681
vt 0.008663 0.140888
vt 0.011775 0.140494
vt 0.098127 0.983029
vt 0.098277 0.979946
vt 0.577744 0.914281
vt 0.577744 0.910970
vt 0.070660 0.012117
vt 0.069445 0.015124
vt 0.065067 0.960979
vt 0.061862 0.960207
vt 0.776155 0.931025
vt 0.776155 0.927714
vt 0.657043 0.279646
vt 0.656518 0.282734
vt 0.647241 0.280923
vt 0.647577 0.277798
vt 0.284273 0.921997
vt 0.284273 0.918685
vt 0.585290 0.270465
vt 0.584481 0.267351
vt 0.986686 0.037515
vt 0.989422 0.040362
vt 0.986288 0.040449
vt 0.485450 0.821058
vt 0.484653 0.824262
vt 0.480522 0.822651
vt 0.483368 0.820958
vt 0.996974 0.666475
vt 0.993662 0.666486
vt 0.971071 0.697471
vt 0.971066 0.706427
vt 0.967980 0.706425
vt 0.967985 0.697470
vt 0.968029 0.625708
vt 0.968035 0.615306
vt 0.971121 0.615308
vt 0.971115 0.625709
vt 0.156050 0.901013
vt 0.156416 0.904294
vt 0.860549 0.868602
vt 0.863773 0.869313
vt 0.991512 0.305398
vt 0.988201 0.305368
vt 0.988284 0.296133
vt 0.991595 0.296162
vt 0.766307 0.931025
vt 0.766307 0.927714
vt 0.133524 0.888486
vt 0.144898 0.884673
vt 0.145599 0.887714
vt 0.134462 0.891450
vt 0.556096 0.989757
vt 0.556135 0.992844
vt 0.544522 0.992904
vt 0.544501 0.989818
vt 0.936651 0.870459
vt 0.933389 0.869914
vt 0.682401 0.009272
vt 0.683722 0.006302
vt 0.762683 0.942759
vt 0.764299 0.943204
vt 0.762611 0.946155
vt 0.996114 0.489355
vt 0.992803 0.489338
vt 0.992870 0.479431
vt 0.996181 0.479450
vt 0.130481 0.900769
vt 0.128399 0.900869
vt 0.125554 0.899176
vt 0.129685 0.897565
vt 0.997470 0.148819
vt 0.994159 0.148814
vt 0.741572 0.894273
vt 0.740633 0.897237
vt 0.977152 0.130191
vt 0.980232 0.129973
vt 0.980764 0.141162
vt 0.977680 0.141273
vt 0.986083 0.046051
vt 0.989394 0.046068
vt 0.531926 0.918689
vt 0.531926 0.922000
vt 0.027122 0.922000
vt 0.023898 0.922688
vt 0.538449 0.941506
vt 0.538446 0.944817
vt 0.469430 0.914283
vt 0.469429 0.910972
vt 0.475320 0.910972
vt 0.475320 0.914283
vt 0.198284 0.891168
vt 0.198019 0.894457
vt 0.188248 0.893863
vt 0.188369 0.890566
vt 0.129790 0.049113
vt 0.126879 0.050431
vt 0.126876 0.047958
vt 0.914292 0.879756
vt 0.912449 0.891414
vt 0.909203 0.890794
vt 0.911010 0.879365
vt 0.140935 0.936025
vt 0.132572 0.937838
vt 0.131830 0.934620
vt 0.140265 0.932792
vt 0.099672 0.060324
vt 0.102758 0.060327
vt 0.102754 0.063638
vt 0.099669 0.063635
vt 0.368814 0.861790
vt 0.368186 0.858555
vt 0.987590 0.540172
vt 0.984279 0.540234
vt 0.280360 0.982452
vt 0.289464 0.982586
vt 0.289432 0.985672
vt 0.280282 0.985537
vt 0.690911 0.949980
vt 0.680471 0.950691
vt 0.680118 0.947415
vt 0.690674 0.946697
vt 0.769372 0.989825
vt 0.780809 0.989807
vt 0.780819 0.992893
vt 0.769353 0.992911
vt 0.675909 0.755679
vt 0.676699 0.758776
vt 0.976826 0.811900
vt 0.979911 0.811954
vt 0.249588 0.984906
vt 0.245221 0.984670
vt 0.247089 0.981191
vt 0.250138 0.981295
vt 0.976771 0.124441
vt 0.979849 0.124204
vt 0.589527 0.959858
vt 0.589581 0.956460
vt 0.416173 0.921998
vt 0.416173 0.918687
vt 0.424767 0.918687
vt 0.424767 0.921998
vt 0.278705 0.931648
vt 0.278699 0.928562
vt 0.913328 0.822486
vt 0.914642 0.833294
vt 0.911350 0.833622
vt 0.910058 0.822982
vt 0.323369 0.989677
vt 0.323419 0.992763
vt 0.170077 0.577253
vt 0.169504 0.580510
vt 0.746483 0.923233
vt 0.746480 0.920147
vt 0.080423 0.490145
vt 0.077212 0.490944
vt 0.702813 0.899717
vt 0.702982 0.896421
vt 0.712302 0.897151
vt 0.711935 0.900431
vt 0.135272 0.881119
vt 0.129677 0.882238
vt 0.128838 0.879133
vt 0.134442 0.878012
vt 0.482387 0.991957
vt 0.475199 0.992032
vt 0.475116 0.988947
vt 0.482382 0.988871
vt 0.981068 0.985032
vt 0.981564 0.988805
vt 0.971964 0.988431
vt 0.971933 0.985120
vt 0.992460 0.449680
vt 0.992133 0.443972
vt 0.995215 0.443782
vt 0.995540 0.449471
vt 0.989563 0.884812
vt 0.986252 0.884859
vt 0.178567 0.890415
vt 0.178603 0.893715
vt 0.977138 0.042563
vt 0.977226 0.030973
vt 0.980312 0.031021
vt 0.980224 0.042582
vt 0.543337 0.831267
vt 0.543216 0.827970
vt 0.970971 0.859812
vt 0.967885 0.859810
vt 0.715188 0.914279
vt 0.715188 0.910968
vt 0.725829 0.910968
vt 0.725829 0.914279
vt 0.508706 0.984991
vt 0.508814 0.981907
vt 0.518804 0.982197
vt 0.518715 0.985281
vt 0.916270 0.796708
vt 0.918764 0.803964
vt 0.915593 0.804911
vt 0.913196 0.797934
vt 0.934429 0.861578
vt 0.935004 0.852023
vt 0.938308 0.852142
vt 0.937721 0.861889
vt 0.631129 0.915352
vt 0.631128 0.909897
vt 0.178514 0.579101
vt 0.177710 0.582309
vt 0.043181 0.856773
vt 0.046422 0.856135
vt 0.909779 0.902923
vt 0.906585 0.902080
vt 0.735901 0.942147
vt 0.736351 0.938881
vt 0.746897 0.940303
vt 0.746380 0.943559
vt 0.980041 0.880069
vt 0.976955 0.880144
vt 0.533498 0.910971
vt 0.544299 0.910971
vt 0.544299 0.914282
vt 0.533498 0.914282
vt 0.494152 0.910972
vt 0.502787 0.910972
vt 0.502787 0.914283
vt 0.494152 0.914283
vt 0.988309 0.030854
vt 0.985222 0.030836
vt 0.985222 0.027526
vt 0.988309 0.027545
vt 0.733757 0.961017
vt 0.733461 0.964304
vt 0.700103 0.923280
vt 0.700100 0.920194
vt 0.066663 0.883165
vt 0.069906 0.882826
vt 0.503299 0.921999
vt 0.492581 0.921999
vt 0.492581 0.918688
vt 0.503299 0.918688
vt 0.070584 0.931738
vt 0.067329 0.931246
vt 0.864221 0.977346
vt 0.874494 0.977606
vt 0.874369 0.980690
vt 0.864011 0.980700
vt 0.968099 0.977646
vt 0.972355 0.977443
vt 0.972904 0.981053
vt 0.968267 0.980728
vt 0.913969 0.978676
vt 0.913928 0.981762
vt 0.983467 0.433889
vt 0.986552 0.433825
vt 0.724123 0.878840
vt 0.723729 0.881953
vt 0.715987 0.880848
vt 0.716123 0.877698
vt 0.533535 0.831417
vt 0.523951 0.831085
vt 0.524162 0.827792
vt 0.533571 0.828118
vt 0.582966 0.826737
vt 0.573085 0.828310
vt 0.572601 0.825047
vt 0.582424 0.823483
vt 0.204272 0.905497
vt 0.204706 0.902226
vt 0.672471 0.284392
vt 0.671405 0.287309
vt 0.664607 0.284877
vt 0.665389 0.281858
vt 0.912154 0.844844
vt 0.915457 0.844676
vt 0.235995 0.881745
vt 0.224914 0.878028
vt 0.225615 0.874987
vt 0.236933 0.878781
vt 0.694356 0.886556
vt 0.694602 0.889724
vt 0.683972 0.890116
vt 0.683565 0.886954
vt 0.063087 0.865120
vt 0.060970 0.855749
vt 0.064045 0.855826
vt 0.066289 0.864574
vt 0.993208 0.754098
vt 0.996518 0.754110
vt 0.458565 0.989691
vt 0.464274 0.989365
vt 0.464464 0.992446
vt 0.458774 0.992772
vt 0.338604 0.754768
vt 0.337760 0.751574
vt 0.080463 0.018495
vt 0.081516 0.015438
vt 0.713588 0.890503
vt 0.713724 0.887353
vt 0.080312 0.526314
vt 0.083617 0.526372
vt 0.712069 0.990368
vt 0.711885 0.987062
vt 0.533055 0.992887
vt 0.533065 0.989801
vt 0.189957 0.871117
vt 0.190204 0.874285
vt 0.977347 0.700551
vt 0.980433 0.700622
vt 0.950943 0.978356
vt 0.951063 0.981440
vt 0.971052 0.728469
vt 0.967966 0.728467
vt 0.615221 0.920281
vt 0.615224 0.923367
vt 0.606376 0.923376
vt 0.606373 0.920290
vt 0.862721 0.964229
vt 0.866340 0.963891
vt 0.118866 0.997021
vt 0.118866 0.992950
vt 0.644484 0.937989
vt 0.650224 0.937001
vt 0.650296 0.940397
vt 0.645038 0.941240
vt 0.885700 0.985607
vt 0.885699 0.988918
vt 0.355389 0.954282
vt 0.354937 0.957551
vt 0.176928 0.996528
vt 0.176928 0.993443
vt 0.979298 0.286710
vt 0.982384 0.286748
vt 0.982343 0.296338
vt 0.979257 0.296340
vt 0.988668 0.842504
vt 0.989066 0.845438
vt 0.985932 0.845351
vt 0.725787 0.937762
vt 0.725433 0.941037
vt 0.161194 0.979198
vt 0.161164 0.976112
vt 0.170928 0.975979
vt 0.170982 0.979065
vt 0.926778 0.892555
vt 0.929864 0.893750
vt 0.985171 0.128266
vt 0.988481 0.128216
vt 0.586999 0.923396
vt 0.576646 0.923406
vt 0.576643 0.920321
vt 0.586996 0.920310
vt 0.683685 0.899784
vt 0.683522 0.896488
vt 0.693354 0.896211
vt 0.693361 0.899511
vt 0.659124 0.861323
vt 0.659589 0.864543
vt 0.161372 0.881567
vt 0.161507 0.884718
vt 0.701052 0.946401
vt 0.701176 0.949687
vt 0.336551 0.776460
vt 0.337777 0.773385
vt 0.344754 0.775783
vt 0.343807 0.778954
vt 0.996058 0.548717
vt 0.996094 0.558259
vt 0.992783 0.558272
vt 0.992747 0.548729
vt 0.392146 0.918190
vt 0.392146 0.922494
vt 0.791461 0.923187
vt 0.791458 0.920102
vt 0.801301 0.920091
vt 0.801305 0.923177
vt 0.490845 0.988961
vt 0.490787 0.992047
vt 0.743613 0.950194
vt 0.743142 0.953425
vt 0.736100 0.952151
vt 0.736481 0.948903
vt 0.985214 0.111424
vt 0.988525 0.111471
vt 0.988436 0.120457
vt 0.985125 0.120446
vt 0.915356 0.868029
vt 0.912055 0.867844
vt 0.403663 0.928318
vt 0.403669 0.931404
vt 0.984743 0.625049
vt 0.988054 0.625038
vt 0.373137 0.784186
vt 0.373465 0.780895
vt 0.988702 0.101501
vt 0.985392 0.101438
vt 0.422696 0.956145
vt 0.422761 0.959444
vt 0.414139 0.959416
vt 0.414213 0.956118
vt 0.370146 0.954860
vt 0.364892 0.954081
vt 0.364946 0.950683
vt 0.370625 0.951596
vt 0.528782 0.982425
vt 0.528718 0.985510
vt 0.984789 0.617229
vt 0.988099 0.617279
vt 0.720709 0.901633
vt 0.721252 0.898376
vt 0.296872 0.944563
vt 0.296876 0.941252
vt 0.307402 0.941263
vt 0.307398 0.944574
vt 0.340396 0.581727
vt 0.341504 0.584847
vt 0.803008 0.989447
vt 0.803086 0.992532
vt 0.792098 0.992765
vt 0.792047 0.989679
vt 0.904998 0.935872
vt 0.907809 0.936588
vt 0.907184 0.939078
vt 0.370079 0.988949
vt 0.369996 0.992034
vt 0.917687 0.813291
vt 0.920922 0.812598
vt 0.642323 0.765123
vt 0.641883 0.761848
vt 0.674366 0.274738
vt 0.673301 0.277656
vt 0.808720 0.716730
vt 0.808602 0.720034
vt 0.798167 0.719984
vt 0.798108 0.716679
vt 0.533408 0.283841
vt 0.271549 0.982209
vt 0.271429 0.985293
vt 0.262775 0.984964
vt 0.262925 0.981881
vt 0.150604 0.868373
vt 0.149903 0.865332
vt 0.158304 0.863387
vt 0.158698 0.866500
vt 0.204650 0.924796
vt 0.195876 0.923595
vt 0.196243 0.920314
vt 0.205192 0.921540
vt 0.988014 0.573979
vt 0.984702 0.574001
vt 0.967878 0.871210
vt 0.970964 0.871212
vt 0.970961 0.877108
vt 0.967875 0.877106
vt 0.971108 0.635754
vt 0.968023 0.635752
vt 0.786444 0.020463
vt 0.786108 0.017337
vt 0.470574 0.954335
vt 0.466076 0.955417
vt 0.465624 0.952148
vt 0.470066 0.951496
vt 0.215698 0.978823
vt 0.215746 0.975737
vt 0.629792 0.964790
vt 0.630008 0.961498
vt 0.538679 0.985660
vt 0.538714 0.982575
vt 0.979044 0.604869
vt 0.975958 0.604872
vt 0.539447 0.922000
vt 0.539447 0.918689
vt 0.550758 0.918689
vt 0.550758 0.922000
vt 0.208213 0.892182
vt 0.218117 0.893527
vt 0.217633 0.896790
vt 0.207822 0.895458
vt 0.606907 0.264954
vt 0.607206 0.268124
vt 0.596384 0.268830
vt 0.595842 0.265676
vt 0.467763 0.984906
vt 0.458980 0.985257
vt 0.458854 0.982173
vt 0.467606 0.981824
vt 0.358272 0.981204
vt 0.358482 0.984557
vt 0.348124 0.984547
vt 0.347999 0.981463
vt 0.514687 0.830239
vt 0.515095 0.826964
vt 0.968041 0.604710
vt 0.971127 0.604712
vt 0.971124 0.610024
vt 0.968038 0.610022
vt 0.304812 0.765711
vt 0.301606 0.763525
vt 0.304096 0.762899
vt 0.204156 0.975649
vt 0.204137 0.978735
vt 0.068246 0.873609
vt 0.065026 0.874074
vt 0.118128 0.929318
vt 0.117337 0.926200
vt 0.127811 0.924701
vt 0.128395 0.927948
vt 0.556649 0.922000
vt 0.556649 0.918689
vt 0.996003 0.519167
vt 0.996007 0.529114
vt 0.992696 0.529119
vt 0.992692 0.519167
vt 0.786953 0.717218
vt 0.787188 0.720514
vt 0.911918 0.925467
vt 0.908808 0.924357
vt 0.347177 0.944616
vt 0.347180 0.941305
vt 0.983407 0.346041
vt 0.980323 0.346160
vt 0.421137 0.985662
vt 0.421172 0.982576
vt 0.430975 0.982636
vt 0.430973 0.985722
vt 0.592342 0.943119
vt 0.592466 0.946405
vt 0.634188 0.906155
vt 0.633397 0.903038
vt 0.394950 0.923070
vt 0.394950 0.917614
vt 0.811338 0.013867
vt 0.804256 0.016401
vt 0.803474 0.013382
vt 0.810272 0.010949
vt 0.029581 0.887394
vt 0.032856 0.887101
vt 0.992213 0.397380
vt 0.992445 0.386419
vt 0.995530 0.386469
vt 0.995299 0.397457
vt 0.486631 0.914283
vt 0.486631 0.910972
vt 0.915718 0.856309
vt 0.912412 0.856310
vt 0.091907 0.007195
vt 0.091344 0.010450
vt 0.002780 0.983717
vt 0.002570 0.980364
vt 0.012928 0.980373
vt 0.013053 0.983457
vt 0.122389 0.919078
vt 0.121606 0.915870
vt 0.118744 0.046825
vt 0.122055 0.046827
vt 0.122053 0.049919
vt 0.118742 0.049916
vt 0.630985 0.766402
vt 0.630715 0.763108
vt 0.821626 0.985433
vt 0.821643 0.982122
vt 0.827357 0.982148
vt 0.827342 0.985459
vt 0.115830 0.980238
vt 0.113962 0.983717
vt 0.820088 0.006198
vt 0.821519 0.008940
vt 0.036863 0.916219
vt 0.033639 0.916907
vt 0.237861 0.896800
vt 0.237522 0.900419
vt 0.227456 0.898355
vt 0.227998 0.895100
vt 0.157834 0.923667
vt 0.157527 0.920382
vt 0.362329 0.782873
vt 0.362825 0.779602
vt 0.985960 0.851056
vt 0.989271 0.851039
vt 0.915766 0.914260
vt 0.912620 0.913253
vt 0.915940 0.902080
vt 0.919134 0.902923
vt 0.139522 0.872090
vt 0.138584 0.869125
vt 0.240285 0.974547
vt 0.242767 0.976640
vt 0.732597 0.880803
vt 0.731895 0.883844
vt 0.200102 0.871257
vt 0.200175 0.874422
vt 0.673639 0.910968
vt 0.673639 0.914279
vt 0.977571 0.671704
vt 0.980657 0.671672
vt 0.185314 0.864632
vt 0.175342 0.864768
vt 0.175416 0.861603
vt 0.185561 0.861464
vt 0.125315 0.010888
vt 0.125222 0.014192
vt 0.651911 0.939952
vt 0.929639 0.782861
vt 0.930663 0.784488
vt 0.927421 0.785124
vt 0.926394 0.780872
vt 0.670379 0.004770
vt 0.071973 0.911874
vt 0.068695 0.911713
vt 0.596959 0.920300
vt 0.596962 0.923386
vt 0.824059 0.012795
vt 0.826971 0.011475
vt 0.826974 0.013949
vt 0.714993 0.940327
vt 0.715230 0.937043
vt 0.195945 0.865026
vt 0.196352 0.861864
vt 0.822712 0.027886
vt 0.825624 0.026727
vt 0.825625 0.029201
vt 0.738247 0.984511
vt 0.738197 0.981200
vt 0.746278 0.981153
vt 0.746267 0.984464
vt 0.488134 0.983998
vt 0.488811 0.981217
vt 0.498813 0.981574
vt 0.498694 0.984657
vt 0.328162 0.982120
vt 0.328257 0.985204
vt 0.637334 0.276332
vt 0.637149 0.279479
vt 0.756871 0.945166
vt 0.757425 0.941916
vt 0.055057 0.967247
vt 0.051982 0.967324
vt 0.449951 0.985524
vt 0.449866 0.982439
vt 0.726538 0.927425
vt 0.726538 0.931314
vt 0.729627 0.984745
vt 0.729502 0.981437
vt 0.008945 0.212052
vt 0.005828 0.211269
vt 0.405374 0.955714
vt 0.405159 0.959006
vt 0.440603 0.985679
vt 0.440565 0.982594
vt 0.632051 0.923350
vt 0.632048 0.920264
vt 0.567649 0.989788
vt 0.567840 0.992742
vt 0.733945 0.931025
vt 0.733945 0.927714
vt 0.741101 0.927714
vt 0.741101 0.931025
vt 0.215765 0.914407
vt 0.215223 0.917661
vt 0.400841 0.941361
vt 0.400837 0.944672
vt 0.743971 0.884615
vt 0.743033 0.887580
vt 0.294258 0.597930
vt 0.295342 0.601059
vt 0.617780 0.264997
vt 0.617879 0.268166
vt 0.601206 0.989678
vt 0.277355 0.992744
vt 0.277546 0.989789
vt 0.834336 0.719872
vt 0.833536 0.723082
vt 0.980455 0.188920
vt 0.977369 0.188898
vt 0.620292 0.963970
vt 0.620629 0.960689
vt 0.993785 0.597188
vt 0.997097 0.597207
vt 0.386630 0.989694
vt 0.386421 0.992774
vt 0.380732 0.992448
vt 0.380921 0.989367
vt 0.687516 0.857744
vt 0.687520 0.861020
vt 0.135829 0.014255
vt 0.135746 0.010949
vt 0.985637 0.688081
vt 0.988948 0.688059
vt 0.989013 0.699427
vt 0.985702 0.699444
vt 0.127213 0.880439
vt 0.897830 0.939078
vt 0.895521 0.985614
vt 0.895524 0.988925
vt 0.992527 0.352149
vt 0.992558 0.340596
vt 0.995513 0.340405
vt 0.995613 0.352111
vt 0.725167 0.960157
vt 0.724794 0.963436
vt 0.865101 0.851923
vt 0.866794 0.854768
vt 0.750224 0.952096
vt 0.750311 0.955312
vt 0.338058 0.981813
vt 0.338172 0.984897
vt 0.704588 0.889862
vt 0.704515 0.886697
vt 0.959568 0.978028
vt 0.959718 0.981111
vt 0.834140 0.923144
vt 0.834137 0.920058
vt 0.980045 0.802167
vt 0.976959 0.802136
vt 0.166379 0.865405
vt 0.166244 0.862255
vt 0.992716 0.538993
vt 0.996028 0.538984
vt 0.567277 0.759057
vt 0.568440 0.755958
vt 0.573807 0.757931
vt 0.572704 0.761051
vt 0.428596 0.044116
vt 0.428596 0.041024
vt 0.431908 0.041025
vt 0.431907 0.044116
vt 0.051682 0.890359
vt 0.048388 0.890629
vt 0.225628 0.916106
vt 0.225289 0.919725
vt 0.465310 0.772109
vt 0.464201 0.768999
vt 0.739439 0.725396
vt 0.737450 0.728640
vt 0.921803 0.891414
vt 0.918558 0.890795
vt 0.838675 0.992030
vt 0.838758 0.988945
vt 0.795910 0.018614
vt 0.795385 0.015526
vt 0.977824 0.148719
vt 0.980910 0.148687
vt 0.980896 0.157386
vt 0.977811 0.157356
vt 0.826630 0.006011
vt 0.825135 0.003305
vt 0.808247 0.956469
vt 0.808301 0.959868
vt 0.991883 0.218440
vt 0.988572 0.218443
vt 0.988490 0.213122
vt 0.991871 0.213503
vt 0.407439 0.921998
vt 0.407439 0.918687
vt 0.994163 0.138867
vt 0.997474 0.138867
vt 0.653275 0.884760
vt 0.652493 0.881644
vt 0.500356 0.992264
vt 0.500438 0.989179
vt 0.191520 0.989237
vt 0.191568 0.985926
vt 0.905318 0.985604
vt 0.905327 0.988915
vt 0.459407 0.762220
vt 0.457754 0.765089
vt 0.570861 0.279774
vt 0.571915 0.282831
vt 0.639229 0.266678
vt 0.639045 0.269825
vt 0.628514 0.268777
vt 0.628563 0.265616
vt 0.623514 0.941008
vt 0.623964 0.944273
vt 0.931706 0.808045
vt 0.934968 0.807517
vt 0.967991 0.688609
vt 0.971076 0.688610
vt 0.453926 0.863596
vt 0.454003 0.866672
vt 0.704853 0.936748
vt 0.704729 0.940034
vt 0.471588 0.950715
vt 0.255753 0.917906
vt 0.251908 0.917379
vt 0.989354 0.953366
vt 0.986048 0.953182
vt 0.148020 0.924795
vt 0.147587 0.921525
vt 0.623704 0.920272
vt 0.623707 0.923358
vt 0.064232 0.966436
vt 0.060751 0.965018
vt 0.137683 0.922999
vt 0.138208 0.926256
vt 0.359379 0.958203
vt 0.359887 0.955364
vt 0.360902 0.958984
vt 0.153372 0.882710
vt 0.153766 0.885823
vt 0.755462 0.984554
vt 0.755510 0.981244
vt 0.391164 0.984992
vt 0.391272 0.981908
vt 0.844941 0.723131
vt 0.843805 0.726240
vt 0.224555 0.993443
vt 0.224555 0.996528
vt 0.035440 0.830222
vt 0.037651 0.821320
vt 0.040839 0.821935
vt 0.038636 0.830801
vt 0.051919 0.921864
vt 0.048623 0.921588
vt 0.352441 0.781112
vt 0.353134 0.777877
vt 0.027908 0.827101
vt 0.031095 0.827716
vt 0.565839 0.931024
vt 0.565839 0.927713
vt 0.721165 0.007195
vt 0.720603 0.010450
vt 0.992974 0.473912
vt 0.996216 0.474503
vt 0.975388 0.881256
vt 0.977480 0.883738
vt 0.990228 0.925435
vt 0.986917 0.925446
vt 0.984912 0.364774
vt 0.987779 0.364585
vt 0.236210 0.887652
vt 0.235381 0.890760
vt 0.071561 0.921817
vt 0.068290 0.921491
vt 0.241815 0.888767
vt 0.240895 0.891764
vt 0.551101 0.931116
vt 0.551095 0.928031
vt 0.906532 0.870263
vt 0.903367 0.870337
vt 0.145954 0.579193
vt 0.145856 0.575885
vt 0.728537 0.951068
vt 0.728794 0.947803
vt 0.633993 0.939596
vt 0.634510 0.942852
vt 0.831491 0.988870
vt 0.831487 0.991956
vt 0.344733 0.866890
vt 0.343316 0.863408
vt 0.975403 0.977339
vt 0.977272 0.980818
vt 0.583395 0.280122
vt 0.582585 0.277008
vt 0.975920 0.769221
vt 0.978998 0.768984
vt 0.003273 0.992759
vt 0.002776 0.988985
vt 0.126197 0.909757
vt 0.126226 0.906681
vt 0.987150 0.502017
vt 0.983839 0.501967
vt 0.213836 0.923136
vt 0.213167 0.926368
vt 0.672466 0.887914
vt 0.673032 0.891062
vt 0.995674 0.363724
vt 0.992587 0.363744
vt 0.980430 0.200330
vt 0.977344 0.200348
vt 0.235974 0.938966
vt 0.236764 0.935848
vt 0.734915 0.923245
vt 0.734912 0.920159
vt 0.976036 0.006434
vt 0.978128 0.003952
vt 0.003074 0.121712
vt 0.006038 0.120774
vt 0.009831 0.132093
vt 0.006790 0.132794
vt 0.108496 0.988893
vt 0.108493 0.992204
vt 0.765088 0.014253
vt 0.765005 0.010948
vt 0.657918 0.923323
vt 0.657915 0.920237
vt 0.746123 0.915415
vt 0.743037 0.915415
vt 0.993890 0.591669
vt 0.997132 0.592260
vt 0.897352 0.797374
vt 0.633933 0.910473
vt 0.633933 0.914776
vt 0.993243 0.744555
vt 0.996554 0.744568
vt 0.531513 0.293498
vt 0.022810 0.883105
vt 0.019530 0.883233
vt 0.985126 0.361858
vt 0.995657 0.375190
vt 0.992571 0.375181
vt 0.769263 0.038355
vt 0.769271 0.035246
vt 0.772582 0.035243
vt 0.772574 0.038352
vt 0.113434 0.988904
vt 0.113815 0.992286
vt 0.222272 0.924962
vt 0.221530 0.928180
vt 0.592829 0.825038
vt 0.592491 0.821419
vt 0.226067 0.925983
vt 0.226095 0.929060
vt 0.717705 0.985355
vt 0.717521 0.982050
vt 0.128007 0.938718
vt 0.128035 0.935642
vt 0.929667 0.796612
vt 0.932915 0.796009
vt 0.254226 0.984580
vt 0.254393 0.981498
vt 0.019840 0.893175
vt 0.023115 0.892882
vt 0.118249 0.920084
vt 0.116167 0.920185
vt 0.113321 0.918491
vt 0.117452 0.916880
vt 0.962803 0.988517
vt 0.962773 0.985206
vt 0.899128 0.781277
vt 0.896259 0.782930
vt 0.040955 0.845436
vt 0.044051 0.844646
vt 0.980983 0.356721
vt 0.983764 0.356043
vt 0.849133 0.728262
vt 0.850328 0.725176
vt 0.044344 0.954068
vt 0.041245 0.952906
vt 0.399241 0.046809
vt 0.399242 0.050120
vt 0.396156 0.050120
vt 0.396155 0.046810
vt 0.388202 0.005327
vt 0.387049 0.002412
vt 0.389523 0.002417
vt 0.009613 0.745612
vt 0.004926 0.745299
vt 0.006477 0.741889
vt 0.009637 0.743232
vt 0.009602 0.747638
vt 0.003015 0.748227
vt 0.009834 0.749755
vt 0.002503 0.751643
vt 0.010426 0.752946
vt 0.004110 0.754510
vt 0.011099 0.756090
vt 0.006913 0.756281
vt 0.005719 0.738333
vt 0.009792 0.740389
vt 0.839938 0.419484
vt 0.839937 0.395353
vt 0.842335 0.395968
vt 0.842335 0.418869
vt 0.838164 0.421211
vt 0.838163 0.393626
vt 0.835952 0.422323
vt 0.835951 0.392515
vt 0.833555 0.421708
vt 0.833553 0.393130
vt 0.831781 0.419981
vt 0.831780 0.394857
vt 0.844546 0.394856
vt 0.844547 0.419981
vt 0.144652 0.608000
vt 0.149339 0.607687
vt 0.149363 0.610067
vt 0.146203 0.611411
vt 0.142740 0.605072
vt 0.149327 0.605661
vt 0.142227 0.601656
vt 0.149560 0.603543
vt 0.143834 0.598789
vt 0.150151 0.600352
vt 0.146638 0.597018
vt 0.150824 0.597208
vt 0.149518 0.612910
vt 0.145445 0.614966
vt 0.153874 0.607984
vt 0.153835 0.610142
vt 0.153773 0.606063
vt 0.154040 0.603811
vt 0.154227 0.601129
vt 0.154765 0.598115
vt 0.153732 0.613110
vt 0.161119 0.608295
vt 0.161434 0.610125
vt 0.161073 0.606418
vt 0.161588 0.604607
vt 0.162256 0.602325
vt 0.162676 0.599468
vt 0.161815 0.612616
vt 0.165249 0.608633
vt 0.165242 0.610442
vt 0.165282 0.606487
vt 0.165387 0.604660
vt 0.165438 0.602570
vt 0.165606 0.599877
vt 0.165139 0.612637
vt 0.209934 0.610545
vt 0.209917 0.612826
vt 0.210008 0.608117
vt 0.210194 0.605848
vt 0.210306 0.603543
vt 0.210402 0.601040
vt 0.209829 0.615266
vt 0.216794 0.611023
vt 0.215105 0.613293
vt 0.216908 0.608158
vt 0.215317 0.605771
vt 0.213600 0.603638
vt 0.213650 0.601110
vt 0.213280 0.615360
vt 0.617178 0.787320
vt 0.623886 0.787045
vt 0.623934 0.789266
vt 0.618786 0.789611
vt 0.617216 0.784517
vt 0.623829 0.784699
vt 0.618803 0.782255
vt 0.623793 0.782495
vt 0.620518 0.780229
vt 0.623817 0.780201
vt 0.620552 0.777735
vt 0.623795 0.777779
vt 0.624064 0.791714
vt 0.620536 0.791710
vt 0.637160 0.786602
vt 0.637322 0.788593
vt 0.637174 0.784816
vt 0.637278 0.782799
vt 0.637520 0.780342
vt 0.637621 0.777737
vt 0.637620 0.791007
vt 0.640954 0.786525
vt 0.640834 0.788327
vt 0.640994 0.784832
vt 0.640804 0.783004
vt 0.640402 0.780588
vt 0.640413 0.777793
vt 0.640539 0.790625
vt 0.647513 0.786754
vt 0.647331 0.789538
vt 0.647286 0.784395
vt 0.647185 0.782364
vt 0.647061 0.780391
vt 0.647058 0.778116
vt 0.646762 0.792368
vt 0.653015 0.786973
vt 0.652808 0.790036
vt 0.653116 0.784426
vt 0.653136 0.782236
vt 0.653048 0.780051
vt 0.652826 0.777504
vt 0.652644 0.793144
vt 0.663091 0.787659
vt 0.663091 0.790245
vt 0.663091 0.785037
vt 0.663090 0.782199
vt 0.663089 0.779332
vt 0.663088 0.776529
vt 0.663091 0.792876
vt 0.673171 0.786968
vt 0.673375 0.790034
vt 0.673069 0.784421
vt 0.673045 0.782229
vt 0.673130 0.780045
vt 0.673348 0.777498
vt 0.673537 0.793145
vt 0.678678 0.786746
vt 0.678855 0.789541
vt 0.678909 0.784381
vt 0.679006 0.782346
vt 0.679118 0.780369
vt 0.679116 0.778101
vt 0.679422 0.792379
vt 0.685213 0.786525
vt 0.685355 0.788333
vt 0.685274 0.784808
vt 0.685445 0.782962
vt 0.685827 0.780510
vt 0.685710 0.777764
vt 0.685675 0.790650
vt 0.689071 0.786521
vt 0.688933 0.788547
vt 0.689094 0.784731
vt 0.688968 0.782726
vt 0.688707 0.780288
vt 0.688487 0.777638
vt 0.688653 0.791000
vt 0.702471 0.786877
vt 0.702440 0.789124
vt 0.702511 0.784509
vt 0.702516 0.782280
vt 0.702442 0.779953
vt 0.702425 0.777370
vt 0.702325 0.791601
vt 0.709278 0.787095
vt 0.707660 0.789434
vt 0.709225 0.784256
vt 0.707604 0.781972
vt 0.705851 0.779916
vt 0.705812 0.777322
vt 0.705899 0.791573
vt 0.077125 0.742354
vt 0.070187 0.742768
vt 0.070183 0.740480
vt 0.075426 0.740042
vt 0.077142 0.745229
vt 0.070304 0.745196
vt 0.075556 0.747575
vt 0.070475 0.747460
vt 0.073849 0.749678
vt 0.070576 0.749761
vt 0.073894 0.752191
vt 0.070667 0.752256
vt 0.070103 0.738029
vt 0.073589 0.737943
vt 0.025522 0.744666
vt 0.025515 0.742857
vt 0.025555 0.746811
vt 0.025660 0.748638
vt 0.025712 0.750728
vt 0.025879 0.753420
vt 0.025412 0.740661
vt 0.021392 0.745003
vt 0.021708 0.743174
vt 0.021346 0.746880
vt 0.021862 0.748691
vt 0.022529 0.750973
vt 0.022950 0.753830
vt 0.022088 0.740682
vt 0.014148 0.745315
vt 0.014109 0.743157
vt 0.014047 0.747235
vt 0.014314 0.749488
vt 0.014501 0.752170
vt 0.015040 0.755183
vt 0.014006 0.740189
vt 0.010120 0.475399
vt 0.009806 0.480085
vt 0.006396 0.478534
vt 0.007740 0.475375
vt 0.012145 0.475410
vt 0.012734 0.481997
vt 0.014263 0.475178
vt 0.016149 0.482510
vt 0.017454 0.474587
vt 0.019016 0.480903
vt 0.020597 0.473914
vt 0.020788 0.478099
vt 0.002841 0.479291
vt 0.004897 0.475219
vt 0.716582 0.786611
vt 0.740714 0.786615
vt 0.740098 0.789013
vt 0.717197 0.789009
vt 0.714856 0.784837
vt 0.742441 0.784842
vt 0.713745 0.782625
vt 0.743553 0.782630
vt 0.714360 0.780227
vt 0.742938 0.780232
vt 0.716087 0.778454
vt 0.741212 0.778458
vt 0.741210 0.791225
vt 0.716085 0.791221
vt 0.577725 0.254737
vt 0.582412 0.254424
vt 0.582436 0.256804
vt 0.579276 0.258148
vt 0.575814 0.251809
vt 0.582401 0.252399
vt 0.575301 0.248394
vt 0.582633 0.250281
vt 0.576908 0.245527
vt 0.583224 0.247090
vt 0.579712 0.243756
vt 0.583897 0.243947
vt 0.582591 0.259647
vt 0.578518 0.261703
vt 0.586947 0.254721
vt 0.586908 0.256879
vt 0.586845 0.252801
vt 0.587112 0.250548
vt 0.587299 0.247867
vt 0.587838 0.244853
vt 0.586805 0.259847
vt 0.594190 0.255032
vt 0.594506 0.256862
vt 0.594144 0.253156
vt 0.594660 0.251345
vt 0.595327 0.249062
vt 0.595748 0.246206
vt 0.594887 0.259353
vt 0.598320 0.255370
vt 0.598313 0.257179
vt 0.598353 0.253225
vt 0.598458 0.251398
vt 0.598510 0.249308
vt 0.598677 0.246615
vt 0.598210 0.259374
vt 0.643003 0.257283
vt 0.642983 0.259563
vt 0.643079 0.254855
vt 0.643268 0.252584
vt 0.643385 0.250274
vt 0.643465 0.247775
vt 0.642894 0.262003
vt 0.649861 0.257772
vt 0.648168 0.260038
vt 0.649979 0.254909
vt 0.648395 0.252521
vt 0.646685 0.250384
vt 0.646719 0.247817
vt 0.646343 0.262101
vt 0.866119 0.701407
vt 0.859439 0.701687
vt 0.859397 0.699457
vt 0.864530 0.699127
vt 0.866153 0.704219
vt 0.859446 0.704043
vt 0.864532 0.706518
vt 0.859477 0.706259
vt 0.862779 0.708566
vt 0.859444 0.708569
vt 0.862746 0.711060
vt 0.859467 0.711023
vt 0.859281 0.697003
vt 0.862798 0.697029
vt 0.846059 0.702075
vt 0.845918 0.700050
vt 0.846059 0.703863
vt 0.845939 0.705862
vt 0.845681 0.708289
vt 0.845496 0.710952
vt 0.845641 0.697600
vt 0.842197 0.702068
vt 0.842341 0.700262
vt 0.842253 0.703784
vt 0.842422 0.705629
vt 0.842807 0.708081
vt 0.842698 0.710839
vt 0.842663 0.697948
vt 0.835665 0.701846
vt 0.835844 0.699052
vt 0.835893 0.704209
vt 0.835989 0.706243
vt 0.836100 0.708219
vt 0.836094 0.710487
vt 0.836412 0.696216
vt 0.830164 0.701620
vt 0.830369 0.698558
vt 0.830060 0.704165
vt 0.830035 0.706353
vt 0.830117 0.708535
vt 0.830331 0.711078
vt 0.830531 0.695452
vt 0.820101 0.700926
vt 0.820103 0.698345
vt 0.820100 0.703542
vt 0.820097 0.706375
vt 0.820094 0.709235
vt 0.820091 0.712031
vt 0.820104 0.695720
vt 0.810044 0.701607
vt 0.809843 0.698548
vt 0.810144 0.704148
vt 0.810165 0.706334
vt 0.810078 0.708513
vt 0.809858 0.711052
vt 0.809684 0.695445
vt 0.804551 0.701824
vt 0.804376 0.699036
vt 0.804319 0.704182
vt 0.804220 0.706211
vt 0.804106 0.708183
vt 0.804106 0.710445
vt 0.803813 0.696205
vt 0.798033 0.702035
vt 0.797893 0.700234
vt 0.797973 0.703747
vt 0.797801 0.705589
vt 0.797415 0.708035
vt 0.797526 0.710776
vt 0.797578 0.697925
vt 0.794179 0.702033
vt 0.794327 0.700013
vt 0.794175 0.703819
vt 0.794290 0.705818
vt 0.794541 0.708250
vt 0.794753 0.710896
vt 0.794614 0.697573
vt 0.780823 0.701572
vt 0.780882 0.699341
vt 0.780803 0.703932
vt 0.780769 0.706159
vt 0.780814 0.708491
vt 0.780825 0.711082
vt 0.781018 0.696887
vt 0.774116 0.701240
vt 0.775736 0.698965
vt 0.774053 0.704066
vt 0.775655 0.706392
vt 0.777393 0.708482
vt 0.777412 0.711107
vt 0.777494 0.696878
vt 0.006778 0.407950
vt 0.007266 0.414807
vt 0.004986 0.414827
vt 0.004512 0.409642
vt 0.009641 0.407831
vt 0.009695 0.414732
vt 0.012029 0.409416
vt 0.011965 0.414542
vt 0.014166 0.411126
vt 0.014275 0.414426
vt 0.016733 0.411093
vt 0.016774 0.414347
vt 0.002547 0.414916
vt 0.002448 0.411467
vt 0.009175 0.459490
vt 0.007367 0.459497
vt 0.011321 0.459458
vt 0.013148 0.459353
vt 0.015238 0.459301
vt 0.017930 0.459134
vt 0.005171 0.459600
vt 0.009512 0.463620
vt 0.007683 0.463304
vt 0.011389 0.463666
vt 0.013201 0.463151
vt 0.015483 0.462484
vt 0.018339 0.462063
vt 0.005192 0.462924
vt 0.009823 0.470863
vt 0.007665 0.470902
vt 0.011744 0.470965
vt 0.013996 0.470698
vt 0.016678 0.470512
vt 0.019691 0.469974
vt 0.004698 0.471005
vt 0.399428 0.697340
vt 0.399116 0.702026
vt 0.395705 0.700477
vt 0.397048 0.697317
vt 0.401453 0.697351
vt 0.402044 0.703937
vt 0.403571 0.697118
vt 0.405459 0.704449
vt 0.406761 0.696527
vt 0.408325 0.702842
vt 0.409904 0.695852
vt 0.410096 0.700037
vt 0.392151 0.701235
vt 0.394205 0.697162
vt 0.029534 0.767623
vt 0.005402 0.767623
vt 0.006018 0.765225
vt 0.028919 0.765225
vt 0.031261 0.769396
vt 0.003676 0.769396
vt 0.032373 0.771608
vt 0.002564 0.771608
vt 0.031757 0.774006
vt 0.003179 0.774006
vt 0.030030 0.775780
vt 0.004906 0.775780
vt 0.004906 0.763013
vt 0.030030 0.763013
vt 0.134842 0.864184
vt 0.134530 0.859497
vt 0.136910 0.859474
vt 0.138253 0.862634
vt 0.131913 0.866095
vt 0.132504 0.859508
vt 0.128498 0.866606
vt 0.130387 0.859275
vt 0.125631 0.864999
vt 0.127196 0.858683
vt 0.123861 0.862195
vt 0.124053 0.858009
vt 0.139753 0.859319
vt 0.141808 0.863393
vt 0.134828 0.854962
vt 0.136986 0.855002
vt 0.132908 0.855063
vt 0.130655 0.854795
vt 0.127973 0.854608
vt 0.124960 0.854069
vt 0.139954 0.855105
vt 0.135141 0.847719
vt 0.136971 0.847403
vt 0.133264 0.847764
vt 0.131453 0.847248
vt 0.129171 0.846580
vt 0.126315 0.846158
vt 0.139462 0.847023
vt 0.135480 0.843588
vt 0.137289 0.843596
vt 0.133334 0.843555
vt 0.131507 0.843450
vt 0.129418 0.843398
vt 0.126725 0.843229
vt 0.139484 0.843699
vt 0.137385 0.798924
vt 0.139674 0.798928
vt 0.134958 0.798806
vt 0.132694 0.798635
vt 0.130393 0.798533
vt 0.127898 0.798442
vt 0.142125 0.799008
vt 0.137801 0.791986
vt 0.140113 0.793685
vt 0.134926 0.791968
vt 0.132580 0.793554
vt 0.130477 0.795261
vt 0.127963 0.795215
vt 0.142212 0.795523
vt 0.259093 0.351271
vt 0.258878 0.344430
vt 0.261134 0.344399
vt 0.261444 0.349645
vt 0.256240 0.351216
vt 0.256499 0.344469
vt 0.253946 0.349586
vt 0.254259 0.344472
vt 0.251879 0.347821
vt 0.251921 0.344395
vt 0.249272 0.347779
vt 0.249326 0.344375
vt 0.263622 0.344285
vt 0.263594 0.347876
vt 0.258527 0.330973
vt 0.260560 0.330835
vt 0.256733 0.330994
vt 0.254721 0.330866
vt 0.252276 0.330600
vt 0.249617 0.330374
vt 0.263022 0.330554
vt 0.258534 0.327105
vt 0.260345 0.327248
vt 0.256813 0.327164
vt 0.254963 0.327334
vt 0.252504 0.327712
vt 0.249752 0.327589
vt 0.262667 0.327567
vt 0.258759 0.320563
vt 0.261555 0.320742
vt 0.256392 0.320791
vt 0.254356 0.320885
vt 0.252378 0.320993
vt 0.250109 0.320985
vt 0.264394 0.321308
vt 0.258985 0.315057
vt 0.262049 0.315263
vt 0.256440 0.314953
vt 0.254250 0.314926
vt 0.252067 0.315006
vt 0.249523 0.315218
vt 0.265156 0.315425
vt 0.259683 0.304993
vt 0.262264 0.304995
vt 0.257067 0.304990
vt 0.254235 0.304986
vt 0.251375 0.304981
vt 0.248579 0.304975
vt 0.264889 0.304996
vt 0.259005 0.294942
vt 0.262061 0.294739
vt 0.256466 0.295041
vt 0.254283 0.295060
vt 0.252107 0.294969
vt 0.249569 0.294744
vt 0.265161 0.294577
vt 0.258787 0.289459
vt 0.261567 0.289279
vt 0.256437 0.289231
vt 0.254415 0.289129
vt 0.252450 0.289006
vt 0.250189 0.289001
vt 0.264391 0.288710
vt 0.258567 0.282965
vt 0.260355 0.282819
vt 0.256869 0.282912
vt 0.255041 0.282747
vt 0.252632 0.282379
vt 0.249865 0.282415
vt 0.262649 0.282494
vt 0.258550 0.279149
vt 0.260556 0.279279
vt 0.256775 0.279133
vt 0.254782 0.279265
vt 0.252344 0.279527
vt 0.249784 0.279677
vt 0.262982 0.279546
vt 0.258896 0.265906
vt 0.261116 0.265935
vt 0.256556 0.265865
vt 0.254353 0.265859
vt 0.252056 0.265935
vt 0.249508 0.265954
vt 0.263562 0.266046
vt 0.259109 0.259179
vt 0.261420 0.260777
vt 0.256304 0.259233
vt 0.254048 0.260835
vt 0.252017 0.262569
vt 0.249457 0.262610
vt 0.263534 0.262516
vt 0.396145 0.629836
vt 0.396572 0.636771
vt 0.394283 0.636777
vt 0.393837 0.631538
vt 0.399018 0.629813
vt 0.399000 0.636651
vt 0.401365 0.631393
vt 0.401266 0.636476
vt 0.403472 0.633091
vt 0.403571 0.636369
vt 0.406023 0.633060
vt 0.406063 0.636295
vt 0.391833 0.636859
vt 0.391743 0.633376
vt 0.398478 0.681433
vt 0.396669 0.681441
vt 0.400623 0.681400
vt 0.402450 0.681294
vt 0.404540 0.681242
vt 0.407232 0.681074
vt 0.394474 0.681544
vt 0.398817 0.685563
vt 0.396987 0.685247
vt 0.400693 0.685608
vt 0.402504 0.685092
vt 0.404786 0.684424
vt 0.407642 0.684003
vt 0.394496 0.684868
vt 0.399130 0.692805
vt 0.396972 0.692845
vt 0.401050 0.692906
vt 0.403302 0.692639
vt 0.405984 0.692452
vt 0.408997 0.691913
vt 0.394005 0.692949
vt 0.372695 0.606614
vt 0.372382 0.611300
vt 0.368972 0.609750
vt 0.370315 0.606590
vt 0.374720 0.606625
vt 0.375310 0.613212
vt 0.376838 0.606393
vt 0.378725 0.613724
vt 0.380028 0.605802
vt 0.381591 0.612117
vt 0.383171 0.605128
vt 0.383362 0.609313
vt 0.365417 0.610507
vt 0.367472 0.606435
vt 0.178084 0.705849
vt 0.153953 0.705844
vt 0.154568 0.703447
vt 0.177470 0.703451
vt 0.179811 0.707623
vt 0.152226 0.707618
vt 0.180922 0.709835
vt 0.151114 0.709830
vt 0.180306 0.712233
vt 0.151728 0.712228
vt 0.178579 0.714006
vt 0.153455 0.714002
vt 0.153457 0.701235
vt 0.178582 0.701240
vt 0.359339 0.766304
vt 0.364026 0.765991
vt 0.364049 0.768372
vt 0.360889 0.769715
vt 0.357427 0.763376
vt 0.364014 0.763966
vt 0.356916 0.759960
vt 0.364247 0.761848
vt 0.358523 0.757093
vt 0.364839 0.758657
vt 0.361327 0.755323
vt 0.365513 0.755514
vt 0.364204 0.771214
vt 0.360131 0.773270
vt 0.368561 0.766289
vt 0.368521 0.768447
vt 0.368460 0.764369
vt 0.368727 0.762116
vt 0.368914 0.759434
vt 0.369453 0.756421
vt 0.368418 0.771415
vt 0.375804 0.766601
vt 0.376120 0.768431
vt 0.375759 0.764725
vt 0.376275 0.762913
vt 0.376942 0.760631
vt 0.377364 0.757775
vt 0.376500 0.770922
vt 0.379934 0.766940
vt 0.379927 0.768749
vt 0.379968 0.764794
vt 0.380073 0.762967
vt 0.380125 0.760877
vt 0.380293 0.758185
vt 0.379824 0.770944
vt 0.424599 0.768841
vt 0.424595 0.771130
vt 0.424717 0.766413
vt 0.424887 0.764149
vt 0.424989 0.761848
vt 0.425081 0.759353
vt 0.424515 0.773580
vt 0.431537 0.769256
vt 0.429838 0.771568
vt 0.431555 0.766380
vt 0.429969 0.764035
vt 0.428262 0.761932
vt 0.428307 0.759418
vt 0.428001 0.773667
vt 0.532844 0.788306
vt 0.526116 0.788535
vt 0.526083 0.786304
vt 0.531249 0.785996
vt 0.532785 0.791115
vt 0.526161 0.790884
vt 0.531176 0.793369
vt 0.526183 0.793089
vt 0.529440 0.795384
vt 0.526144 0.795380
vt 0.529406 0.797848
vt 0.526164 0.797809
vt 0.525969 0.783846
vt 0.529509 0.783877
vt 0.512788 0.788889
vt 0.512634 0.786893
vt 0.512792 0.790684
vt 0.512680 0.792707
vt 0.512429 0.795169
vt 0.512320 0.797779
vt 0.512343 0.784468
vt 0.508992 0.788964
vt 0.509112 0.787156
vt 0.508953 0.790662
vt 0.509142 0.792495
vt 0.509541 0.794917
vt 0.509525 0.797717
vt 0.509410 0.784849
vt 0.502416 0.788730
vt 0.502598 0.785938
vt 0.502643 0.791095
vt 0.502743 0.793132
vt 0.502865 0.795109
vt 0.502867 0.797389
vt 0.503170 0.783101
vt 0.496900 0.788508
vt 0.497108 0.785437
vt 0.496798 0.791061
vt 0.496776 0.793257
vt 0.496864 0.795447
vt 0.497085 0.798001
vt 0.497273 0.782322
vt 0.486800 0.787816
vt 0.486800 0.785225
vt 0.486799 0.790445
vt 0.486799 0.793290
vt 0.486798 0.796163
vt 0.486797 0.798973
vt 0.486800 0.782588
vt 0.476700 0.788504
vt 0.476494 0.785435
vt 0.476800 0.791057
vt 0.476822 0.793253
vt 0.476734 0.795442
vt 0.476513 0.797994
vt 0.476332 0.782320
vt 0.471183 0.788722
vt 0.471007 0.785928
vt 0.470951 0.791089
vt 0.470852 0.793128
vt 0.470735 0.795107
vt 0.470733 0.797382
vt 0.470441 0.783091
vt 0.464602 0.788947
vt 0.464489 0.787133
vt 0.464634 0.790652
vt 0.464436 0.792489
vt 0.464021 0.794936
vt 0.464105 0.797697
vt 0.464200 0.784818
vt 0.460796 0.788856
vt 0.460959 0.786856
vt 0.460781 0.790652
vt 0.460883 0.792671
vt 0.461130 0.795112
vt 0.461297 0.797782
vt 0.461259 0.784424
vt 0.447415 0.788484
vt 0.447461 0.786251
vt 0.447408 0.790838
vt 0.447374 0.793047
vt 0.447400 0.795353
vt 0.447371 0.797800
vt 0.447580 0.783795
vt 0.440742 0.788196
vt 0.442330 0.785918
vt 0.440708 0.791004
vt 0.442328 0.793300
vt 0.444075 0.795344
vt 0.444102 0.797829
vt 0.444061 0.783821
vt 0.369425 0.539109
vt 0.369852 0.546044
vt 0.367563 0.546050
vt 0.367118 0.540811
vt 0.372299 0.539087
vt 0.372280 0.545924
vt 0.374646 0.540667
vt 0.374545 0.545750
vt 0.376752 0.542366
vt 0.376850 0.545644
vt 0.379304 0.542335
vt 0.379342 0.545570
vt 0.365113 0.546131
vt 0.365023 0.542648
vt 0.371749 0.590707
vt 0.369940 0.590714
vt 0.373894 0.590674
vt 0.375721 0.590568
vt 0.377810 0.590517
vt 0.380503 0.590349
vt 0.367745 0.590817
vt 0.372086 0.594836
vt 0.370257 0.594520
vt 0.373963 0.594882
vt 0.375774 0.594366
vt 0.378056 0.593700
vt 0.380912 0.593278
vt 0.367766 0.594140
vt 0.372398 0.602079
vt 0.370240 0.602118
vt 0.374318 0.602180
vt 0.376570 0.601913
vt 0.379252 0.601727
vt 0.382265 0.601188
vt 0.367273 0.602221
vt 0.400848 0.017365
vt 0.408172 0.017116
vt 0.408125 0.026574
vt 0.400833 0.026429
vt 0.336230 0.096243
vt 0.329432 0.097150
vt 0.328858 0.088092
vt 0.335340 0.087548
vt 0.327745 0.123366
vt 0.314970 0.123490
vt 0.313185 0.096890
vt 0.309971 0.194697
vt 0.312298 0.168077
vt 0.319465 0.170372
vt 0.333575 0.124408
vt 0.309209 0.124575
vt 0.306440 0.096039
vt 0.448840 0.014419
vt 0.448851 0.028905
vt 0.439067 0.029419
vt 0.439332 0.013984
vt 0.307331 0.087552
vt 0.313694 0.088106
vt 0.332874 0.131467
vt 0.327392 0.130346
vt 0.312051 0.163954
vt 0.319585 0.164018
vt 0.311272 0.162800
vt 0.316279 0.157141
vt 0.481354 0.313236
vt 0.483650 0.320403
vt 0.477296 0.320524
vt 0.477232 0.312989
vt 0.470418 0.317218
vt 0.476077 0.312211
vt 0.309554 0.162247
vt 0.311499 0.154967
vt 0.332061 0.139434
vt 0.332324 0.144828
vt 0.327151 0.145288
vt 0.326954 0.139501
vt 0.311014 0.139255
vt 0.316048 0.139392
vt 0.315537 0.145105
vt 0.310580 0.144434
vt 0.310116 0.131499
vt 0.315462 0.130283
vt 0.333302 0.149783
vt 0.327765 0.150886
vt 0.395836 0.027172
vt 0.395981 0.016402
vt 0.306483 0.162436
vt 0.306481 0.154929
vt 0.475524 0.310492
vt 0.468245 0.312437
vt 0.468207 0.307419
vt 0.475713 0.307422
vt 0.439975 0.008990
vt 0.412687 0.012704
vt 0.409480 0.005508
vt 0.449114 0.009408
vt 0.439783 0.034426
vt 0.449118 0.034023
vt 0.652213 0.234700
vt 0.656860 0.230606
vt 0.656927 0.232195
vt 0.653703 0.235333
vt 0.400754 0.006032
vt 0.397205 0.012631
vt 0.392793 0.009904
vt 0.398034 0.003518
vt 0.413606 0.016660
vt 0.413739 0.026939
vt 0.401272 0.013963
vt 0.390418 0.014525
vt 0.225329 0.701232
vt 0.227135 0.701231
vt 0.227135 0.702850
vt 0.225330 0.702850
vt 0.192952 0.754981
vt 0.192952 0.753390
vt 0.201154 0.753361
vt 0.201154 0.754980
vt 0.766813 0.049568
vt 0.762927 0.045522
vt 0.764432 0.044927
vt 0.767457 0.048083
vt 0.314638 0.150362
vt 0.652216 0.248616
vt 0.653705 0.247982
vt 0.656931 0.251118
vt 0.656865 0.252707
vt 0.230211 0.701231
vt 0.230211 0.702849
vt 0.233398 0.754981
vt 0.233398 0.753362
vt 0.235204 0.753362
vt 0.235204 0.754981
vt 0.766814 0.027599
vt 0.767459 0.029083
vt 0.764433 0.032239
vt 0.762928 0.031644
vt 0.232006 0.754981
vt 0.232006 0.753362
vt 0.412821 0.030984
vt 0.407251 0.030131
vt 0.193086 0.701239
vt 0.219807 0.701233
vt 0.219808 0.702851
vt 0.193086 0.702857
vt 0.238280 0.753362
vt 0.238280 0.754981
vt 0.774318 0.049637
vt 0.774319 0.048019
vt 0.404313 0.037114
vt 0.402655 0.037031
vt 0.401206 0.029835
vt 0.407247 0.013628
vt 0.404283 0.006865
vt 0.400661 0.038004
vt 0.397805 0.040683
vt 0.392216 0.033971
vt 0.396978 0.031132
vt 0.389698 0.028910
vt 0.227876 0.753362
vt 0.227876 0.754980
vt 0.223937 0.701232
vt 0.223938 0.702850
vt 0.774320 0.027530
vt 0.774320 0.029149
vt 0.402672 0.006959
vt 0.409650 0.038340
vt 0.184884 0.701240
vt 0.184884 0.702830
vt 0.507974 0.310910
vt 0.309443 0.149082
vt 0.806814 0.035192
vt 0.806907 0.042447
vt 0.797444 0.042023
vt 0.797762 0.034671
vt 0.818080 0.379217
vt 0.824865 0.378306
vt 0.825443 0.387360
vt 0.818970 0.387904
vt 0.826454 0.352162
vt 0.839229 0.351874
vt 0.841123 0.378552
vt 0.242070 0.498169
vt 0.268690 0.500496
vt 0.266395 0.507663
vt 0.820707 0.351146
vt 0.845070 0.350764
vt 0.847885 0.379398
vt 0.808973 0.082938
vt 0.794469 0.082930
vt 0.794048 0.073404
vt 0.809500 0.073159
vt 0.846997 0.387901
vt 0.840620 0.387349
vt 0.821438 0.344225
vt 0.826820 0.345338
vt 0.272813 0.500249
vt 0.272748 0.507784
vt 0.273967 0.499471
vt 0.279626 0.504478
vt 0.830260 0.734068
vt 0.832559 0.741234
vt 0.826206 0.741358
vt 0.826138 0.733823
vt 0.819326 0.738055
vt 0.824983 0.733046
vt 0.274520 0.497752
vt 0.281800 0.499697
vt 0.822200 0.336414
vt 0.821754 0.331083
vt 0.826882 0.330442
vt 0.827286 0.336269
vt 0.843235 0.335816
vt 0.838186 0.335754
vt 0.838502 0.330086
vt 0.843496 0.330585
vt 0.844189 0.343712
vt 0.838753 0.344937
vt 0.820582 0.326198
vt 0.826042 0.324879
vt 0.797037 0.029814
vt 0.807806 0.030193
vt 0.274331 0.494682
vt 0.281837 0.494679
vt 0.824429 0.731327
vt 0.817150 0.733275
vt 0.817111 0.728258
vt 0.824617 0.728256
vt 0.814488 0.073884
vt 0.811201 0.047063
vt 0.818423 0.044016
vt 0.814084 0.083205
vt 0.789033 0.074035
vt 0.789444 0.083201
vt 0.601954 0.235995
vt 0.606047 0.240642
vt 0.604458 0.240709
vt 0.601321 0.237484
vt 0.818167 0.035283
vt 0.811618 0.031534
vt 0.814465 0.027141
vt 0.820778 0.032602
vt 0.807228 0.047921
vt 0.796948 0.047586
vt 0.810195 0.035643
vt 0.809834 0.024643
vt 0.985733 0.159800
vt 0.985733 0.157994
vt 0.987351 0.157994
vt 0.987351 0.159800
vt 0.004029 0.889416
vt 0.002439 0.889416
vt 0.002411 0.881214
vt 0.004029 0.881214
vt 0.549918 0.255327
vt 0.553964 0.251441
vt 0.554558 0.252946
vt 0.551403 0.255972
vt 0.839188 0.324795
vt 0.588038 0.235997
vt 0.588671 0.237486
vt 0.585535 0.240712
vt 0.583946 0.240646
vt 0.985733 0.154918
vt 0.987351 0.154918
vt 0.004034 0.848971
vt 0.002416 0.848970
vt 0.002416 0.847165
vt 0.004035 0.847165
vt 0.571887 0.255326
vt 0.570403 0.255971
vt 0.567247 0.252945
vt 0.567841 0.251440
vt 0.004034 0.850362
vt 0.002416 0.850362
vt 0.792922 0.046607
vt 0.793907 0.041061
vt 0.985733 0.192043
vt 0.985733 0.165322
vt 0.987351 0.165321
vt 0.987352 0.192043
vt 0.002417 0.844088
vt 0.004035 0.844089
vt 0.549849 0.262833
vt 0.551468 0.262833
vt 0.787002 0.037955
vt 0.787126 0.036302
vt 0.794336 0.035013
vt 0.810407 0.041607
vt 0.817237 0.038807
vt 0.786218 0.034300
vt 0.783646 0.031405
vt 0.790431 0.026060
vt 0.793132 0.030835
vt 0.795475 0.023685
vt 0.002415 0.854492
vt 0.004034 0.854492
vt 0.985733 0.161192
vt 0.987351 0.161192
vt 0.571957 0.262832
vt 0.570339 0.262832
vt 0.817181 0.037191
vt 0.785598 0.043273
vt 0.985732 0.200245
vt 0.987322 0.200245
vt 0.856879 0.731729
vt 0.844453 0.325874
vt 0.066005 0.036776
vt 0.073260 0.036682
vt 0.072838 0.046144
vt 0.065485 0.045827
vt 0.826519 0.680739
vt 0.833388 0.679946
vt 0.833911 0.689010
vt 0.827349 0.689525
vt 0.835784 0.653385
vt 0.848544 0.653903
vt 0.849640 0.680148
vt 0.067526 0.574240
vt 0.065180 0.600858
vt 0.058015 0.598557
vt 0.829998 0.652137
vt 0.854348 0.653026
vt 0.856312 0.681110
vt 0.113751 0.034609
vt 0.113745 0.049113
vt 0.104219 0.049536
vt 0.103972 0.034084
vt 0.855362 0.689501
vt 0.849081 0.688918
vt 0.831079 0.645156
vt 0.836507 0.646555
vt 0.065424 0.604981
vt 0.057889 0.604911
vt 0.066202 0.606135
vt 0.061191 0.611791
vt 0.153005 0.554524
vt 0.160172 0.552231
vt 0.160291 0.558585
vt 0.152756 0.558647
vt 0.156983 0.565462
vt 0.151978 0.559801
vt 0.067920 0.606689
vt 0.065970 0.613968
vt 0.832223 0.637233
vt 0.832175 0.631836
vt 0.837360 0.631581
vt 0.837330 0.637374
vt 0.853243 0.638238
vt 0.848219 0.637897
vt 0.848956 0.632214
vt 0.853881 0.633080
vt 0.853822 0.646031
vt 0.848431 0.646973
vt 0.831393 0.626849
vt 0.836966 0.625965
vt 0.060629 0.046554
vt 0.061006 0.035785
vt 0.070991 0.606503
vt 0.070988 0.614009
vt 0.150259 0.560353
vt 0.152202 0.567634
vt 0.147184 0.567670
vt 0.147189 0.560164
vt 0.104696 0.029096
vt 0.077875 0.032387
vt 0.074827 0.025165
vt 0.114017 0.029499
vt 0.104851 0.054551
vt 0.114016 0.054138
vt 0.089440 0.069981
vt 0.093534 0.074627
vt 0.091945 0.074695
vt 0.088808 0.071471
vt 0.066094 0.025422
vt 0.062346 0.031972
vt 0.057953 0.029126
vt 0.063413 0.022812
vt 0.078734 0.036360
vt 0.078400 0.046639
vt 0.066455 0.033394
vt 0.055455 0.033758
vt 0.002417 0.150145
vt 0.002417 0.148340
vt 0.004035 0.148340
vt 0.004036 0.150145
vt 0.134904 0.674212
vt 0.134904 0.675802
vt 0.126701 0.675830
vt 0.126702 0.674212
vt 0.989399 0.024470
vt 0.985514 0.020423
vt 0.987020 0.019829
vt 0.990045 0.022985
vt 0.850059 0.626997
vt 0.075524 0.069986
vt 0.076158 0.071475
vt 0.073022 0.074701
vt 0.071433 0.074635
vt 0.002417 0.145263
vt 0.004035 0.145263
vt 0.094458 0.674207
vt 0.094458 0.675825
vt 0.092653 0.675825
vt 0.092653 0.674206
vt 0.989405 0.002501
vt 0.990049 0.003985
vt 0.987023 0.007140
vt 0.985518 0.006546
vt 0.095850 0.674207
vt 0.095850 0.675825
vt 0.077423 0.050666
vt 0.071876 0.049682
vt 0.002419 0.182389
vt 0.002417 0.155667
vt 0.004036 0.155667
vt 0.004037 0.182389
vt 0.089576 0.675824
vt 0.089576 0.674206
vt 0.996905 0.024541
vt 0.996906 0.022923
vt 0.068771 0.056588
vt 0.067119 0.056463
vt 0.065828 0.049253
vt 0.072420 0.033182
vt 0.069618 0.026352
vt 0.065116 0.057372
vt 0.062221 0.059944
vt 0.056876 0.053160
vt 0.061650 0.050459
vt 0.054500 0.048116
vt 0.099980 0.675826
vt 0.099980 0.674208
vt 0.002417 0.151537
vt 0.004035 0.151537
vt 0.996911 0.002433
vt 0.996911 0.004052
vt 0.068002 0.026408
vt 0.074089 0.057990
vt 0.002417 0.190591
vt 0.004008 0.190591
vt 0.150686 0.527904
vt 0.855199 0.628480
vt 0.764123 0.098502
vt 0.771493 0.098793
vt 0.771023 0.108253
vt 0.763813 0.107567
vt 0.403588 0.400941
vt 0.402738 0.394189
vt 0.411529 0.393681
vt 0.412082 0.400051
vt 0.376101 0.392360
vt 0.376289 0.379590
vt 0.402482 0.377936
vt 0.817565 0.649531
vt 0.815222 0.676149
vt 0.808057 0.673850
vt 0.375006 0.398157
vt 0.375257 0.373791
vt 0.403389 0.371142
vt 0.811886 0.097315
vt 0.811980 0.111813
vt 0.802203 0.112246
vt 0.802378 0.096803
vt 0.412082 0.372031
vt 0.411539 0.378510
vt 0.368025 0.397271
vt 0.369254 0.391827
vt 0.815467 0.680272
vt 0.807932 0.680203
vt 0.816244 0.681427
vt 0.811234 0.687083
vt 0.132034 0.035254
vt 0.134330 0.042421
vt 0.127977 0.042543
vt 0.127911 0.035008
vt 0.121098 0.039237
vt 0.126757 0.034230
vt 0.817963 0.681981
vt 0.816014 0.689260
vt 0.360104 0.396412
vt 0.354813 0.396728
vt 0.354328 0.391643
vt 0.360000 0.391315
vt 0.360460 0.375380
vt 0.360362 0.380423
vt 0.354539 0.380034
vt 0.355184 0.374997
vt 0.368252 0.374514
vt 0.369363 0.379893
vt 0.349915 0.397743
vt 0.348771 0.392268
vt 0.758732 0.108053
vt 0.759369 0.097288
vt 0.821033 0.681794
vt 0.821031 0.689300
vt 0.126204 0.032511
vt 0.118924 0.034457
vt 0.118886 0.029440
vt 0.126392 0.029441
vt 0.803131 0.091886
vt 0.776253 0.094586
vt 0.773413 0.087307
vt 0.812186 0.092351
vt 0.802805 0.117328
vt 0.812220 0.116974
vt 0.545772 0.269715
vt 0.541678 0.265069
vt 0.543267 0.265001
vt 0.546405 0.268225
vt 0.764741 0.087271
vt 0.760801 0.093609
vt 0.756564 0.090634
vt 0.762187 0.084594
vt 0.777023 0.098586
vt 0.776531 0.108855
vt 0.764759 0.095167
vt 0.753924 0.095116
vt 0.100370 0.837389
vt 0.100370 0.835583
vt 0.101988 0.835583
vt 0.101989 0.837389
vt 0.642408 0.284288
vt 0.642407 0.285878
vt 0.634205 0.285902
vt 0.634206 0.284284
vt 0.026017 0.145353
vt 0.029904 0.149398
vt 0.028399 0.149993
vt 0.025373 0.146837
vt 0.349244 0.379153
vt 0.559689 0.269709
vt 0.559055 0.268220
vt 0.562190 0.264994
vt 0.563779 0.265060
vt 0.100370 0.832507
vt 0.101988 0.832507
vt 0.601962 0.284263
vt 0.601961 0.285882
vt 0.600156 0.285880
vt 0.600157 0.284262
vt 0.026021 0.167322
vt 0.025376 0.165838
vt 0.028401 0.162681
vt 0.029906 0.163275
vt 0.603354 0.284264
vt 0.603353 0.285882
vt 0.775464 0.112853
vt 0.769960 0.111720
vt 0.100375 0.869632
vt 0.100371 0.842911
vt 0.101990 0.842911
vt 0.101994 0.869632
vt 0.597080 0.285878
vt 0.597080 0.284260
vt 0.018511 0.145285
vt 0.018511 0.146903
vt 0.766621 0.118538
vt 0.764963 0.118346
vt 0.763969 0.111025
vt 0.770761 0.095227
vt 0.768196 0.088324
vt 0.762907 0.119193
vt 0.759890 0.121689
vt 0.754729 0.114642
vt 0.759651 0.112083
vt 0.752509 0.109460
vt 0.607483 0.285885
vt 0.607484 0.284267
vt 0.100371 0.838781
vt 0.101989 0.838781
vt 0.018515 0.167392
vt 0.018514 0.165774
vt 0.766591 0.088313
vt 0.771923 0.120111
vt 0.100375 0.877834
vt 0.101966 0.877834
vt 0.158653 0.032924
vt 0.350482 0.373898
vt 0.864351 0.806099
vt 0.838028 0.806100
vt 0.838027 0.793900
vt 0.864351 0.793899
vt 0.864351 0.819731
vt 0.838028 0.819732
vt 0.864352 0.833713
vt 0.838029 0.833714
vt 0.864352 0.845440
vt 0.838029 0.845441
vt 0.246395 0.838664
vt 0.246395 0.850809
vt 0.220072 0.850808
vt 0.220072 0.838663
vt 0.220072 0.825184
vt 0.246396 0.825185
vt 0.220073 0.811356
vt 0.246396 0.811356
vt 0.246396 0.799685
vt 0.220073 0.799684
vt 0.780569 0.035256
vt 0.780576 0.061579
vt 0.779486 0.061579
vt 0.779479 0.035256
vt 0.997584 0.288122
vt 0.997583 0.314445
vt 0.996493 0.314445
vt 0.996494 0.288122
vt 0.860426 0.667294
vt 0.859223 0.653716
vt 0.860313 0.653717
vt 0.861506 0.667143
vt 0.389854 0.603545
vt 0.388651 0.617123
vt 0.387572 0.616972
vt 0.388764 0.603546
vt 0.860483 0.639791
vt 0.861562 0.639945
vt 0.388592 0.589620
vt 0.387513 0.589774
vt 0.386348 0.578109
vt 0.385278 0.578318
vt 0.862727 0.628280
vt 0.863797 0.628489
vt 0.386348 0.629104
vt 0.385278 0.628898
vt 0.862730 0.679275
vt 0.863801 0.679069
vt 0.933008 0.638469
vt 0.933008 0.697852
vt 0.895425 0.697853
vt 0.895424 0.638470
vt 0.213331 0.856153
vt 0.153948 0.856154
vt 0.153631 0.853744
vt 0.213648 0.853744
vt 0.933009 0.767827
vt 0.895426 0.767828
vt 0.895425 0.708445
vt 0.933009 0.708445
vt 0.927678 0.994662
vt 0.986297 0.994663
vt 0.986297 0.997207
vt 0.927678 0.997206
vt 0.831927 0.065328
vt 0.831927 0.005945
vt 0.869510 0.005945
vt 0.869511 0.065327
vt 0.869511 0.075920
vt 0.831927 0.075920
vt 0.831927 0.072390
vt 0.869511 0.072389
vt 0.831927 0.068859
vt 0.869511 0.068858
vt 0.933009 0.771358
vt 0.895426 0.771359
vt 0.933010 0.774889
vt 0.895426 0.774890
vt 0.831927 0.002414
vt 0.869510 0.002414
vt 0.895424 0.627877
vt 0.933007 0.627877
vt 0.933007 0.631408
vt 0.895424 0.631408
vt 0.933008 0.634938
vt 0.895424 0.634939
vt 0.895425 0.704915
vt 0.933008 0.704914
vt 0.895425 0.701384
vt 0.933008 0.701383
vt 0.869511 0.135303
vt 0.831928 0.135303
vt 0.722953 0.970876
vt 0.782336 0.970881
vt 0.782653 0.973290
vt 0.722636 0.973286
vt 0.327016 0.311221
vt 0.386354 0.308912
vt 0.386765 0.311308
vt 0.326793 0.313641
vt 0.150538 0.857068
vt 0.149322 0.854963
vt 0.219238 0.859564
vt 0.216741 0.857067
vt 0.217956 0.854963
vt 0.221343 0.858349
vt 0.785747 0.969967
vt 0.786962 0.972072
vt 0.148041 0.859564
vt 0.145936 0.858349
vt 0.389727 0.307866
vt 0.391023 0.309922
vt 0.880479 0.971432
vt 0.939817 0.969124
vt 0.940228 0.971519
vt 0.880256 0.973852
vt 0.943190 0.968078
vt 0.944486 0.970134
vt 0.874334 0.149939
vt 0.874334 0.089922
vt 0.878029 0.089922
vt 0.878029 0.149939
vt 0.970898 0.384431
vt 0.970899 0.324414
vt 0.974594 0.324414
vt 0.974594 0.384431
vt 0.874334 0.011683
vt 0.874334 0.006894
vt 0.878029 0.006894
vt 0.878029 0.011683
vt 0.970899 0.319937
vt 0.974594 0.319937
vt 0.970898 0.393698
vt 0.970898 0.388909
vt 0.974593 0.388909
vt 0.974593 0.393698
vt 0.970898 0.458193
vt 0.970898 0.398175
vt 0.974593 0.398175
vt 0.974593 0.458193
vt 0.874334 0.085445
vt 0.874334 0.080656
vt 0.878029 0.080656
vt 0.878029 0.085445
vt 0.874334 0.154417
vt 0.878029 0.154417
vt 0.874334 0.016161
vt 0.878029 0.016161
vt 0.874334 0.002417
vt 0.878029 0.002417
vt 0.874334 0.076178
vt 0.878029 0.076178
vt 0.970899 0.315148
vt 0.974594 0.315148
vt 0.320981 0.308043
vt 0.323573 0.310440
vt 0.322441 0.312591
vt 0.318925 0.309339
vt 0.877036 0.970652
vt 0.875903 0.972802
vt 0.874444 0.968254
vt 0.872388 0.969550
vt 0.719543 0.969962
vt 0.718328 0.972067
vt 0.271136 0.246773
vt 0.270559 0.244472
vt 0.273183 0.243012
vt 0.274042 0.246437
vt 0.826446 0.054812
vt 0.825007 0.056167
vt 0.822453 0.054587
vt 0.825024 0.052167
vt 0.824324 0.058438
vt 0.821436 0.057969
vt 0.824451 0.120778
vt 0.826722 0.121461
vt 0.826253 0.124349
vt 0.822871 0.123332
vt 0.823096 0.119339
vt 0.820451 0.120761
vt 0.822552 0.117030
vt 0.819641 0.117325
vt 0.267694 0.830865
vt 0.265402 0.830251
vt 0.265784 0.827351
vt 0.269195 0.828265
vt 0.269091 0.832263
vt 0.271692 0.830761
vt 0.269705 0.834554
vt 0.272605 0.834172
vt 0.265402 0.897475
vt 0.267693 0.896861
vt 0.269194 0.899462
vt 0.265784 0.900376
vt 0.269091 0.895464
vt 0.271691 0.896965
vt 0.269704 0.893172
vt 0.272605 0.893554
vt 0.270205 0.305384
vt 0.273100 0.305812
vt 0.994244 0.086841
vt 0.994247 0.028222
vt 0.997147 0.027841
vt 0.997145 0.087224
vt 0.997591 0.901750
vt 0.997591 0.904122
vt 0.995047 0.904122
vt 0.995047 0.901750
vt 0.997591 0.834435
vt 0.997591 0.836411
vt 0.995047 0.836411
vt 0.995047 0.834435
vt 0.859967 0.994662
vt 0.862339 0.994662
vt 0.862339 0.997206
vt 0.859967 0.997206
vt 0.988669 0.994663
vt 0.988669 0.997207
vt 0.997591 0.965113
vt 0.997591 0.967089
vt 0.995047 0.967089
vt 0.995047 0.965113
vt 0.920958 0.994662
vt 0.923330 0.994662
vt 0.923330 0.997206
vt 0.920958 0.997206
vt 0.997591 0.962741
vt 0.995047 0.962741
vt 0.925306 0.994662
vt 0.925306 0.997206
vt 0.997591 0.838783
vt 0.997591 0.897402
vt 0.995047 0.897402
vt 0.995047 0.838783
vt 0.997591 0.899774
vt 0.995047 0.899774
vt 0.370893 0.036642
vt 0.367065 0.027377
vt 0.383643 0.007044
vt 0.384868 0.011371
vt 0.359999 0.020261
vt 0.380244 0.003643
vt 0.367023 0.055933
vt 0.370871 0.046671
vt 0.384867 0.071851
vt 0.383641 0.076177
vt 0.350639 0.066823
vt 0.359907 0.062997
vt 0.380239 0.079577
vt 0.375912 0.080801
vt 0.324325 0.027282
vt 0.320477 0.036543
vt 0.306481 0.011363
vt 0.307708 0.007037
vt 0.331442 0.020217
vt 0.311109 0.003637
vt 0.331350 0.062953
vt 0.340611 0.066801
vt 0.315431 0.080797
vt 0.311105 0.079571
vt 0.340709 0.016391
vt 0.315436 0.002413
vt 0.324283 0.055837
vt 0.307705 0.076170
vt 0.320455 0.046572
vt 0.306481 0.071843
vt 0.350738 0.016413
vt 0.375918 0.002417
vt 0.335909 0.026147
vt 0.332514 0.038962
vt 0.330695 0.052096
vt 0.348485 0.027622
vt 0.345674 0.041607
vt 0.342863 0.055593
vt 0.360653 0.031118
vt 0.358834 0.044252
vt 0.355439 0.057067
vt 0.210939 0.847607
vt 0.152320 0.847604
vt 0.148018 0.843301
vt 0.150029 0.846990
vt 0.148631 0.845592
vt 0.148021 0.784683
vt 0.152323 0.780380
vt 0.148634 0.782392
vt 0.150032 0.780994
vt 0.210942 0.780383
vt 0.215244 0.784686
vt 0.213233 0.780997
vt 0.214631 0.782395
vt 0.215242 0.843305
vt 0.214628 0.845596
vt 0.213230 0.846993
vt 0.827750 0.936756
vt 0.827751 0.949040
vt 0.823591 0.949040
vt 0.823590 0.936756
vt 0.773091 0.855607
vt 0.760807 0.855606
vt 0.760809 0.832504
vt 0.773092 0.832505
vt 0.773088 0.907689
vt 0.760804 0.907688
vt 0.760806 0.884586
vt 0.773089 0.884587
vt 0.760806 0.870096
vt 0.773090 0.870097
vt 0.773090 0.873719
vt 0.760806 0.873719
vt 0.773090 0.877342
vt 0.760806 0.877341
vt 0.773089 0.880964
vt 0.760806 0.880964
vt 0.773091 0.859229
vt 0.760807 0.859229
vt 0.773090 0.862852
vt 0.760807 0.862851
vt 0.773090 0.866474
vt 0.760807 0.866474
vt 0.415615 0.676125
vt 0.420641 0.671102
vt 0.427747 0.671104
vt 0.958004 0.943379
vt 0.961016 0.941367
vt 0.968122 0.941369
vt 0.847856 0.936755
vt 0.847857 0.949038
vt 0.843654 0.949038
vt 0.843652 0.936755
vt 0.852016 0.936754
vt 0.852017 0.949038
vt 0.841561 0.936755
vt 0.841561 0.949039
vt 0.834046 0.949039
vt 0.834046 0.936756
vt 0.842606 0.936755
vt 0.842607 0.949039
vt 0.831954 0.949039
vt 0.831953 0.936756
vt 0.833000 0.936756
vt 0.833000 0.949039
vt 0.731098 0.856374
vt 0.726938 0.856374
vt 0.726938 0.844091
vt 0.731098 0.844091
vt 0.782441 0.845954
vt 0.782440 0.822852
vt 0.794724 0.822852
vt 0.794724 0.845953
vt 0.007993 0.629544
vt 0.007593 0.628578
vt 0.025525 0.624021
vt 0.782441 0.898035
vt 0.782441 0.874934
vt 0.794724 0.874933
vt 0.794724 0.898035
vt 0.794724 0.860444
vt 0.794724 0.864066
vt 0.782441 0.864066
vt 0.782441 0.860444
vt 0.794724 0.867689
vt 0.782441 0.867689
vt 0.794724 0.871311
vt 0.782441 0.871311
vt 0.794724 0.849576
vt 0.782441 0.849576
vt 0.794724 0.853199
vt 0.782441 0.853199
vt 0.794724 0.856821
vt 0.782441 0.856821
vt 0.477142 0.002417
vt 0.483706 0.005137
vt 0.486424 0.011703
vt 0.032090 0.626741
vt 0.034102 0.629753
vt 0.034101 0.636859
vt 0.459609 0.007940
vt 0.459209 0.006973
vt 0.751204 0.856373
vt 0.747001 0.856373
vt 0.747000 0.844090
vt 0.751204 0.844090
vt 0.755364 0.856373
vt 0.755363 0.844090
vt 0.744909 0.856374
vt 0.737394 0.856374
vt 0.737393 0.844090
vt 0.744908 0.844090
vt 0.745954 0.844090
vt 0.745955 0.856373
vt 0.735301 0.844091
vt 0.736347 0.844091
vt 0.736348 0.856374
vt 0.735301 0.856374
vt 0.955277 0.973045
vt 0.955283 0.949943
vt 0.959839 0.967877
vt 0.007992 0.637059
vt 0.025522 0.642589
vt 0.960805 0.967476
vt 0.973851 0.949948
vt 0.973845 0.973050
vt 0.969286 0.967879
vt 0.969686 0.973049
vt 0.969687 0.968846
vt 0.959438 0.968843
vt 0.959437 0.973046
vt 0.968320 0.967478
vt 0.417628 0.673114
vt 0.424194 0.670396
vt 0.430758 0.673117
vt 0.432770 0.676130
vt 0.964570 0.940662
vt 0.971134 0.943382
vt 0.973145 0.946395
vt 0.029078 0.624728
vt 0.955990 0.946391
vt 0.414901 0.702780
vt 0.414907 0.679678
vt 0.419463 0.697611
vt 0.459607 0.015455
vt 0.477138 0.020985
vt 0.420429 0.697211
vt 0.433476 0.679683
vt 0.433469 0.702785
vt 0.428910 0.697614
vt 0.429309 0.702783
vt 0.429311 0.698580
vt 0.419062 0.698577
vt 0.419061 0.702781
vt 0.427944 0.697213
vt 0.002421 0.642585
vt 0.007591 0.638026
vt 0.002421 0.638425
vt 0.006625 0.638426
vt 0.002423 0.628177
vt 0.002424 0.624017
vt 0.006626 0.628177
vt 0.480691 0.020279
vt 0.480694 0.003124
vt 0.485718 0.008150
vt 0.485716 0.015255
vt 0.483703 0.018267
vt 0.034808 0.633306
vt 0.032088 0.639871
vt 0.029075 0.641883
vt 0.454036 0.020980
vt 0.459207 0.016421
vt 0.454037 0.016820
vt 0.458240 0.016821
vt 0.454039 0.006572
vt 0.454040 0.002412
vt 0.458242 0.006573
vt 0.020165 0.966805
vt 0.032449 0.966803
vt 0.032449 0.970964
vt 0.020166 0.970965
vt 0.839238 0.903888
vt 0.851522 0.903888
vt 0.851523 0.926989
vt 0.839239 0.926990
vt 0.839236 0.851806
vt 0.851519 0.851806
vt 0.851520 0.874908
vt 0.839237 0.874908
vt 0.851521 0.889398
vt 0.839237 0.889398
vt 0.839237 0.885776
vt 0.851521 0.885775
vt 0.839237 0.882153
vt 0.851521 0.882153
vt 0.839237 0.878531
vt 0.851520 0.878530
vt 0.839238 0.900266
vt 0.851521 0.900265
vt 0.839238 0.896643
vt 0.851521 0.896643
vt 0.839238 0.893021
vt 0.851521 0.893020
vt 0.319246 0.817770
vt 0.324270 0.822795
vt 0.324269 0.829901
vt 0.378215 0.406717
vt 0.381226 0.404703
vt 0.388332 0.404702
vt 0.020163 0.946699
vt 0.032446 0.946698
vt 0.032447 0.950901
vt 0.020163 0.950903
vt 0.020162 0.942539
vt 0.032446 0.942538
vt 0.020163 0.952995
vt 0.032447 0.952993
vt 0.032448 0.960508
vt 0.020164 0.960510
vt 0.020163 0.951948
vt 0.032447 0.951947
vt 0.032448 0.962600
vt 0.020165 0.962602
vt 0.020164 0.961556
vt 0.032448 0.961554
vt 0.802183 0.903935
vt 0.806343 0.903936
vt 0.806341 0.916219
vt 0.802181 0.916219
vt 0.319632 0.854438
vt 0.296531 0.854438
vt 0.296531 0.842154
vt 0.319633 0.842155
vt 0.099704 0.961578
vt 0.099303 0.960612
vt 0.117235 0.956051
vt 0.371714 0.854440
vt 0.348612 0.854439
vt 0.348613 0.842156
vt 0.371715 0.842156
vt 0.334123 0.842155
vt 0.337745 0.842155
vt 0.337745 0.854439
vt 0.334122 0.854439
vt 0.341368 0.842156
vt 0.341367 0.854439
vt 0.344990 0.842156
vt 0.344990 0.854439
vt 0.323255 0.842155
vt 0.323255 0.854439
vt 0.326878 0.842155
vt 0.326877 0.854439
vt 0.330500 0.842155
vt 0.330500 0.854439
vt 0.812158 0.336374
vt 0.794296 0.339925
vt 0.803581 0.330642
vt 0.799821 0.357457
vt 0.798854 0.357858
vt 0.782077 0.903932
vt 0.786280 0.903933
vt 0.786279 0.916217
vt 0.782075 0.916216
vt 0.777917 0.903932
vt 0.777915 0.916215
vt 0.788372 0.903933
vt 0.795887 0.903934
vt 0.795886 0.916218
vt 0.788371 0.916217
vt 0.787324 0.916217
vt 0.787326 0.903933
vt 0.797978 0.916218
vt 0.796932 0.916218
vt 0.796933 0.903935
vt 0.797979 0.903935
vt 0.375502 0.436384
vt 0.375497 0.413282
vt 0.380061 0.431213
vt 0.315692 0.835632
vt 0.298160 0.830104
vt 0.298161 0.822589
vt 0.315693 0.817064
vt 0.381028 0.430813
vt 0.394065 0.413278
vt 0.394070 0.436380
vt 0.389509 0.431211
vt 0.389910 0.436381
vt 0.389909 0.432178
vt 0.379661 0.432180
vt 0.379662 0.436383
vt 0.388542 0.430811
vt 0.322258 0.819783
vt 0.324977 0.826348
vt 0.322257 0.832913
vt 0.319245 0.834926
vt 0.384779 0.403996
vt 0.391345 0.406714
vt 0.393358 0.409725
vt 0.125813 0.968888
vt 0.120789 0.973913
vt 0.120788 0.956758
vt 0.376203 0.409729
vt 0.292591 0.817062
vt 0.297761 0.821623
vt 0.099704 0.969093
vt 0.117236 0.974620
vt 0.292590 0.835630
vt 0.297760 0.831071
vt 0.292590 0.831471
vt 0.296794 0.831471
vt 0.296794 0.821222
vt 0.292591 0.821222
vt 0.807336 0.357458
vt 0.812865 0.339927
vt 0.094134 0.974620
vt 0.099303 0.970060
vt 0.094134 0.970460
vt 0.098337 0.970460
vt 0.094134 0.960211
vt 0.094134 0.956052
vt 0.098337 0.960211
vt 0.795003 0.336372
vt 0.797016 0.333360
vt 0.800028 0.331348
vt 0.807134 0.331349
vt 0.810146 0.333362
vt 0.125813 0.961782
vt 0.126520 0.965335
vt 0.123800 0.971900
vt 0.123800 0.958770
vt 0.812862 0.363029
vt 0.808302 0.357859
vt 0.808702 0.363028
vt 0.808703 0.358825
vt 0.798454 0.363027
vt 0.794294 0.363027
vt 0.798454 0.358824
vt 0.769031 0.073400
vt 0.774182 0.068285
vt 0.774710 0.070135
vt 0.770877 0.073941
vt 0.876761 0.277128
vt 0.877583 0.277309
vt 0.876739 0.282625
vt 0.875941 0.282553
vt 0.878202 0.282781
vt 0.878958 0.282857
vt 0.878594 0.288248
vt 0.877848 0.288223
vt 0.781257 0.069909
vt 0.779975 0.071343
vt 0.025629 0.473059
vt 0.025629 0.465800
vt 0.026797 0.465800
vt 0.026797 0.473059
vt 0.877310 0.282689
vt 0.877089 0.288211
vt 0.876286 0.288195
vt 0.878299 0.277450
vt 0.770755 0.006539
vt 0.768643 0.006539
vt 0.768643 0.002414
vt 0.770755 0.002414
vt 0.025630 0.451282
vt 0.025630 0.444024
vt 0.026798 0.444024
vt 0.026798 0.451283
vt 0.025629 0.458541
vt 0.026797 0.458541
vt 0.025628 0.480318
vt 0.026796 0.480318
vt 0.025630 0.436765
vt 0.026798 0.436765
vt 0.879298 0.288275
vt 0.879290 0.293254
vt 0.878649 0.293320
vt 0.880405 0.298597
vt 0.879611 0.298751
vt 0.881616 0.304852
vt 0.880866 0.305247
vt 0.880959 0.272560
vt 0.881534 0.272913
vt 0.880247 0.277816
vt 0.879620 0.277703
vt 0.879739 0.282931
vt 0.875499 0.288207
vt 0.770606 0.080486
vt 0.772049 0.079214
vt 0.783662 0.076758
vt 0.781765 0.076440
vt 0.779155 0.082448
vt 0.771937 0.081676
vt 0.773040 0.080100
vt 0.778411 0.080675
vt 0.878967 0.277582
vt 0.878288 0.271936
vt 0.878914 0.272289
vt 0.879498 0.272262
vt 0.880071 0.272576
vt 0.876067 0.299328
vt 0.877011 0.299201
vt 0.878309 0.305488
vt 0.877511 0.305870
vt 0.877818 0.299070
vt 0.879308 0.305570
vt 0.878717 0.298917
vt 0.880040 0.305189
vt 0.875900 0.293520
vt 0.876635 0.293477
vt 0.877219 0.293438
vt 0.877872 0.293386
vt 0.130716 0.438936
vt 0.128673 0.435212
vt 0.134962 0.438837
vt 0.126636 0.438938
vt 0.122390 0.438845
vt 0.124598 0.442473
vt 0.122394 0.446104
vt 0.126641 0.446005
vt 0.128683 0.449729
vt 0.130721 0.446002
vt 0.134967 0.446095
vt 0.132758 0.442468
vt 0.747524 0.006540
vt 0.745412 0.006540
vt 0.745412 0.002414
vt 0.747524 0.002414
vt 0.758083 0.006540
vt 0.755971 0.006540
vt 0.755971 0.002414
vt 0.758083 0.002414
vt 0.764419 0.006540
vt 0.762307 0.006539
vt 0.762307 0.002414
vt 0.764419 0.002414
vt 0.751748 0.006540
vt 0.749636 0.006540
vt 0.749636 0.002414
vt 0.751748 0.002414
vt 0.760195 0.006539
vt 0.760195 0.002414
vt 0.766531 0.006539
vt 0.766531 0.002414
vt 0.753860 0.006540
vt 0.753859 0.002414
vt 0.852839 0.150586
vt 0.854684 0.150044
vt 0.858519 0.153848
vt 0.857992 0.155698
vt 0.146062 0.430768
vt 0.146764 0.437310
vt 0.145851 0.437318
vt 0.145071 0.430930
vt 0.144048 0.437390
vt 0.144202 0.443358
vt 0.143426 0.443361
vt 0.143045 0.437445
vt 0.863784 0.152637
vt 0.865066 0.154070
vt 0.524174 0.002412
vt 0.524175 0.003580
vt 0.516916 0.003582
vt 0.516915 0.002414
vt 0.145060 0.437348
vt 0.144983 0.443388
vt 0.145687 0.443423
vt 0.144203 0.431073
vt 0.116130 0.006535
vt 0.116131 0.002410
vt 0.118243 0.002410
vt 0.118242 0.006535
vt 0.172153 0.025577
vt 0.172153 0.026745
vt 0.164894 0.026747
vt 0.164894 0.025579
vt 0.751804 0.029438
vt 0.751804 0.030606
vt 0.744545 0.030606
vt 0.744545 0.029438
vt 0.531433 0.002410
vt 0.531433 0.003578
vt 0.737286 0.030606
vt 0.737286 0.029438
vt 0.157635 0.026749
vt 0.157635 0.025581
vt 0.143296 0.448238
vt 0.142731 0.448196
vt 0.142640 0.443378
vt 0.142614 0.452652
vt 0.141994 0.452511
vt 0.141181 0.457479
vt 0.140645 0.457130
vt 0.141409 0.425124
vt 0.142600 0.431325
vt 0.141863 0.431429
vt 0.140575 0.425571
vt 0.142239 0.437493
vt 0.146413 0.443476
vt 0.854409 0.143499
vt 0.855853 0.144770
vt 0.865571 0.147539
vt 0.867467 0.147220
vt 0.862957 0.141532
vt 0.862214 0.143306
vt 0.856843 0.143884
vt 0.855740 0.142308
vt 0.143398 0.431209
vt 0.144465 0.424394
vt 0.143579 0.424858
vt 0.142879 0.424813
vt 0.142183 0.425178
vt 0.145225 0.453176
vt 0.144124 0.458111
vt 0.143525 0.457822
vt 0.144539 0.453038
vt 0.142768 0.457884
vt 0.143899 0.452917
vt 0.142025 0.457485
vt 0.143193 0.452778
vt 0.145803 0.448502
vt 0.145046 0.448411
vt 0.144542 0.448355
vt 0.143974 0.448299
vt 0.784776 0.334450
vt 0.783187 0.337203
vt 0.781147 0.336657
vt 0.788406 0.340737
vt 0.785227 0.340737
vt 0.784681 0.338697
vt 0.784777 0.347023
vt 0.783188 0.344270
vt 0.784681 0.342777
vt 0.777518 0.347023
vt 0.779108 0.344270
vt 0.781148 0.344817
vt 0.773888 0.340737
vt 0.777067 0.340737
vt 0.777614 0.342777
vt 0.777517 0.334451
vt 0.779107 0.337204
vt 0.777614 0.338697
vt 0.139361 0.006538
vt 0.139362 0.002412
vt 0.141474 0.002413
vt 0.141473 0.006538
vt 0.128802 0.006537
vt 0.128802 0.002411
vt 0.130914 0.002412
vt 0.130914 0.006537
vt 0.122466 0.006536
vt 0.122466 0.002411
vt 0.124578 0.002411
vt 0.124578 0.006536
vt 0.135137 0.006537
vt 0.135138 0.002412
vt 0.137250 0.002412
vt 0.137249 0.006537
vt 0.126690 0.002411
vt 0.126690 0.006536
vt 0.120354 0.002410
vt 0.120354 0.006536
vt 0.133026 0.002412
vt 0.133025 0.006537
vt 0.349114 0.117661
vt 0.349115 0.123478
vt 0.344078 0.126388
vt 0.339040 0.123481
vt 0.339038 0.117664
vt 0.055038 0.022750
vt 0.051097 0.023808
vt 0.049265 0.016984
vt 0.056092 0.018809
vt 0.132210 0.440428
vt 0.128675 0.438391
vt 0.125144 0.440433
vt 0.125146 0.444513
vt 0.128681 0.446550
vt 0.132213 0.444508
vt 0.820485 0.015933
vt 0.822311 0.016995
vt 0.823361 0.018827
vt 0.823355 0.020939
vt 0.822294 0.022765
vt 0.820462 0.023815
vt 0.815473 0.020915
vt 0.818350 0.023809
vt 0.816524 0.022747
vt 0.815480 0.018804
vt 0.816541 0.016978
vt 0.818373 0.015927
vt 0.344075 0.114754
vt 0.875745 0.170784
vt 0.869928 0.170786
vt 0.867019 0.165749
vt 0.869926 0.160710
vt 0.875743 0.160709
vt 0.049268 0.022754
vt 0.048211 0.020925
vt 0.048210 0.018813
vt 0.051093 0.015927
vt 0.053205 0.015925
vt 0.055034 0.016980
vt 0.056093 0.020921
vt 0.053209 0.023807
vt 0.878653 0.165746
vt 0.047739 0.832806
vt 0.047677 0.825645
vt 0.049974 0.826027
vt 0.050065 0.832368
vt 0.050056 0.818873
vt 0.052068 0.819991
vt 0.054262 0.821164
vt 0.052383 0.826390
vt 0.052388 0.831945
vt 0.054917 0.826823
vt 0.054857 0.831519
vt 0.056419 0.822376
vt 0.812540 0.828763
vt 0.814041 0.833196
vt 0.811891 0.834411
vt 0.809989 0.829181
vt 0.812550 0.824071
vt 0.810097 0.823631
vt 0.807650 0.829565
vt 0.807704 0.823227
vt 0.809708 0.835586
vt 0.047967 0.817680
vt 0.052935 0.811415
vt 0.054502 0.813174
vt 0.045239 0.825244
vt 0.067576 0.805500
vt 0.067690 0.807854
vt 0.060719 0.809404
vt 0.059793 0.807119
vt 0.807956 0.816212
vt 0.805426 0.822788
vt 0.803097 0.822298
vt 0.805948 0.814998
vt 0.807694 0.836708
vt 0.805304 0.829944
vt 0.056106 0.814982
vt 0.057778 0.816875
vt 0.059436 0.818774
vt 0.817066 0.836785
vt 0.815415 0.838686
vt 0.813749 0.840581
vt 0.831372 0.806510
vt 0.825416 0.805866
vt 0.825360 0.803567
vt 0.831824 0.804196
vt 0.812152 0.842393
vt 0.061599 0.811577
vt 0.062500 0.813882
vt 0.063480 0.816242
vt 0.821113 0.839303
vt 0.820141 0.841663
vt 0.819246 0.843969
vt 0.802865 0.830338
vt 0.067802 0.847401
vt 0.061724 0.846188
vt 0.062543 0.843919
vt 0.067851 0.845036
vt 0.818374 0.846143
vt 0.067798 0.810167
vt 0.067913 0.812591
vt 0.068108 0.815152
vt 0.825741 0.840380
vt 0.825553 0.842939
vt 0.825445 0.845361
vt 0.074216 0.805989
vt 0.073808 0.808370
vt 0.818581 0.807218
vt 0.812430 0.810753
vt 0.810941 0.809000
vt 0.817730 0.804968
vt 0.825343 0.847673
vt 0.073151 0.810675
vt 0.072374 0.812997
vt 0.071939 0.815362
vt 0.829568 0.840158
vt 0.830009 0.842520
vt 0.830792 0.844839
vt 0.067708 0.851955
vt 0.067757 0.849658
vt 0.073705 0.848995
vt 0.074164 0.851305
vt 0.810590 0.844155
vt 0.805607 0.837905
vt 0.831455 0.847140
vt 0.407479 0.792370
vt 0.409201 0.790817
vt 0.410992 0.792309
vt 0.409561 0.793978
vt 0.073005 0.846767
vt 0.072187 0.844524
vt 0.413079 0.793421
vt 0.411750 0.795576
vt 0.977168 0.889731
vt 0.978680 0.889699
vt 0.978844 0.892203
vt 0.977051 0.892384
vt 0.829867 0.810991
vt 0.825525 0.810492
vt 0.825469 0.808125
vt 0.830679 0.808743
vt 0.060081 0.850580
vt 0.060924 0.848329
vt 0.979321 0.894594
vt 0.977012 0.895658
vt 0.417610 0.796104
vt 0.417623 0.799599
vt 0.414976 0.799774
vt 0.414998 0.795927
vt 0.409114 0.804823
vt 0.407402 0.803265
vt 0.409491 0.801656
vt 0.410912 0.803346
vt 0.411714 0.800073
vt 0.413019 0.802262
vt 0.980174 0.896803
vt 0.978343 0.898034
vt 0.981449 0.898748
vt 0.979717 0.900282
vt 0.415349 0.801534
vt 0.417820 0.801098
vt 0.972251 0.888989
vt 0.973696 0.889354
vt 0.973233 0.891926
vt 0.971540 0.891357
vt 0.972547 0.895123
vt 0.970541 0.893570
vt 0.415384 0.794180
vt 0.067974 0.842536
vt 0.071702 0.842231
vt 0.825657 0.812994
vt 0.829389 0.813288
vt 0.417816 0.794629
vt 0.821117 0.813951
vt 0.820215 0.811627
vt 0.063436 0.841594
vt 0.825236 0.850025
vt 0.817455 0.848429
vt 0.819389 0.809358
vt 0.053285 0.846572
vt 0.054767 0.844817
vt 0.056284 0.843012
vt 0.817115 0.816328
vt 0.815541 0.814439
vt 0.057865 0.841125
vt 0.059430 0.839233
vt 0.813953 0.812554
vt 0.048277 0.840593
vt 0.050282 0.839374
vt 0.052224 0.838230
vt 0.054332 0.837032
vt 0.056400 0.835805
vt 0.814092 0.819771
vt 0.812017 0.818546
vt 0.809898 0.817352
vt 0.045408 0.833292
vt 0.831869 0.849518
vt 0.408012 0.794566
vt 0.406220 0.793998
vt 0.407993 0.796026
vt 0.402723 0.795787
vt 0.976114 0.899348
vt 0.972587 0.898910
vt 0.970720 0.897130
vt 0.969213 0.895528
vt 0.968897 0.899028
vt 0.967538 0.897148
vt 0.379621 0.798299
vt 0.379763 0.795403
vt 0.402632 0.799514
vt 0.975473 0.904623
vt 0.971922 0.927344
vt 0.969054 0.926975
vt 0.971782 0.904119
vt 0.971137 0.898734
vt 0.970380 0.900455
vt 0.407942 0.799581
vt 0.966835 0.927262
vt 0.969249 0.929592
vt 0.968488 0.931232
vt 0.378982 0.800408
vt 0.375462 0.798244
vt 0.377029 0.797666
vt 0.377215 0.795919
vt 0.971006 0.929817
vt 0.971463 0.931437
vt 0.977397 0.906412
vt 0.973932 0.928177
vt 0.375537 0.795275
vt 0.379258 0.793257
vt 0.969441 0.905298
vt 0.977569 0.899517
vt 0.977924 0.901447
vt 0.407932 0.801046
vt 0.406051 0.801607
vt 0.978422 0.902938
vt 0.979789 0.902334
vt 0.401303 0.793582
vt 0.404919 0.793190
vt 0.405369 0.803558
vt 0.404621 0.802264
vt 0.969437 0.901661
vt 0.401056 0.801615
vt 0.392968 0.071263
vt 0.391335 0.068422
vt 0.392972 0.069371
vt 0.391327 0.072206
vt 0.389694 0.069365
vt 0.389690 0.071257
vt 0.100261 0.069981
vt 0.097423 0.071620
vt 0.098368 0.069981
vt 0.098369 0.073259
vt 0.101207 0.071619
vt 0.100262 0.073258
vt 0.115283 0.821099
vt 0.114848 0.825336
vt 0.112934 0.825267
vt 0.112964 0.820926
vt 0.117515 0.821415
vt 0.116883 0.825580
vt 0.119778 0.821768
vt 0.119125 0.825898
vt 0.108404 0.821349
vt 0.108978 0.825527
vt 0.106727 0.825812
vt 0.106134 0.821669
vt 0.110642 0.821065
vt 0.111018 0.825310
vt 0.114547 0.829275
vt 0.112909 0.829264
vt 0.116501 0.829392
vt 0.118692 0.829625
vt 0.109308 0.829352
vt 0.107105 0.829553
vt 0.111269 0.829257
vt 0.114517 0.832960
vt 0.112894 0.832950
vt 0.116235 0.832999
vt 0.118478 0.833110
vt 0.109540 0.832988
vt 0.107264 0.833059
vt 0.111268 0.832952
vt 0.114435 0.836536
vt 0.112890 0.836498
vt 0.116319 0.836563
vt 0.118511 0.836614
vt 0.109472 0.836529
vt 0.107360 0.836567
vt 0.111350 0.836524
vt 0.114417 0.840047
vt 0.112867 0.840036
vt 0.116098 0.840053
vt 0.118276 0.840041
vt 0.109579 0.839983
vt 0.107398 0.840023
vt 0.111371 0.840046
vt 0.114447 0.843538
vt 0.112928 0.843545
vt 0.116272 0.843470
vt 0.118325 0.843354
vt 0.109613 0.843425
vt 0.107522 0.843359
vt 0.111350 0.843541
vt 0.114685 0.847114
vt 0.112919 0.847171
vt 0.116521 0.846956
vt 0.118483 0.846841
vt 0.109326 0.846939
vt 0.107369 0.846825
vt 0.111148 0.847108
vt 0.114662 0.873671
vt 0.112875 0.873602
vt 0.116438 0.873822
vt 0.118413 0.873917
vt 0.109309 0.873809
vt 0.107333 0.873896
vt 0.111087 0.873665
vt 0.114430 0.877227
vt 0.112870 0.877238
vt 0.116186 0.877340
vt 0.118296 0.877392
vt 0.109549 0.877332
vt 0.107434 0.877376
vt 0.111309 0.877224
vt 0.114460 0.880768
vt 0.112869 0.880777
vt 0.116263 0.880816
vt 0.118450 0.880783
vt 0.109466 0.880821
vt 0.107263 0.880780
vt 0.111277 0.880772
vt 0.114447 0.884405
vt 0.112880 0.884416
vt 0.116414 0.884368
vt 0.118648 0.884356
vt 0.109329 0.884415
vt 0.107038 0.884389
vt 0.111311 0.884423
vt 0.114522 0.888109
vt 0.112905 0.888142
vt 0.116404 0.888002
vt 0.118704 0.887983
vt 0.109421 0.888046
vt 0.107164 0.888018
vt 0.111292 0.888126
vt 0.114599 0.891840
vt 0.112917 0.891864
vt 0.116452 0.891676
vt 0.118689 0.891519
vt 0.109389 0.891685
vt 0.107166 0.891526
vt 0.111237 0.891845
vt 0.114826 0.895740
vt 0.112919 0.895795
vt 0.116836 0.895508
vt 0.119065 0.895215
vt 0.109006 0.895506
vt 0.106783 0.895211
vt 0.111014 0.895739
vt 0.115219 0.899848
vt 0.112917 0.900006
vt 0.117430 0.899546
vt 0.119673 0.899210
vt 0.108408 0.899539
vt 0.106168 0.899199
vt 0.110616 0.899844
vt 0.184928 0.942658
vt 0.157936 0.942892
vt 0.157696 0.940021
vt 0.185128 0.939742
vt 0.185191 0.951770
vt 0.157751 0.951623
vt 0.157958 0.948763
vt 0.184952 0.948838
vt 0.184768 0.945747
vt 0.158112 0.945828
vt 0.154709 0.945843
vt 0.154666 0.943131
vt 0.154656 0.951480
vt 0.154693 0.948554
vt 0.154598 0.940200
vt 0.151537 0.948595
vt 0.151330 0.945861
vt 0.151507 0.943124
vt 0.151948 0.951539
vt 0.151886 0.940173
vt 0.148113 0.949285
vt 0.147184 0.945884
vt 0.148075 0.942472
vt 0.149315 0.952235
vt 0.149243 0.939507
vt 0.083380 0.968417
vt 0.083343 0.964079
vt 0.086204 0.963854
vt 0.086939 0.967431
vt 0.076704 0.966275
vt 0.077398 0.963511
vt 0.080478 0.963903
vt 0.079806 0.967493
vt 0.089276 0.963407
vt 0.090019 0.966159
vt 0.080473 0.960605
vt 0.083312 0.960551
vt 0.086152 0.960556
vt 0.077428 0.960680
vt 0.089197 0.960578
vt 0.080188 0.957204
vt 0.083281 0.957006
vt 0.080119 0.930217
vt 0.083051 0.930357
vt 0.077258 0.957456
vt 0.086377 0.957150
vt 0.089312 0.957351
vt 0.085979 0.930167
vt 0.077260 0.930023
vt 0.088833 0.929923
vt 0.080315 0.926954
vt 0.083023 0.926961
vt 0.085728 0.926909
vt 0.077390 0.926928
vt 0.088649 0.926834
vt 0.080266 0.923799
vt 0.082995 0.923589
vt 0.085727 0.923758
vt 0.077320 0.924221
vt 0.088671 0.924129
vt 0.079576 0.920390
vt 0.082963 0.919455
vt 0.086368 0.920334
vt 0.076675 0.921585
vt 0.089328 0.921492
vt 0.195224 0.949241
vt 0.191649 0.948568
vt 0.191830 0.945709
vt 0.196151 0.945682
vt 0.191614 0.942854
vt 0.195178 0.942136
vt 0.194013 0.952291
vt 0.191247 0.951651
vt 0.191173 0.939780
vt 0.193928 0.939104
vt 0.188352 0.948566
vt 0.188307 0.945729
vt 0.188321 0.942895
vt 0.188417 0.951611
vt 0.188347 0.939856
vt 0.935079 0.935958
vt 0.934789 0.908972
vt 0.937660 0.908726
vt 0.937996 0.936153
vt 0.925971 0.936240
vt 0.926059 0.908805
vt 0.928919 0.909006
vt 0.928901 0.935996
vt 0.931991 0.935805
vt 0.931854 0.909153
vt 0.931831 0.905752
vt 0.934543 0.905703
vt 0.926196 0.905710
vt 0.929121 0.905741
vt 0.937474 0.905628
vt 0.929073 0.902585
vt 0.931807 0.902373
vt 0.934544 0.902544
vt 0.926131 0.903003
vt 0.937495 0.902916
vt 0.928376 0.899164
vt 0.931775 0.898227
vt 0.935189 0.899110
vt 0.925429 0.900371
vt 0.938156 0.900272
vt 0.286522 0.286974
vt 0.286557 0.282642
vt 0.289418 0.282465
vt 0.290093 0.286051
vt 0.279892 0.284720
vt 0.280634 0.281973
vt 0.283701 0.282418
vt 0.282968 0.285991
vt 0.292496 0.282070
vt 0.293192 0.284831
vt 0.283751 0.279127
vt 0.286585 0.279119
vt 0.289421 0.279170
vt 0.280714 0.279149
vt 0.292464 0.279241
vt 0.283521 0.275735
vt 0.286610 0.275582
vt 0.283808 0.248753
vt 0.286743 0.248934
vt 0.280605 0.275930
vt 0.289699 0.275772
vt 0.292629 0.276017
vt 0.289677 0.248787
vt 0.280938 0.248507
vt 0.292537 0.248585
vt 0.284053 0.245484
vt 0.286765 0.245533
vt 0.289475 0.245522
vt 0.281123 0.245410
vt 0.292400 0.245491
vt 0.284052 0.242326
vt 0.286789 0.242155
vt 0.289522 0.242366
vt 0.281101 0.242698
vt 0.292464 0.242783
vt 0.283407 0.238893
vt 0.286820 0.238010
vt 0.290219 0.238945
vt 0.280440 0.240055
vt 0.293165 0.240152
vt 0.928506 0.946270
vt 0.929180 0.942687
vt 0.932040 0.942867
vt 0.932073 0.947193
vt 0.934896 0.942647
vt 0.935621 0.946212
vt 0.925409 0.945051
vt 0.926104 0.942292
vt 0.937971 0.942199
vt 0.938652 0.944955
vt 0.929178 0.939393
vt 0.932015 0.939343
vt 0.934850 0.939352
vt 0.926137 0.939464
vt 0.937889 0.939373
vt 0.305422 0.963894
vt 0.278430 0.964129
vt 0.278190 0.961258
vt 0.305622 0.960978
vt 0.305685 0.973006
vt 0.278245 0.972860
vt 0.278452 0.970000
vt 0.305446 0.970074
vt 0.305262 0.966983
vt 0.278606 0.967065
vt 0.275203 0.967081
vt 0.275160 0.964368
vt 0.275151 0.972717
vt 0.275187 0.969791
vt 0.275091 0.961437
vt 0.272031 0.969833
vt 0.271824 0.967098
vt 0.272001 0.964361
vt 0.272442 0.972776
vt 0.272379 0.961410
vt 0.268608 0.970523
vt 0.267678 0.967121
vt 0.268569 0.963709
vt 0.269809 0.973472
vt 0.269736 0.960744
vt 0.806536 0.898920
vt 0.806499 0.894583
vt 0.809360 0.894358
vt 0.810094 0.897936
vt 0.799860 0.896777
vt 0.800554 0.894013
vt 0.803634 0.894406
vt 0.802961 0.897996
vt 0.812433 0.893912
vt 0.813174 0.896664
vt 0.803629 0.891108
vt 0.806469 0.891054
vt 0.809309 0.891060
vt 0.800585 0.891183
vt 0.812354 0.891083
vt 0.803346 0.887707
vt 0.806439 0.887509
vt 0.803282 0.860720
vt 0.806214 0.860860
vt 0.800415 0.887958
vt 0.809535 0.887655
vt 0.812469 0.887855
vt 0.809142 0.860671
vt 0.800423 0.860525
vt 0.811996 0.860427
vt 0.803479 0.857457
vt 0.806186 0.857465
vt 0.808892 0.857413
vt 0.800553 0.857431
vt 0.811813 0.857338
vt 0.803431 0.854302
vt 0.806160 0.854092
vt 0.808891 0.854262
vt 0.800484 0.854723
vt 0.811835 0.854633
vt 0.802741 0.850893
vt 0.806128 0.849958
vt 0.809533 0.850838
vt 0.799840 0.852087
vt 0.812493 0.851997
vt 0.315718 0.970477
vt 0.312144 0.969804
vt 0.312324 0.966945
vt 0.316645 0.966917
vt 0.312108 0.964090
vt 0.315672 0.963372
vt 0.314507 0.973527
vt 0.311741 0.972887
vt 0.311667 0.961016
vt 0.314422 0.960340
vt 0.308846 0.969803
vt 0.308801 0.966965
vt 0.308814 0.964131
vt 0.308911 0.972847
vt 0.308841 0.961093
vt 0.347527 0.658932
vt 0.374513 0.659232
vt 0.374710 0.662146
vt 0.347283 0.661804
vt 0.347350 0.650178
vt 0.374779 0.650152
vt 0.374549 0.653064
vt 0.347561 0.653053
vt 0.347709 0.655993
vt 0.374359 0.656147
vt 0.377890 0.656168
vt 0.377902 0.658999
vt 0.377996 0.650302
vt 0.377935 0.653337
vt 0.377929 0.662034
vt 0.381223 0.653331
vt 0.381408 0.656188
vt 0.381190 0.659042
vt 0.380820 0.650261
vt 0.380751 0.662108
vt 0.384802 0.652648
vt 0.385735 0.656213
vt 0.384761 0.659766
vt 0.383575 0.649558
vt 0.383498 0.662843
vt 0.309339 0.607949
vt 0.313671 0.607986
vt 0.313848 0.610847
vt 0.310261 0.611520
vt 0.311595 0.601320
vt 0.314342 0.602063
vt 0.313896 0.605129
vt 0.310323 0.604395
vt 0.314241 0.613925
vt 0.311480 0.614619
vt 0.317187 0.605180
vt 0.317194 0.608014
vt 0.317142 0.610851
vt 0.317166 0.602144
vt 0.317070 0.613893
vt 0.320579 0.604952
vt 0.320731 0.608040
vt 0.347561 0.605247
vt 0.347379 0.608181
vt 0.320385 0.602036
vt 0.320540 0.611130
vt 0.320295 0.614060
vt 0.347526 0.611116
vt 0.347808 0.602377
vt 0.347727 0.613975
vt 0.350830 0.605493
vt 0.350780 0.608205
vt 0.350790 0.610914
vt 0.350905 0.602563
vt 0.350821 0.613840
vt 0.353988 0.605493
vt 0.354158 0.608230
vt 0.353946 0.610963
vt 0.353616 0.602542
vt 0.353528 0.613905
vt 0.357421 0.604849
vt 0.358303 0.608262
vt 0.357367 0.611660
vt 0.356260 0.601882
vt 0.356159 0.614606
vt 0.337696 0.652525
vt 0.341124 0.653216
vt 0.340917 0.655954
vt 0.336766 0.655930
vt 0.341092 0.658694
vt 0.337657 0.659346
vt 0.338899 0.649571
vt 0.341536 0.650268
vt 0.341470 0.661647
vt 0.338825 0.662313
vt 0.344286 0.653259
vt 0.344300 0.655974
vt 0.344255 0.658688
vt 0.344249 0.650326
vt 0.344183 0.661621
vt 0.358800 0.967628
vt 0.331797 0.967638
vt 0.331567 0.964724
vt 0.359011 0.964751
vt 0.359078 0.976383
vt 0.331636 0.976725
vt 0.331832 0.973809
vt 0.358834 0.973509
vt 0.358653 0.970569
vt 0.331986 0.970723
vt 0.328454 0.970743
vt 0.328409 0.967910
vt 0.328415 0.976613
vt 0.328441 0.973575
vt 0.328348 0.964873
vt 0.325150 0.973616
vt 0.324935 0.970763
vt 0.325117 0.967907
vt 0.325590 0.976689
vt 0.325522 0.964830
vt 0.321588 0.974332
vt 0.320618 0.970788
vt 0.321547 0.967232
vt 0.322836 0.977363
vt 0.322760 0.964187
vt 0.477180 0.970772
vt 0.472862 0.970797
vt 0.472647 0.967944
vt 0.476209 0.967227
vt 0.475037 0.977372
vt 0.472275 0.976730
vt 0.472680 0.973652
vt 0.476250 0.974327
vt 0.472206 0.964871
vt 0.474961 0.964197
vt 0.469389 0.973650
vt 0.469343 0.970817
vt 0.469356 0.967985
vt 0.469450 0.976687
vt 0.469382 0.964947
vt 0.466001 0.973923
vt 0.465811 0.970838
vt 0.438997 0.973935
vt 0.439144 0.970993
vt 0.466231 0.976836
vt 0.465965 0.967752
vt 0.466161 0.964835
vt 0.438963 0.968054
vt 0.438786 0.976812
vt 0.438718 0.965180
vt 0.435720 0.973730
vt 0.435734 0.971013
vt 0.435688 0.968298
vt 0.435683 0.976666
vt 0.435617 0.965362
vt 0.432554 0.973770
vt 0.432349 0.971033
vt 0.432522 0.968294
vt 0.432968 0.976725
vt 0.432902 0.965334
vt 0.429136 0.974453
vt 0.428208 0.971057
vt 0.429096 0.967651
vt 0.430324 0.977364
vt 0.430250 0.964726
vt 0.368701 0.973913
vt 0.365275 0.973269
vt 0.365448 0.970530
vt 0.369589 0.970507
vt 0.365243 0.967793
vt 0.368662 0.967111
vt 0.367546 0.976837
vt 0.364895 0.976229
vt 0.364830 0.964838
vt 0.367474 0.964200
vt 0.362109 0.973266
vt 0.362063 0.970550
vt 0.362078 0.967834
vt 0.362180 0.976201
vt 0.362115 0.964898
vt 0.494571 0.970148
vt 0.521568 0.970115
vt 0.521818 0.973045
vt 0.494375 0.973009
vt 0.494274 0.961405
vt 0.521708 0.961017
vt 0.521519 0.963934
vt 0.494525 0.964276
vt 0.494713 0.967212
vt 0.521372 0.967025
vt 0.524911 0.966994
vt 0.524966 0.969831
vt 0.524930 0.961118
vt 0.524914 0.964158
vt 0.525043 0.972873
vt 0.528210 0.964105
vt 0.528435 0.966961
vt 0.528261 0.969823
vt 0.527756 0.961031
vt 0.527871 0.972900
vt 0.531775 0.963373
vt 0.532763 0.966920
vt 0.531846 0.970491
vt 0.530512 0.960344
vt 0.530633 0.973590
vt 0.824145 0.904724
vt 0.824140 0.900484
vt 0.826934 0.900286
vt 0.827625 0.903786
vt 0.817628 0.902586
vt 0.818325 0.899886
vt 0.821339 0.900291
vt 0.820656 0.903798
vt 0.829940 0.899875
vt 0.830643 0.902567
vt 0.821359 0.897061
vt 0.824144 0.897033
vt 0.826905 0.897064
vt 0.818371 0.897113
vt 0.829886 0.897111
vt 0.821112 0.893724
vt 0.824172 0.893564
vt 0.821050 0.866729
vt 0.824014 0.866903
vt 0.818221 0.893948
vt 0.827135 0.893737
vt 0.830034 0.893957
vt 0.827073 0.866743
vt 0.818150 0.866509
vt 0.829963 0.866519
vt 0.821281 0.863401
vt 0.824042 0.863433
vt 0.826827 0.863406
vt 0.818297 0.863355
vt 0.829813 0.863355
vt 0.821255 0.860177
vt 0.824048 0.859982
vt 0.826848 0.860178
vt 0.818243 0.860589
vt 0.829860 0.860583
vt 0.820573 0.856684
vt 0.824047 0.855749
vt 0.827532 0.856675
vt 0.817598 0.857888
vt 0.830557 0.857886
vt 0.484670 0.963906
vt 0.488094 0.964536
vt 0.487931 0.967272
vt 0.483797 0.967312
vt 0.488146 0.970003
vt 0.484736 0.970699
vt 0.485812 0.960981
vt 0.488463 0.961578
vt 0.488571 0.972951
vt 0.485934 0.973599
vt 0.491255 0.964529
vt 0.491310 0.967241
vt 0.491304 0.969951
vt 0.491176 0.961597
vt 0.491280 0.972879
vt 0.669695 0.801803
vt 0.642701 0.801752
vt 0.642484 0.798851
vt 0.669920 0.798914
vt 0.669916 0.810699
vt 0.642477 0.810693
vt 0.642713 0.807785
vt 0.669709 0.807816
vt 0.669534 0.804858
vt 0.642874 0.804719
vt 0.639398 0.804742
vt 0.639371 0.801978
vt 0.639304 0.810529
vt 0.639365 0.807533
vt 0.639329 0.798995
vt 0.636129 0.807546
vt 0.635941 0.804740
vt 0.636146 0.801943
vt 0.636526 0.810567
vt 0.636564 0.798936
vt 0.632614 0.808221
vt 0.631697 0.804725
vt 0.632644 0.801243
vt 0.633820 0.811256
vt 0.633870 0.798226
vt 0.769779 0.943716
vt 0.774013 0.943724
vt 0.774202 0.946518
vt 0.770707 0.947194
vt 0.771929 0.937211
vt 0.774626 0.937913
vt 0.774214 0.940924
vt 0.770712 0.940233
vt 0.774608 0.949532
vt 0.771906 0.950171
vt 0.777443 0.940952
vt 0.777464 0.943737
vt 0.777427 0.946499
vt 0.777397 0.937965
vt 0.777374 0.949483
vt 0.780780 0.940712
vt 0.780934 0.943772
vt 0.807779 0.940703
vt 0.807599 0.943666
vt 0.780562 0.937821
vt 0.780754 0.946736
vt 0.780529 0.949636
vt 0.807754 0.946727
vt 0.808004 0.937804
vt 0.807972 0.949619
vt 0.811105 0.940939
vt 0.811069 0.943699
vt 0.811093 0.946486
vt 0.811156 0.937959
vt 0.811139 0.949476
vt 0.814325 0.940915
vt 0.814521 0.943708
vt 0.814326 0.946508
vt 0.813919 0.937910
vt 0.813914 0.949529
vt 0.817823 0.940230
vt 0.818754 0.943708
vt 0.817825 0.947189
vt 0.816611 0.937212
vt 0.816622 0.950171
vt 0.679728 0.808311
vt 0.676243 0.807621
vt 0.676443 0.804833
vt 0.680670 0.804843
vt 0.676253 0.802036
vt 0.679754 0.801360
vt 0.678518 0.811277
vt 0.675824 0.810627
vt 0.675853 0.799026
vt 0.678550 0.798335
vt 0.673025 0.807589
vt 0.672997 0.804833
vt 0.673028 0.802052
vt 0.673063 0.810565
vt 0.673083 0.799067
vt 0.412664 0.968274
vt 0.385637 0.967887
vt 0.385448 0.964966
vt 0.412928 0.965391
vt 0.412819 0.977032
vt 0.385344 0.976981
vt 0.385583 0.974065
vt 0.412606 0.974161
vt 0.412467 0.971217
vt 0.385782 0.970977
vt 0.382246 0.970947
vt 0.382241 0.968110
vt 0.382122 0.976822
vt 0.382192 0.973783
vt 0.382223 0.965070
vt 0.378898 0.973779
vt 0.378721 0.970916
vt 0.378947 0.968058
vt 0.379294 0.976856
vt 0.379395 0.964988
vt 0.375311 0.974452
vt 0.374387 0.970879
vt 0.375372 0.967322
vt 0.376531 0.977553
vt 0.376646 0.964244
vt 0.668382 0.267677
vt 0.668407 0.263351
vt 0.671264 0.263166
vt 0.671946 0.266745
vt 0.661753 0.265441
vt 0.662487 0.262694
vt 0.665553 0.263133
vt 0.664829 0.266704
vt 0.674334 0.262763
vt 0.675037 0.265518
vt 0.665596 0.259845
vt 0.668428 0.259833
vt 0.671259 0.259878
vt 0.662561 0.259871
vt 0.674293 0.259939
vt 0.665363 0.256456
vt 0.668448 0.256302
vt 0.665664 0.229470
vt 0.668602 0.229652
vt 0.662449 0.256653
vt 0.671531 0.256492
vt 0.674443 0.256722
vt 0.671543 0.229504
vt 0.662792 0.229226
vt 0.674418 0.229293
vt 0.665907 0.226198
vt 0.668622 0.226243
vt 0.671337 0.226229
vt 0.662975 0.226126
vt 0.674270 0.226191
vt 0.665902 0.223035
vt 0.668642 0.222860
vt 0.671380 0.223067
vt 0.662948 0.223413
vt 0.674328 0.223479
vt 0.665250 0.219600
vt 0.668666 0.218709
vt 0.672071 0.219639
vt 0.662283 0.220768
vt 0.675025 0.220842
vt 0.422296 0.974666
vt 0.419012 0.974025
vt 0.419199 0.971297
vt 0.423346 0.971530
vt 0.419096 0.968587
vt 0.422574 0.968035
vt 0.421176 0.977553
vt 0.418616 0.976910
vt 0.418780 0.965616
vt 0.421468 0.965005
vt 0.415874 0.973967
vt 0.415868 0.971256
vt 0.415939 0.968542
vt 0.415916 0.976876
vt 0.416047 0.965596
vt 0.547468 0.973931
vt 0.574472 0.973916
vt 0.574702 0.976830
vt 0.547257 0.976807
vt 0.547188 0.965175
vt 0.574631 0.964829
vt 0.574435 0.967745
vt 0.547433 0.968049
vt 0.547615 0.970989
vt 0.574281 0.970832
vt 0.577814 0.970811
vt 0.577859 0.973643
vt 0.577851 0.964940
vt 0.577826 0.967978
vt 0.577921 0.976680
vt 0.581117 0.967937
vt 0.581333 0.970790
vt 0.581151 0.973646
vt 0.580676 0.964864
vt 0.580746 0.976723
vt 0.584679 0.967220
vt 0.585650 0.970764
vt 0.584721 0.974320
vt 0.583430 0.964190
vt 0.583508 0.977365
vt 0.009429 0.927178
vt 0.009403 0.931495
vt 0.006548 0.931677
vt 0.005873 0.928107
vt 0.016004 0.929397
vt 0.015329 0.932151
vt 0.012257 0.931710
vt 0.012973 0.928149
vt 0.003470 0.932082
vt 0.002828 0.929320
vt 0.012215 0.935001
vt 0.009383 0.935014
vt 0.006551 0.934968
vt 0.015253 0.934976
vt 0.003513 0.934907
vt 0.012448 0.938392
vt 0.009362 0.938547
vt 0.012146 0.965394
vt 0.009206 0.965213
vt 0.015365 0.938196
vt 0.006278 0.938356
vt 0.003364 0.938126
vt 0.006265 0.965360
vt 0.015020 0.965639
vt 0.003388 0.965571
vt 0.011902 0.968669
vt 0.009186 0.968623
vt 0.006470 0.968638
vt 0.014838 0.968740
vt 0.003534 0.968674
vt 0.011906 0.971835
vt 0.009167 0.972008
vt 0.006430 0.971803
vt 0.014866 0.971456
vt 0.003474 0.971389
vt 0.012549 0.975261
vt 0.009142 0.976149
vt 0.005747 0.975221
vt 0.015473 0.974107
vt 0.002836 0.974033
vt 0.537566 0.967647
vt 0.540992 0.968290
vt 0.540820 0.971029
vt 0.536679 0.971053
vt 0.541025 0.973766
vt 0.537606 0.974449
vt 0.538720 0.964722
vt 0.541371 0.965330
vt 0.541439 0.976721
vt 0.538795 0.977360
vt 0.544158 0.968293
vt 0.544204 0.971009
vt 0.544190 0.973725
vt 0.544087 0.965358
vt 0.544154 0.976661
vt 0.848209 0.968505
vt 0.821133 0.967964
vt 0.820961 0.965036
vt 0.848499 0.965626
vt 0.848329 0.977288
vt 0.820786 0.977078
vt 0.821043 0.974156
vt 0.848123 0.974402
vt 0.847993 0.971451
vt 0.821261 0.971063
vt 0.817716 0.971011
vt 0.817728 0.968168
vt 0.817557 0.976900
vt 0.817646 0.973854
vt 0.817729 0.965120
vt 0.814344 0.973830
vt 0.814184 0.970960
vt 0.814427 0.968096
vt 0.814722 0.976917
vt 0.814895 0.965021
vt 0.810744 0.974484
vt 0.809839 0.970897
vt 0.810848 0.967337
vt 0.811949 0.977599
vt 0.812143 0.964259
vt 0.944334 0.957367
vt 0.940005 0.957333
vt 0.939826 0.954476
vt 0.943407 0.953799
vt 0.942084 0.963994
vt 0.939338 0.963254
vt 0.939783 0.960188
vt 0.943353 0.960919
vt 0.939428 0.951404
vt 0.942186 0.950705
vt 0.936494 0.960139
vt 0.936486 0.957307
vt 0.936537 0.954475
vt 0.936515 0.963175
vt 0.936604 0.951440
vt 0.933104 0.960366
vt 0.932955 0.957280
vt 0.906111 0.960016
vt 0.906297 0.957077
vt 0.933295 0.963281
vt 0.933151 0.954197
vt 0.933387 0.951284
vt 0.906156 0.954136
vt 0.905861 0.962888
vt 0.905950 0.951259
vt 0.902837 0.959766
vt 0.902888 0.957051
vt 0.902879 0.954336
vt 0.902761 0.962700
vt 0.902847 0.951400
vt 0.899672 0.959764
vt 0.899504 0.957025
vt 0.899714 0.954290
vt 0.900046 0.962723
vt 0.900133 0.951336
vt 0.896246 0.960401
vt 0.895365 0.956994
vt 0.896298 0.953600
vt 0.897395 0.963327
vt 0.897491 0.950693
vt 0.857827 0.974794
vt 0.854534 0.974240
vt 0.854664 0.971548
vt 0.858797 0.971608
vt 0.854612 0.968853
vt 0.857920 0.968395
vt 0.856775 0.977676
vt 0.854173 0.977151
vt 0.854336 0.965934
vt 0.856952 0.965483
vt 0.851397 0.974211
vt 0.851390 0.971500
vt 0.851475 0.968791
vt 0.851450 0.977139
vt 0.851614 0.965866
vt 0.537681 0.814592
vt 0.537680 0.805476
vt 0.544602 0.805476
vt 0.544603 0.814592
vt 0.433850 0.814596
vt 0.433850 0.805481
vt 0.440772 0.805481
vt 0.440772 0.814596
vt 0.447694 0.805480
vt 0.447694 0.814596
vt 0.454616 0.805480
vt 0.454616 0.814596
vt 0.461538 0.805480
vt 0.461538 0.814595
vt 0.468460 0.805479
vt 0.468460 0.814595
vt 0.475382 0.805479
vt 0.475382 0.814595
vt 0.482304 0.805479
vt 0.482304 0.814594
vt 0.489226 0.805478
vt 0.489227 0.814594
vt 0.496148 0.805478
vt 0.496149 0.814594
vt 0.503070 0.805478
vt 0.503071 0.814593
vt 0.509992 0.805478
vt 0.509993 0.814593
vt 0.516914 0.805477
vt 0.516915 0.814593
vt 0.523836 0.805477
vt 0.523837 0.814592
vt 0.530758 0.805477
vt 0.530759 0.814592
vt 0.426928 0.814597
vt 0.426928 0.805481
vt 0.551525 0.805476
vt 0.551525 0.814591
vt 0.271034 0.457228
vt 0.275793 0.462894
vt 0.273502 0.464236
vt 0.269344 0.459267
vt 0.271312 0.465513
vt 0.267724 0.461211
vt 0.278327 0.469869
vt 0.275709 0.470348
vt 0.273199 0.470786
vt 0.278328 0.477296
vt 0.275704 0.476852
vt 0.273207 0.476391
vt 0.275782 0.484268
vt 0.273471 0.482952
vt 0.271284 0.481662
vt 0.271003 0.489945
vt 0.269282 0.487916
vt 0.267670 0.485956
vt 0.264567 0.493641
vt 0.263645 0.491146
vt 0.262800 0.488750
vt 0.257256 0.494916
vt 0.257240 0.492255
vt 0.257263 0.489713
vt 0.249943 0.493625
vt 0.250843 0.491112
vt 0.251721 0.488730
vt 0.243485 0.489880
vt 0.245234 0.487816
vt 0.246861 0.485870
vt 0.238778 0.484140
vt 0.241055 0.482842
vt 0.243255 0.481562
vt 0.236265 0.477206
vt 0.238874 0.476731
vt 0.241370 0.476283
vt 0.236258 0.469785
vt 0.238890 0.470233
vt 0.241397 0.470667
vt 0.238814 0.462758
vt 0.241155 0.464125
vt 0.243357 0.465388
vt 0.243666 0.457114
vt 0.245343 0.459143
vt 0.246983 0.461096
vt 0.250109 0.453429
vt 0.251010 0.455966
vt 0.251872 0.458342
vt 0.257417 0.452244
vt 0.257400 0.454857
vt 0.257389 0.457403
vt 0.264650 0.453533
vt 0.263760 0.456016
vt 0.262890 0.458382
vt 0.237979 0.306918
vt 0.237979 0.305034
vt 0.243462 0.305033
vt 0.243462 0.306918
vt 0.261957 0.470877
vt 0.260768 0.469450
vt 0.262586 0.472625
vt 0.262581 0.474482
vt 0.261939 0.476228
vt 0.260738 0.477650
vt 0.259122 0.478575
vt 0.257287 0.478892
vt 0.255455 0.478560
vt 0.253847 0.477622
vt 0.252657 0.476190
vt 0.252030 0.474438
vt 0.252039 0.472577
vt 0.252685 0.470833
vt 0.253889 0.469414
vt 0.255505 0.468495
vt 0.257336 0.468183
vt 0.259164 0.468515
vt 0.237979 0.312573
vt 0.237979 0.310688
vt 0.243462 0.310688
vt 0.243462 0.312573
vt 0.237978 0.291840
vt 0.237978 0.289955
vt 0.243461 0.289955
vt 0.243461 0.291840
vt 0.237978 0.303149
vt 0.243462 0.303149
vt 0.237978 0.288070
vt 0.243461 0.288070
vt 0.237978 0.301264
vt 0.243462 0.301264
vt 0.237978 0.286185
vt 0.243461 0.286185
vt 0.237978 0.299379
vt 0.243461 0.299379
vt 0.237979 0.320112
vt 0.237979 0.318227
vt 0.243462 0.318227
vt 0.243462 0.320112
vt 0.237978 0.297494
vt 0.243461 0.297494
vt 0.237979 0.316343
vt 0.243462 0.316342
vt 0.237978 0.295609
vt 0.243461 0.295609
vt 0.237979 0.308803
vt 0.243462 0.308803
vt 0.237979 0.314458
vt 0.243462 0.314458
vt 0.237978 0.293724
vt 0.243461 0.293724
vt 0.432579 0.314222
vt 0.437887 0.309779
vt 0.444394 0.307419
vt 0.451317 0.307427
vt 0.457818 0.309802
vt 0.463116 0.314257
vt 0.466554 0.333890
vt 0.466570 0.320256
vt 0.467764 0.327074
vt 0.463087 0.339880
vt 0.457779 0.344324
vt 0.451272 0.346684
vt 0.444349 0.346676
vt 0.437848 0.344301
vt 0.432550 0.339846
vt 0.429096 0.333847
vt 0.427902 0.327029
vt 0.429112 0.320213
vt 0.066243 0.095529
vt 0.065597 0.093759
vt 0.065595 0.091874
vt 0.066238 0.090102
vt 0.067449 0.088657
vt 0.069080 0.087713
vt 0.070936 0.087384
vt 0.072792 0.087710
vt 0.074425 0.088651
vt 0.075638 0.090093
vt 0.076285 0.091864
vt 0.076286 0.093749
vt 0.075644 0.095521
vt 0.074433 0.096966
vt 0.069089 0.097913
vt 0.072802 0.097910
vt 0.070946 0.098239
vt 0.067456 0.096972
vt 0.955499 0.599976
vt 0.955527 0.587649
vt 0.960938 0.587623
vt 0.961616 0.599297
vt 0.949487 0.599081
vt 0.950048 0.587599
vt 0.943382 0.598289
vt 0.944001 0.587396
vt 0.966846 0.587373
vt 0.967634 0.598188
vt 0.955495 0.577697
vt 0.960911 0.577674
vt 0.949945 0.577703
vt 0.943882 0.577668
vt 0.966982 0.577622
vt 0.955465 0.567976
vt 0.960810 0.567911
vt 0.950071 0.567971
vt 0.944139 0.567968
vt 0.966680 0.567896
vt 0.955432 0.557529
vt 0.960798 0.557494
vt 0.950056 0.557538
vt 0.944296 0.557549
vt 0.966511 0.557496
vt 0.955406 0.545814
vt 0.960800 0.545792
vt 0.950018 0.545814
vt 0.944393 0.545819
vt 0.966403 0.545788
vt 0.955388 0.532572
vt 0.960789 0.532556
vt 0.949998 0.532564
vt 0.944468 0.532561
vt 0.966312 0.532546
vt 0.955376 0.517762
vt 0.960768 0.517750
vt 0.949995 0.517751
vt 0.944530 0.517744
vt 0.966232 0.517739
vt 0.955367 0.501450
vt 0.960743 0.501442
vt 0.950000 0.501439
vt 0.944580 0.501431
vt 0.966164 0.501433
vt 0.955361 0.483749
vt 0.960721 0.483744
vt 0.950008 0.483739
vt 0.944619 0.483731
vt 0.966110 0.483738
vt 0.955355 0.464795
vt 0.960702 0.464793
vt 0.950014 0.464787
vt 0.944650 0.464780
vt 0.966069 0.464790
vt 0.955338 0.444734
vt 0.960672 0.444733
vt 0.950008 0.444734
vt 0.944673 0.444728
vt 0.966037 0.444724
vt 0.955341 0.423713
vt 0.960660 0.423709
vt 0.950012 0.423719
vt 0.944684 0.423722
vt 0.965990 0.423702
vt 0.955330 0.400546
vt 0.960652 0.400542
vt 0.949987 0.400550
vt 0.944651 0.400555
vt 0.965982 0.400541
vt 0.955315 0.374338
vt 0.960652 0.374337
vt 0.949982 0.374339
vt 0.944645 0.374341
vt 0.965988 0.374338
vt 0.955317 0.345673
vt 0.960660 0.345674
vt 0.949978 0.345674
vt 0.944637 0.345674
vt 0.965997 0.345674
vt 0.955316 0.315177
vt 0.960659 0.315156
vt 0.949983 0.315172
vt 0.944644 0.315151
vt 0.965998 0.315152
vt 0.389052 0.684915
vt 0.357206 0.684948
vt 0.357201 0.679589
vt 0.389068 0.679570
vt 0.389063 0.690259
vt 0.357214 0.690310
vt 0.389093 0.695609
vt 0.357224 0.695670
vt 0.357197 0.674227
vt 0.389070 0.674211
vt 0.324617 0.684987
vt 0.324613 0.679614
vt 0.324626 0.690357
vt 0.324635 0.695729
vt 0.324610 0.674241
vt 0.291881 0.685023
vt 0.291878 0.679637
vt 0.291891 0.690409
vt 0.291901 0.695794
vt 0.291876 0.674249
vt 0.259565 0.685060
vt 0.259563 0.679654
vt 0.259576 0.690464
vt 0.259588 0.695869
vt 0.259562 0.674247
vt 0.228225 0.685095
vt 0.228225 0.679664
vt 0.228238 0.690526
vt 0.228253 0.695955
vt 0.228227 0.674231
vt 0.198402 0.685129
vt 0.198404 0.679661
vt 0.198417 0.690596
vt 0.198437 0.696061
vt 0.198410 0.674194
vt 0.170627 0.685156
vt 0.170631 0.679624
vt 0.170642 0.690689
vt 0.170653 0.696186
vt 0.170629 0.674132
vt 0.145826 0.685185
vt 0.145661 0.679695
vt 0.145704 0.690664
vt 0.145545 0.696148
vt 0.145524 0.674211
vt 0.694395 0.979008
vt 0.691328 0.979008
vt 0.691328 0.969566
vt 0.694395 0.969566
vt 0.688261 0.979008
vt 0.688261 0.969566
vt 0.674974 0.979008
vt 0.674974 0.969566
vt 0.678041 0.969566
vt 0.678041 0.979008
vt 0.681108 0.969566
vt 0.681108 0.979008
vt 0.079359 0.062256
vt 0.084851 0.062257
vt 0.084850 0.063663
vt 0.079460 0.063659
vt 0.703685 0.969566
vt 0.712606 0.969566
vt 0.712606 0.979008
vt 0.703685 0.979008
vt 0.664162 0.979008
vt 0.664162 0.969566
vt 0.667238 0.969566
vt 0.667238 0.979008
vt 0.311312 0.739849
vt 0.311312 0.749290
vt 0.308890 0.749290
vt 0.308890 0.739849
vt 0.306519 0.749290
vt 0.306519 0.739849
vt 0.295072 0.739849
vt 0.297494 0.739849
vt 0.297494 0.749290
vt 0.295073 0.749290
vt 0.299865 0.739849
vt 0.299865 0.749290
vt 0.320199 0.749290
vt 0.320199 0.739848
vt 0.328918 0.739848
vt 0.328918 0.749290
vt 0.284765 0.739849
vt 0.287638 0.739849
vt 0.287638 0.749290
vt 0.284765 0.749290
vt 0.110475 0.003823
vt 0.101033 0.003822
vt 0.101034 0.002415
vt 0.110475 0.002416
vt 0.656795 0.971442
vt 0.657344 0.970116
vt 0.658670 0.969566
vt 0.086850 0.083534
vt 0.077930 0.083640
vt 0.078116 0.082245
vt 0.086834 0.082127
vt 0.389689 0.051871
vt 0.389694 0.042950
vt 0.391101 0.042951
vt 0.391082 0.051669
vt 0.068994 0.081100
vt 0.066399 0.079465
vt 0.067487 0.078574
vt 0.069567 0.079815
vt 0.065311 0.076597
vt 0.066694 0.076340
vt 0.408530 0.060689
vt 0.406894 0.063284
vt 0.406004 0.062195
vt 0.407245 0.060115
vt 0.066323 0.066565
vt 0.068899 0.064900
vt 0.069487 0.066178
vt 0.067422 0.067443
vt 0.404026 0.064371
vt 0.403769 0.062988
vt 0.065269 0.069445
vt 0.066655 0.069687
vt 0.393994 0.063354
vt 0.392330 0.060777
vt 0.393608 0.060190
vt 0.394872 0.062256
vt 0.396874 0.064410
vt 0.397116 0.063024
vt 0.411055 0.050200
vt 0.410648 0.053249
vt 0.409270 0.052963
vt 0.409651 0.050115
vt 0.076315 0.062698
vt 0.076617 0.064072
vt 0.410992 0.044709
vt 0.409586 0.044725
vt 0.277500 0.741724
vt 0.279375 0.739849
vt 0.087721 0.062257
vt 0.087721 0.063664
vt 0.086286 0.063664
vt 0.086286 0.062257
vt 0.409569 0.043290
vt 0.410976 0.043274
vt 0.094847 0.062258
vt 0.094847 0.063665
vt 0.093412 0.063665
vt 0.093412 0.062258
vt 0.277500 0.747415
vt 0.658671 0.979008
vt 0.656795 0.977133
vt 0.657344 0.978459
vt 0.279375 0.749291
vt 0.278049 0.748741
vt 0.278049 0.740398
vt 0.017032 0.686738
vt 0.032284 0.678571
vt 0.034963 0.689840
vt 0.019492 0.692674
vt 0.049100 0.674205
vt 0.066117 0.674209
vt 0.064291 0.689692
vt 0.049901 0.688882
vt 0.077300 0.705275
vt 0.090278 0.706678
vt 0.089518 0.718508
vt 0.076359 0.718577
vt 0.003504 0.697045
vt 0.082635 0.678395
vt 0.079251 0.692051
vt 0.062716 0.703661
vt 0.049160 0.701889
vt 0.119616 0.700747
vt 0.121735 0.691810
vt 0.136953 0.695589
vt 0.134019 0.703823
vt 0.019816 0.698783
vt 0.035011 0.700461
vt 0.018197 0.704671
vt 0.046927 0.714886
vt 0.032621 0.710754
vt 0.061238 0.717556
vt 0.117570 0.719052
vt 0.118193 0.709888
vt 0.132399 0.711458
vt 0.131999 0.719343
vt 0.076650 0.732643
vt 0.059542 0.733213
vt 0.027389 0.721006
vt 0.014594 0.709851
vt 0.042561 0.729417
vt 0.117580 0.728326
vt 0.133167 0.727885
vt 0.024630 0.137323
vt 0.014411 0.125151
vt 0.024077 0.120373
vt 0.029537 0.134052
vt 0.006711 0.110927
vt 0.002415 0.094887
vt 0.017887 0.092762
vt 0.020198 0.106743
vt 0.016994 0.035068
vt 0.007131 0.034811
vt 0.008131 0.018182
vt 0.017103 0.019729
vt 0.036358 0.147898
vt 0.002412 0.077397
vt 0.017003 0.077749
vt 0.026596 0.034650
vt 0.025383 0.019822
vt 0.035087 0.132626
vt 0.032755 0.104707
vt 0.033884 0.118335
vt 0.030308 0.076855
vt 0.031668 0.091342
vt 0.040787 0.133091
vt 0.045463 0.104663
vt 0.043955 0.118738
vt 0.043636 0.075396
vt 0.045409 0.090578
vt 0.036133 0.033501
vt 0.033494 0.018396
vt 0.054123 0.121730
vt 0.046221 0.135530
vt 0.061025 0.090031
vt 0.059370 0.106556
vt 0.045533 0.031605
vt 0.042163 0.015755
vt 0.058017 0.072595
vt 0.813960 0.757155
vt 0.800232 0.765663
vt 0.796577 0.755356
vt 0.811388 0.751620
vt 0.785274 0.772066
vt 0.769223 0.775052
vt 0.767785 0.759902
vt 0.782113 0.757987
vt 0.711550 0.762910
vt 0.711963 0.772231
vt 0.696285 0.772580
vt 0.696819 0.763962
vt 0.004842 0.063340
vt 0.017008 0.064089
vt 0.826639 0.747198
vt 0.752461 0.774841
vt 0.752553 0.760780
vt 0.739110 0.772951
vt 0.739380 0.761263
vt 0.069824 0.554060
vt 0.063996 0.566958
vt 0.052488 0.563181
vt 0.055863 0.550278
vt 0.810836 0.745659
vt 0.780741 0.744736
vt 0.795564 0.744750
vt 0.751237 0.747352
vt 0.766253 0.745411
vt 0.710538 0.753727
vt 0.696054 0.755795
vt 0.781328 0.730189
vt 0.797364 0.733796
vt 0.748451 0.733455
vt 0.764917 0.730191
vt 0.040767 0.560775
vt 0.042958 0.547921
vt 0.812341 0.739789
vt 0.708990 0.744621
vt 0.693837 0.747512
vt 0.041232 0.061976
vt 0.053069 0.058923
vt 0.058556 0.488126
vt 0.068309 0.502993
vt 0.057166 0.506507
vt 0.052849 0.491323
vt 0.073533 0.519815
vt 0.073880 0.536954
vt 0.058557 0.535474
vt 0.058916 0.521164
vt 0.045254 0.591122
vt 0.054572 0.593832
vt 0.049427 0.609276
vt 0.041287 0.605570
vt 0.090385 0.730407
vt 0.046101 0.475942
vt 0.095690 0.683612
vt 0.092311 0.694973
vt 0.044834 0.533989
vt 0.046210 0.520890
vt 0.036016 0.589102
vt 0.033395 0.603391
vt 0.016834 0.545232
vt 0.016886 0.558715
vt 0.004623 0.559670
vt 0.002411 0.545281
vt 0.046863 0.492448
vt 0.046881 0.507289
vt 0.040983 0.491609
vt 0.034061 0.519256
vt 0.036995 0.505934
vt 0.030155 0.546231
vt 0.032000 0.532098
vt 0.738057 0.749502
vt 0.026653 0.587930
vt 0.025599 0.602561
vt 0.029192 0.063730
vt 0.018265 0.529978
vt 0.735318 0.738022
vt 0.027246 0.502312
vt 0.035525 0.488991
vt 0.021755 0.515970
vt 0.017098 0.587625
vt 0.017603 0.602936
vt 0.028925 0.559408
vt 0.017762 0.495914
vt 0.030931 0.484407
vt 0.002412 0.527517
vt 0.007474 0.510337
vt 0.007515 0.588077
vt 0.008578 0.604550
vt 0.148560 0.703611
vt 0.146377 0.708071
vt 0.145361 0.712952
vt 0.145393 0.717957
vt 0.146449 0.722845
vt 0.014068 0.004483
vt 0.019147 0.005829
vt 0.024393 0.006109
vt 0.029535 0.005251
vt 0.034311 0.003071
vt 0.682708 0.768515
vt 0.683524 0.763563
vt 0.683134 0.758609
vt 0.681440 0.753944
vt 0.040139 0.621060
vt 0.035619 0.618320
vt 0.030504 0.616843
vt 0.025295 0.616106
vt 0.341041 0.101760
vt 0.341040 0.096980
vt 0.342869 0.092563
vt 0.346248 0.089182
vt 0.350664 0.087352
vt 0.355444 0.087351
vt 0.359861 0.089179
vt 0.363242 0.092559
vt 0.365072 0.096975
vt 0.365073 0.101755
vt 0.363244 0.106172
vt 0.359865 0.109552
vt 0.355449 0.111383
vt 0.350669 0.111384
vt 0.346252 0.109555
vt 0.342871 0.106176
vt 0.020058 0.616398
vt 0.015055 0.617949
vt 0.104526 0.708329
vt 0.106304 0.698210
vt 0.103965 0.718589
vt 0.104303 0.728583
vt 0.017150 0.049280
vt 0.006682 0.048941
vt 0.027775 0.048805
vt 0.038359 0.047501
vt 0.048515 0.045245
vt 0.725152 0.761887
vt 0.725322 0.771890
vt 0.723975 0.751862
vt 0.722002 0.742067
vt 0.048633 0.577468
vt 0.058598 0.580411
vt 0.038331 0.575140
vt 0.027771 0.573997
vt 0.017159 0.573561
vt 0.006808 0.574131
vt 0.108857 0.688484
vt 0.057370 0.703011
vt 0.217258 0.612642
vt 0.200246 0.575419
vt 0.027282 0.637179
vt 0.636082 0.027295
vt 0.574314 0.200256
vt 0.611535 0.217270
vt 0.701912 0.057387
vt 0.271567 0.329209
vt 0.452533 0.360547
vt 0.462944 0.320967
vt 0.289979 0.259208
vt 0.189835 0.535840
vt 0.008869 0.567177
vt 0.668788 0.543221
vt 0.828672 0.452843
vt 0.811658 0.415622
vt 0.638697 0.477390
vt 0.479956 0.283745
vt 0.320067 0.193376
vt 0.186331 0.495064
vt 0.002671 0.495061
vt 0.801245 0.376043
vt 0.620280 0.407390
vt 0.286014 0.057374
vt 0.376382 0.217264
vt 0.413605 0.200252
vt 0.351847 0.027287
vt 0.189837 0.454289
vt 0.008871 0.422945
vt 0.797739 0.335268
vt 0.614079 0.335274
vt 0.453184 0.189841
vt 0.421848 0.008875
vt 0.200249 0.414710
vt 0.027287 0.352944
vt 0.320077 0.609274
vt 0.479962 0.518898
vt 0.462948 0.481676
vt 0.289986 0.543443
vt 0.801242 0.294492
vt 0.620275 0.263157
vt 0.493960 0.186338
vt 0.493965 0.002678
vt 0.217263 0.377488
vt 0.057378 0.287113
vt 0.452535 0.442097
vt 0.271570 0.473442
vt 0.811652 0.254912
vt 0.638687 0.193156
vt 0.534735 0.189844
vt 0.566081 0.008879
vt 0.449029 0.401322
vt 0.265370 0.401326
vt 0.828664 0.217690
vt 0.668774 0.127323
vt 0.431317 0.643437
vt 0.431461 0.632687
vt 0.371514 0.629155
vt 0.370467 0.639647
vt 0.866088 0.440396
vt 0.855454 0.444068
vt 0.870525 0.504651
vt 0.881259 0.502310
vt 0.592803 0.529845
vt 0.603097 0.527541
vt 0.593640 0.468458
vt 0.583005 0.469535
vt 0.492216 0.640199
vt 0.491348 0.629586
vt 0.302305 0.757235
vt 0.304273 0.746927
vt 0.246709 0.731842
vt 0.243099 0.741743
vt 0.608819 0.589507
vt 0.619010 0.585721
vt 0.552813 0.630745
vt 0.550764 0.620350
vt 0.362611 0.766858
vt 0.363563 0.756241
vt 0.880977 0.746708
vt 0.870853 0.744635
vt 0.855490 0.801173
vt 0.865420 0.804860
vt 0.612762 0.614024
vt 0.608926 0.604037
vt 0.423612 0.770667
vt 0.423764 0.759853
vt 0.890416 0.687123
vt 0.879880 0.686237
vt 0.592214 0.287280
vt 0.602801 0.289653
vt 0.619015 0.230148
vt 0.608790 0.226307
vt 0.484970 0.767395
vt 0.484106 0.756690
vt 0.893618 0.626234
vt 0.882809 0.626126
vt 0.582851 0.348448
vt 0.593334 0.349481
vt 0.546381 0.757954
vt 0.544125 0.747484
vt 0.309754 0.630262
vt 0.312088 0.619788
vt 0.253388 0.604018
vt 0.249638 0.614109
vt 0.890408 0.564426
vt 0.879746 0.565572
vt 0.579257 0.409113
vt 0.589840 0.408892
vt 0.607150 0.742243
vt 0.603409 0.731849
vt 0.480081 0.480096
vt 0.487286 0.479434
vt 0.484392 0.409455
vt 0.477148 0.409651
vt 0.498847 0.478342
vt 0.495890 0.409452
vt 0.506313 0.477564
vt 0.503359 0.409397
vt 0.517624 0.476463
vt 0.514379 0.409370
vt 0.525536 0.475644
vt 0.522153 0.409345
vt 0.536601 0.474538
vt 0.533316 0.409327
vt 0.544753 0.473671
vt 0.541160 0.409291
vt 0.555577 0.472561
vt 0.551830 0.409261
vt 0.563760 0.471656
vt 0.560162 0.409195
vt 0.574340 0.470500
vt 0.570897 0.409149
vt 0.986578 0.482513
vt 0.979219 0.483976
vt 0.988224 0.556033
vt 0.995774 0.555427
vt 0.967570 0.486038
vt 0.976118 0.556950
vt 0.959805 0.487441
vt 0.968706 0.557544
vt 0.948075 0.489554
vt 0.957124 0.558451
vt 0.940064 0.491035
vt 0.949213 0.559102
vt 0.928584 0.493154
vt 0.937845 0.560043
vt 0.920309 0.494718
vt 0.929878 0.560744
vt 0.909368 0.496807
vt 0.918426 0.561771
vt 0.900812 0.498465
vt 0.910183 0.562537
vt 0.890089 0.500560
vt 0.898947 0.563593
vt 0.360004 0.742948
vt 0.360723 0.735732
vt 0.290262 0.725715
vt 0.289015 0.733057
vt 0.361881 0.724118
vt 0.292548 0.714326
vt 0.362596 0.716582
vt 0.294014 0.706780
vt 0.363722 0.705175
vt 0.296323 0.695331
vt 0.364480 0.697567
vt 0.297863 0.687560
vt 0.365607 0.686655
vt 0.300165 0.676368
vt 0.366401 0.678558
vt 0.301777 0.668346
vt 0.367535 0.667565
vt 0.304066 0.657386
vt 0.368415 0.658987
vt 0.305739 0.649318
vt 0.369541 0.648506
vt 0.308006 0.638588
vt 0.637892 0.844991
vt 0.636189 0.837730
vt 0.565410 0.854297
vt 0.566846 0.861673
vt 0.632318 0.826080
vt 0.563206 0.842827
vt 0.630563 0.818741
vt 0.561744 0.835373
vt 0.626894 0.807866
vt 0.559512 0.823749
vt 0.624981 0.799870
vt 0.558023 0.816041
vt 0.621188 0.788680
vt 0.555827 0.804665
vt 0.619117 0.780455
vt 0.554222 0.796469
vt 0.615308 0.769549
vt 0.552045 0.785629
vt 0.613094 0.761098
vt 0.550364 0.777390
vt 0.609442 0.750951
vt 0.548126 0.766453
vt 0.487000 0.339919
vt 0.479674 0.339555
vt 0.498268 0.340800
vt 0.505806 0.341375
vt 0.517221 0.342316
vt 0.524833 0.342964
vt 0.535755 0.343953
vt 0.543848 0.344661
vt 0.554843 0.345695
vt 0.563190 0.346469
vt 0.574242 0.347591
vt 0.990047 0.627337
vt 0.997335 0.627516
vt 0.978667 0.627107
vt 0.971066 0.627008
vt 0.959570 0.626788
vt 0.951708 0.626666
vt 0.940746 0.626518
vt 0.932630 0.626477
vt 0.921591 0.626344
vt 0.913233 0.626329
vt 0.902445 0.626240
vt 0.219857 0.707962
vt 0.217995 0.715406
vt 0.223757 0.696959
vt 0.225689 0.689255
vt 0.229536 0.678453
vt 0.231571 0.670491
vt 0.235377 0.659906
vt 0.237520 0.651698
vt 0.241289 0.641346
vt 0.243542 0.632902
vt 0.247275 0.622791
vt 0.494092 0.864958
vt 0.494564 0.872405
vt 0.493039 0.852895
vt 0.492324 0.845118
vt 0.491321 0.833636
vt 0.490571 0.825601
vt 0.489562 0.814346
vt 0.488816 0.806480
vt 0.487740 0.795163
vt 0.486895 0.786822
vt 0.485865 0.776020
vt 0.494882 0.268839
vt 0.487412 0.267773
vt 0.506791 0.270889
vt 0.514463 0.272194
vt 0.526067 0.274282
vt 0.533972 0.275714
vt 0.545311 0.277876
vt 0.553482 0.279433
vt 0.564577 0.281624
vt 0.572993 0.283282
vt 0.583553 0.285491
vt 0.985515 0.697706
vt 0.992839 0.698531
vt 0.973781 0.696322
vt 0.966403 0.695506
vt 0.955198 0.694186
vt 0.947558 0.693313
vt 0.936257 0.692041
vt 0.928339 0.691205
vt 0.917530 0.689990
vt 0.909317 0.689144
vt 0.898698 0.687978
vt 0.422599 0.866886
vt 0.422443 0.874176
vt 0.422819 0.855154
vt 0.422925 0.847740
vt 0.423082 0.836531
vt 0.423183 0.828637
vt 0.423331 0.817336
vt 0.423369 0.809199
vt 0.423475 0.798436
vt 0.423502 0.790042
vt 0.423585 0.779520
vt 0.511300 0.196632
vt 0.503664 0.194929
vt 0.522619 0.200343
vt 0.530514 0.202137
vt 0.542151 0.205975
vt 0.550277 0.207935
vt 0.561619 0.211827
vt 0.569576 0.213834
vt 0.580646 0.217705
vt 0.589227 0.219962
vt 0.599989 0.223875
vt 0.973726 0.766533
vt 0.980713 0.768072
vt 0.962645 0.764115
vt 0.955253 0.762564
vt 0.944355 0.760208
vt 0.936896 0.758636
vt 0.926213 0.756341
vt 0.918284 0.754681
vt 0.907822 0.752415
vt 0.899651 0.750695
vt 0.889389 0.748460
vt 0.352072 0.862633
vt 0.351440 0.869921
vt 0.353392 0.851124
vt 0.354190 0.843682
vt 0.355491 0.832082
vt 0.356354 0.824382
vt 0.357611 0.813293
vt 0.358459 0.805308
vt 0.359644 0.794423
vt 0.360508 0.786157
vt 0.361717 0.775191
vt 0.645045 0.715740
vt 0.643197 0.708464
vt 0.572386 0.726495
vt 0.573851 0.733846
vt 0.639266 0.697380
vt 0.570078 0.714718
vt 0.637396 0.690012
vt 0.568582 0.707126
vt 0.633392 0.678595
vt 0.566313 0.695637
vt 0.631402 0.671009
vt 0.564756 0.688012
vt 0.627413 0.659872
vt 0.562492 0.676772
vt 0.625303 0.652067
vt 0.560824 0.668686
vt 0.621349 0.641215
vt 0.558558 0.657700
vt 0.619129 0.633206
vt 0.556835 0.649576
vt 0.615219 0.622647
vt 0.554616 0.639109
vt 0.956106 0.833981
vt 0.963208 0.835814
vt 0.945598 0.830166
vt 0.938253 0.828276
vt 0.927936 0.824555
vt 0.920344 0.822611
vt 0.909718 0.818803
vt 0.901886 0.816734
vt 0.891498 0.812937
vt 0.883429 0.810737
vt 0.873747 0.807121
vt 0.282577 0.851252
vt 0.281266 0.858474
vt 0.284937 0.840038
vt 0.286449 0.832563
vt 0.288773 0.821571
vt 0.290355 0.814045
vt 0.292677 0.803230
vt 0.294324 0.795243
vt 0.296631 0.784364
vt 0.298328 0.776123
vt 0.300553 0.765745
vt 0.501464 0.736299
vt 0.501948 0.743685
vt 0.500445 0.724638
vt 0.499759 0.717294
vt 0.498721 0.705857
vt 0.497947 0.697837
vt 0.496899 0.686627
vt 0.496130 0.678772
vt 0.495086 0.668088
vt 0.494224 0.659770
vt 0.493120 0.648757
vt 0.508449 0.621456
vt 0.515633 0.619634
vt 0.497978 0.549662
vt 0.490710 0.551149
vt 0.527134 0.615584
vt 0.509606 0.547324
vt 0.534380 0.613691
vt 0.516927 0.545810
vt 0.545084 0.609851
vt 0.528355 0.543471
vt 0.552955 0.607792
vt 0.535927 0.541917
vt 0.563937 0.603827
vt 0.547102 0.539607
vt 0.571629 0.601737
vt 0.554944 0.537941
vt 0.582341 0.597818
vt 0.565891 0.535647
vt 0.590247 0.595630
vt 0.573994 0.533902
vt 0.600686 0.591773
vt 0.584427 0.531669
vt 0.213789 0.833892
vt 0.211975 0.841155
vt 0.217607 0.823148
vt 0.219495 0.815638
vt 0.223417 0.804575
vt 0.225443 0.796838
vt 0.229208 0.786533
vt 0.231308 0.778527
vt 0.235006 0.768409
vt 0.237198 0.760150
vt 0.240828 0.750249
vt 0.430984 0.739162
vt 0.430776 0.746477
vt 0.431071 0.727568
vt 0.431071 0.720056
vt 0.431135 0.708982
vt 0.431172 0.701193
vt 0.431242 0.690012
vt 0.431238 0.681973
vt 0.431263 0.671027
vt 0.431249 0.662722
vt 0.431324 0.651993
vt 0.970347 0.410118
vt 0.962948 0.411775
vt 0.951058 0.415611
vt 0.943565 0.417330
vt 0.931912 0.421146
vt 0.924168 0.422983
vt 0.912768 0.426777
vt 0.904787 0.428729
vt 0.893658 0.432490
vt 0.885436 0.434537
vt 0.874563 0.438256
vt 0.852228 0.860153
vt 0.815372 0.812580
vt 0.768857 0.774357
vt 0.790896 0.840251
vt 0.714632 0.747781
vt 0.721148 0.825879
vt 0.656101 0.734049
vt 0.645909 0.816036
vt 0.793391 0.011571
vt 0.711404 0.021758
vt 0.725133 0.080290
vt 0.803231 0.086810
vt 0.751706 0.134517
vt 0.817599 0.156560
vt 0.789927 0.181033
vt 0.837497 0.217892
vt 0.877269 0.915052
vt 0.806415 0.909138
vt 0.726036 0.904595
vt 0.639088 0.900444
vt 0.877800 0.004754
vt 0.881946 0.091702
vt 0.886485 0.172082
vt 0.892395 0.242936
vt 0.889449 0.973873
vt 0.815389 0.981208
vt 0.729000 0.986116
vt 0.637056 0.986118
vt 0.963475 0.002727
vt 0.963467 0.094671
vt 0.958554 0.181059
vt 0.951215 0.255119
vt 0.073721 0.744035
vt 0.014901 0.731857
vt 0.007568 0.805917
vt 0.079637 0.814888
vt 0.002662 0.892306
vt 0.084183 0.895268
vt 0.002662 0.984251
vt 0.088336 0.982216
vt 0.868275 0.627372
vt 0.870318 0.541697
vt 0.778374 0.541689
vt 0.781328 0.623210
vt 0.691984 0.546587
vt 0.700949 0.618657
vt 0.617923 0.553913
vt 0.630096 0.612735
vt 0.128622 0.769075
vt 0.148525 0.830406
vt 0.162899 0.900154
vt 0.172745 0.975392
vt 0.861444 0.711779
vt 0.786206 0.701927
vt 0.716460 0.687547
vt 0.655130 0.667638
vt 0.176195 0.805930
vt 0.214420 0.852443
vt 0.240997 0.906668
vt 0.254731 0.965198
vt 0.851242 0.793764
vt 0.792713 0.780026
vt 0.738491 0.753443
vt 0.691981 0.715215
vt 0.002659 0.178565
vt 0.013250 0.098108
vt 0.002659 0.137639
vt 0.033712 0.062665
vt 0.062650 0.033725
vt 0.137624 0.002668
vt 0.098093 0.013261
vt 0.218081 0.013259
vt 0.178549 0.002667
vt 0.313520 0.137633
vt 0.253524 0.033721
vt 0.282463 0.062659
vt 0.302927 0.098102
vt 0.302930 0.218090
vt 0.313521 0.178558
vt 0.253529 0.282472
vt 0.282467 0.253533
vt 0.178556 0.313529
vt 0.218087 0.302936
vt 0.098099 0.302939
vt 0.137630 0.313530
vt 0.033716 0.253538
vt 0.062656 0.282476
vt 0.013253 0.218096
s 1
usemtl hanging_industrial_lamp
f 3/1/1 493/2/1 497/3/2 5/4/2
f 4/5/3 6/6/3 496/7/3 492/8/3
f 6/6/3 8/9/3 498/10/3 496/7/3
f 8/9/3 10/11/3 500/12/3 498/10/3
f 10/11/3 12/13/3 502/14/3 500/12/3
f 12/13/3 14/15/3 504/16/3 502/14/3
f 14/15/3 16/17/3 506/18/3 504/16/3
f 16/17/3 18/19/3 508/20/3 506/18/3
f 18/19/3 20/21/3 510/22/3 508/20/3
f 20/21/3 22/23/3 512/24/3 510/22/3
f 22/23/3 24/25/3 514/26/3 512/24/3
f 24/25/3 26/27/3 516/28/3 514/26/3
f 442/29/4 551/30/4 552/31/5 443/32/5
f 444/33/6 553/34/6 554/35/7 445/36/7
f 438/37/8 534/38/8 535/39/9 439/40/9
f 447/41/10 556/42/10 460/43/11 370/44/11
f 523/45/12 534/46/12 533/47/12 522/48/12
f 526/49/12 550/50/12 549/51/12 525/52/12
f 529/53/12 553/54/12 552/55/12 528/56/12
f 532/57/12 556/58/12 555/59/12 531/60/12
f 532/57/13 580/61/13 482/62/14 436/63/14
f 527/64/15 575/65/15 576/66/16 528/56/16
f 12/13/17 10/11/18 540/67/18 541/68/17
f 522/48/19 557/69/19 571/70/20 523/45/20
f 529/53/21 577/71/21 578/72/22 530/73/22
f 76/74/23 77/75/24 189/76/24 188/77/23
f 1/78/3 3/79/3 48/80/3 47/81/3
f 61/82/3 601/83/3 516/28/3 26/27/3
f 28/84/3 581/85/3 583/86/3 30/87/3
f 9/88/3 11/89/3 52/90/3 51/91/3
f 36/92/3 589/93/3 591/94/3 38/95/3
f 17/96/3 19/97/3 56/98/3 55/99/3
f 44/100/3 597/101/3 599/102/3 46/103/3
f 27/104/25 29/105/8 584/106/8 582/107/25
f 7/108/3 9/88/3 51/91/3 50/109/3
f 34/110/3 587/111/3 589/93/3 36/92/3
f 15/112/3 17/96/3 55/99/3 54/113/3
f 51/114/26 52/115/27 117/116/27 116/117/26
f 56/118/28 57/119/29 122/120/29 121/121/28
f 1/78/3 47/81/3 62/122/3 27/123/3
f 65/124/30 150/125/30 151/126/31 66/127/31
f 49/128/2 50/129/32 115/130/32 114/131/2
f 54/132/33 55/133/34 120/134/34 119/135/33
f 47/136/35 48/137/1 113/138/1 112/139/35
f 36/92/36 607/140/36 606/141/37 34/110/37
f 31/142/3 64/143/3 65/144/3 33/145/3
f 47/136/35 112/139/35 147/146/25 62/147/25
f 52/115/27 53/148/38 118/149/38 117/116/27
f 57/119/29 58/150/39 123/151/39 122/120/29
f 33/145/3 65/144/3 66/152/3 35/153/3
f 83/154/7 155/155/7 156/156/40 84/157/40
f 50/129/32 51/114/26 116/117/26 115/130/32
f 55/133/34 56/118/28 121/121/28 120/134/34
f 106/158/41 239/159/41 240/160/42 107/161/42
f 39/162/3 81/163/3 82/164/3 41/165/3
f 81/166/5 153/167/5 154/168/6 82/169/6
f 48/137/1 49/128/2 114/131/2 113/138/1
f 53/170/38 54/132/33 119/135/33 118/171/38
f 58/150/39 59/172/11 124/173/11 123/151/39
f 41/165/3 82/164/3 83/174/3 43/175/3
f 63/176/8 148/177/8 149/178/43 64/179/43
f 19/97/3 21/180/3 57/181/3 56/98/3
f 38/95/3 591/94/3 593/182/3 40/183/3
f 11/89/3 13/184/3 53/185/3 52/90/3
f 30/87/3 583/86/3 585/186/3 32/187/3
f 46/103/3 599/102/3 601/83/3 61/82/3
f 3/79/3 5/188/3 49/189/3 48/80/3
f 21/180/3 23/190/3 58/191/3 57/181/3
f 40/183/3 593/182/3 595/192/3 42/193/3
f 13/184/3 15/112/3 54/113/3 53/185/3
f 32/187/3 585/186/3 587/111/3 34/110/3
f 5/188/3 7/108/3 50/109/3 49/189/3
f 23/190/3 25/194/3 59/195/3 58/191/3
f 42/193/3 595/192/3 597/101/3 44/100/3
f 1/196/35 494/197/35 493/2/1 3/1/1
f 530/73/22 578/72/22 579/198/44 531/60/44
f 7/199/32 499/200/32 501/201/26 9/202/26
f 9/202/26 501/201/26 503/203/27 11/204/27
f 11/204/27 503/203/27 505/205/38 13/206/38
f 13/207/38 505/208/38 507/209/33 15/210/33
f 15/210/33 507/209/33 509/211/34 17/212/34
f 17/212/34 509/211/34 511/213/28 19/214/28
f 19/214/28 511/213/28 513/215/29 21/216/29
f 21/216/29 513/215/29 515/217/39 23/218/39
f 23/218/39 515/217/39 517/219/11 25/220/11
f 443/32/5 552/31/5 553/34/6 444/33/6
f 437/221/25 533/222/25 534/38/8 438/37/8
f 446/223/40 555/224/40 556/42/10 447/41/10
f 440/225/30 549/226/30 550/227/31 441/228/31
f 524/229/12 535/230/12 534/46/12 523/45/12
f 527/64/12 551/231/12 550/50/12 526/49/12
f 530/73/12 554/232/12 553/54/12 529/53/12
f 436/63/12 460/233/12 556/58/12 532/57/12
f 525/52/45 573/234/45 574/235/46 526/49/46
f 528/56/16 576/66/16 577/71/21 529/53/21
f 523/45/20 571/70/20 572/236/47 524/229/47
f 5/4/2 497/3/2 499/200/32 7/199/32
f 94/237/26 93/238/32 561/239/32 562/240/26
f 110/241/3 603/242/3 604/243/3 111/244/3
f 582/245/48 581/85/48 495/246/49 494/247/49
f 14/15/50 12/13/17 541/68/17 542/248/50
f 125/249/3 605/250/3 606/141/3 126/251/3
f 586/252/51 585/186/51 583/86/52 584/253/52
f 16/17/53 14/15/50 542/248/50 543/254/53
f 127/255/3 607/140/3 608/256/3 128/257/3
f 590/258/54 589/93/54 587/111/55 588/259/55
f 18/19/56 16/17/53 543/254/53 544/260/56
f 131/261/3 611/262/3 612/263/3 132/264/3
f 4/5/57 2/265/58 537/266/58 536/267/57
f 594/268/59 593/182/59 591/94/60 592/269/60
f 20/21/61 18/19/56 544/260/56 545/270/61
f 129/271/3 609/272/3 610/273/3 130/274/3
f 6/6/62 4/5/57 536/267/57 538/275/62
f 598/276/63 597/101/63 595/192/64 596/277/64
f 22/23/65 20/21/61 545/270/61 546/278/65
f 8/9/66 6/6/62 538/275/62 539/279/66
f 602/280/67 601/83/67 599/102/68 600/281/68
f 24/25/69 22/23/65 546/278/65 547/282/69
f 10/11/18 8/9/66 539/279/66 540/67/18
f 2/265/3 495/246/3 581/85/3 28/84/3
f 26/27/70 24/25/69 547/282/69 548/283/70
f 135/284/71 134/285/72 112/286/72 113/287/71
f 136/288/73 135/284/71 113/287/71 114/289/73
f 137/290/74 136/288/73 114/289/73 115/291/74
f 138/292/75 137/290/74 115/291/74 116/293/75
f 139/294/76 138/292/75 116/293/75 117/295/76
f 140/296/77 139/294/76 117/295/76 118/297/77
f 141/298/78 140/296/77 118/297/77 119/299/78
f 142/300/79 141/298/78 119/299/78 120/301/79
f 143/302/80 142/300/79 120/301/79 121/303/80
f 144/304/81 143/302/80 121/303/80 122/305/81
f 145/306/82 144/304/81 122/305/81 123/307/82
f 146/308/83 145/306/82 123/307/82 124/309/83
f 66/127/31 151/126/31 152/310/4 67/311/4
f 64/179/43 149/178/43 150/125/30 65/124/30
f 62/147/25 147/146/25 148/177/8 63/176/8
f 85/312/10 157/313/10 124/173/11 59/172/11
f 35/153/3 66/152/3 67/314/3 37/315/3
f 45/316/3 84/317/3 85/318/3 60/319/3
f 29/320/3 63/321/3 64/143/3 31/142/3
f 1/196/35 27/104/25 582/107/25 494/197/35
f 33/322/30 35/323/31 590/324/31 588/325/30
f 37/326/4 39/327/5 594/328/5 592/329/4
f 45/330/40 60/331/10 602/332/10 600/333/40
f 41/334/6 43/335/7 598/336/7 596/337/6
f 69/338/84 68/339/85 134/285/85 135/284/84
f 70/340/86 69/338/84 135/284/84 136/288/86
f 71/341/87 70/340/86 136/288/86 137/290/87
f 72/342/88 71/341/87 137/290/87 138/292/88
f 73/343/89 72/342/88 138/292/88 139/294/89
f 74/344/90 73/343/89 139/294/89 140/296/90
f 75/345/91 74/344/90 140/296/90 141/298/91
f 76/74/92 75/345/91 141/298/91 142/300/92
f 77/75/93 76/74/92 142/300/92 143/302/93
f 78/346/94 77/75/93 143/302/93 144/304/94
f 79/347/95 78/346/94 144/304/94 145/306/95
f 80/348/96 79/347/95 145/306/95 146/308/96
f 84/157/40 156/156/40 157/313/10 85/312/10
f 82/169/6 154/168/6 155/155/7 83/154/7
f 67/349/4 152/350/4 153/167/5 81/166/5
f 43/175/3 83/174/3 84/317/3 45/316/3
f 27/123/3 62/122/3 63/321/3 29/320/3
f 37/315/3 67/314/3 81/163/3 39/162/3
f 60/319/3 85/318/3 59/195/3 25/194/3
f 31/351/43 33/322/30 588/325/30 586/352/43
f 35/323/31 37/353/4 592/354/4 590/324/31
f 39/327/5 41/334/6 596/337/6 594/328/5
f 60/331/10 25/220/11 517/219/11 602/332/10
f 43/335/7 45/330/40 600/333/40 598/336/7
f 161/355/97 162/356/98 228/357/98 227/358/97
f 178/359/99 154/360/99 153/361/100 177/362/100
f 69/338/101 70/340/102 182/363/102 181/364/101
f 46/103/103 612/263/103 611/262/104 44/100/104
f 77/75/24 78/346/105 190/365/105 189/76/24
f 70/340/102 71/341/106 183/366/106 182/363/102
f 61/82/107 613/367/107 612/263/103 46/103/103
f 78/346/105 79/347/108 191/368/108 190/365/105
f 71/341/106 72/342/109 184/369/109 183/366/106
f 26/27/70 548/283/70 613/367/107 61/82/107
f 79/347/108 80/348/110 192/370/110 191/368/108
f 72/342/109 73/343/111 185/371/111 184/369/109
f 172/372/112 148/373/112 147/374/113 171/375/113
f 29/105/8 31/351/43 586/352/43 584/106/8
f 73/343/111 74/344/114 186/376/114 185/371/111
f 174/377/115 150/378/115 149/379/116 173/380/116
f 38/95/117 608/256/117 607/140/36 36/92/36
f 74/344/114 75/345/118 187/381/118 186/376/114
f 176/382/119 152/383/119 151/384/120 175/385/120
f 42/193/121 610/273/121 609/272/122 40/183/122
f 75/345/118 76/74/23 188/77/23 187/381/118
f 193/386/123 156/387/123 155/388/124 179/389/124
f 68/339/125 69/338/101 181/364/101 180/390/125
f 44/100/104 611/262/104 610/273/121 42/193/121
f 159/391/126 158/392/127 180/390/127 181/364/126
f 160/393/128 159/391/126 181/364/126 182/363/128
f 161/355/129 160/393/128 182/363/128 183/366/129
f 162/356/130 161/355/129 183/366/129 184/369/130
f 163/394/131 162/356/130 184/369/130 185/371/131
f 164/395/132 163/394/131 185/371/131 186/376/132
f 165/396/133 164/395/132 186/376/132 187/381/133
f 166/397/134 165/396/133 187/381/133 188/77/134
f 167/398/135 166/397/134 188/77/134 189/76/135
f 168/399/136 167/398/135 189/76/135 190/365/136
f 169/400/137 168/399/136 190/365/136 191/368/137
f 170/401/138 169/400/137 191/368/137 192/370/138
f 126/402/30 617/403/30 616/404/9 125/405/43
f 40/183/122 609/272/122 608/256/117 38/95/117
f 28/84/139 603/242/139 537/266/58 2/265/58
f 30/87/140 604/243/140 603/242/139 28/84/139
f 32/187/141 605/250/141 604/243/140 30/87/140
f 34/110/37 606/141/37 605/250/141 32/187/141
f 171/375/113 147/374/113 112/286/72 134/285/72
f 173/380/116 149/379/116 148/373/112 172/372/112
f 175/385/120 151/384/120 150/378/115 174/377/115
f 177/362/100 153/361/100 152/383/119 176/382/119
f 194/406/142 157/407/142 156/387/123 193/386/123
f 179/389/124 155/388/124 154/360/99 178/359/99
f 158/392/143 224/408/143 267/409/144 195/410/144
f 80/348/96 146/308/96 194/406/145 109/411/145
f 169/400/146 170/401/147 236/412/147 235/413/146
f 162/356/98 163/394/148 229/414/148 228/357/98
f 86/415/149 219/416/149 220/417/150 87/418/150
f 146/308/83 124/309/83 157/407/142 194/406/142
f 163/394/148 164/395/151 230/419/151 229/414/148
f 87/418/150 220/417/150 221/420/152 88/421/152
f 87/418/153 172/372/153 171/375/154 86/415/154
f 164/395/151 165/396/155 231/422/155 230/419/151
f 88/421/152 221/420/152 222/423/156 89/424/156
f 89/424/157 174/377/157 173/380/158 88/421/158
f 165/396/155 166/397/159 232/425/159 231/422/155
f 104/426/160 237/427/160 238/428/161 105/429/162
f 158/392/143 159/391/163 225/430/163 224/408/143
f 104/426/164 176/382/164 175/385/165 103/431/165
f 166/397/159 167/398/166 233/432/166 232/425/159
f 89/424/156 222/423/156 223/433/167 103/431/167
f 159/391/163 160/393/168 226/434/168 225/430/163
f 106/158/169 178/359/169 177/362/170 105/429/170
f 167/398/166 168/399/171 234/435/171 233/432/166
f 160/393/168 161/355/97 227/358/97 226/434/168
f 108/436/172 193/386/172 179/389/173 107/161/173
f 168/399/171 169/400/146 235/413/146 234/435/171
f 203/437/12 202/438/12 224/408/12 225/430/12
f 204/439/12 203/437/12 225/430/12 226/434/12
f 205/440/12 204/439/12 226/434/12 227/358/12
f 206/441/12 205/440/12 227/358/12 228/357/12
f 207/442/12 206/441/12 228/357/12 229/414/12
f 208/443/12 207/442/12 229/414/12 230/419/12
f 209/444/12 208/443/12 230/419/12 231/422/12
f 210/445/12 209/444/12 231/422/12 232/425/12
f 211/446/12 210/445/12 232/425/12 233/432/12
f 212/447/12 211/446/12 233/432/12 234/435/12
f 213/448/12 212/447/12 234/435/12 235/413/12
f 214/449/12 213/448/12 235/413/12 236/412/12
f 86/415/154 171/375/154 134/285/85 68/339/85
f 88/421/158 173/380/158 172/372/153 87/418/153
f 103/431/165 175/385/165 174/377/157 89/424/157
f 105/429/170 177/362/170 176/382/164 104/426/164
f 107/161/173 179/389/173 178/359/169 106/158/169
f 109/411/145 194/406/145 193/386/172 108/436/172
f 197/450/174 282/451/174 283/452/175 198/453/175
f 107/161/42 240/160/42 241/454/176 108/436/176
f 108/436/176 241/454/176 242/455/177 109/411/177
f 109/411/177 242/455/177 192/370/110 80/348/110
f 105/429/162 238/428/161 239/159/41 106/158/41
f 103/431/167 223/433/167 237/427/160 104/426/160
f 243/456/12 267/409/12 224/408/12 202/438/12
f 198/453/178 222/423/178 221/420/179 197/450/179
f 209/444/31 210/445/30 276/457/30 275/458/31
f 196/459/180 281/460/180 282/451/174 197/450/174
f 202/438/11 203/437/10 269/461/10 268/462/11
f 200/463/181 237/427/181 223/433/182 199/464/182
f 210/445/30 211/446/43 277/465/43 276/457/30
f 195/410/144 267/409/144 281/460/180 196/459/180
f 203/437/10 204/439/40 270/466/40 269/461/10
f 215/467/183 239/159/183 238/428/184 201/468/184
f 211/446/43 212/447/8 278/469/8 277/465/43
f 204/439/40 205/440/7 271/470/7 270/466/40
f 217/471/185 241/454/185 240/160/186 216/472/186
f 212/447/8 213/448/25 279/473/25 278/469/8
f 205/440/7 206/441/6 272/474/6 271/470/7
f 170/401/138 192/370/138 242/455/187 218/475/187
f 213/448/25 214/449/35 280/476/35 279/473/25
f 206/441/6 207/442/5 273/477/5 272/474/6
f 198/453/175 283/452/175 284/478/188 199/464/188
f 68/339/125 180/390/125 219/416/149 86/415/149
f 207/442/5 208/443/4 274/479/4 273/477/5
f 200/463/189 285/480/189 286/481/190 201/468/190
f 196/459/191 220/417/191 219/416/192 195/410/192
f 208/443/4 209/444/31 275/458/31 274/479/4
f 247/482/12 246/483/12 268/462/12 269/461/12
f 248/484/12 247/482/12 269/461/12 270/466/12
f 249/485/12 248/484/12 270/466/12 271/470/12
f 250/486/12 249/485/12 271/470/12 272/474/12
f 251/487/12 250/486/12 272/474/12 273/477/12
f 252/488/12 251/487/12 273/477/12 274/479/12
f 253/489/12 252/488/12 274/479/12 275/458/12
f 254/490/12 253/489/12 275/458/12 276/457/12
f 255/491/12 254/490/12 276/457/12 277/465/12
f 256/492/12 255/491/12 277/465/12 278/469/12
f 257/493/12 256/492/12 278/469/12 279/473/12
f 258/494/12 257/493/12 279/473/12 280/476/12
f 195/410/192 219/416/192 180/390/127 158/392/127
f 197/450/179 221/420/179 220/417/191 196/459/191
f 199/464/182 223/433/182 222/423/178 198/453/178
f 201/468/184 238/428/184 237/427/181 200/463/181
f 216/472/186 240/160/186 239/159/183 215/467/183
f 218/475/187 242/455/187 241/454/185 217/471/185
f 218/475/193 290/495/193 236/412/147 170/401/147
f 199/464/188 284/478/188 285/480/189 200/463/189
f 201/468/190 286/481/190 287/496/194 215/467/194
f 215/467/194 287/496/194 288/497/195 216/472/195
f 217/471/196 289/498/196 290/495/193 218/475/193
f 216/472/195 288/497/195 289/498/196 217/471/196
f 260/499/33 332/500/33 333/501/38 261/502/38
f 251/503/197 252/504/198 297/505/198 296/506/197
f 264/507/12 288/497/12 287/496/12 263/508/12
f 244/509/12 281/460/12 267/409/12 243/456/12
f 252/510/198 253/511/199 298/512/199 297/513/198
f 265/514/12 289/498/12 288/497/12 264/507/12
f 245/515/12 282/451/12 281/460/12 244/509/12
f 253/511/199 254/516/200 299/517/200 298/512/199
f 214/449/12 236/412/12 290/495/12 266/518/12
f 246/519/201 247/520/202 292/521/202 291/522/201
f 259/523/12 283/452/12 282/451/12 245/515/12
f 254/516/200 255/524/203 300/525/203 299/517/200
f 266/518/12 290/495/12 289/498/12 265/514/12
f 247/520/202 248/526/204 293/527/204 292/521/202
f 260/499/12 284/478/12 283/452/12 259/523/12
f 255/524/203 256/528/205 301/529/205 300/525/203
f 248/526/204 249/530/206 294/531/206 293/527/204
f 261/502/12 285/480/12 284/478/12 260/499/12
f 256/528/205 257/532/207 302/533/207 301/529/205
f 249/530/206 250/534/208 295/535/208 294/531/206
f 262/536/12 286/481/12 285/480/12 261/502/12
f 257/532/207 258/537/209 303/538/209 302/533/207
f 250/534/208 251/503/197 296/506/197 295/535/208
f 263/508/12 287/496/12 286/481/12 262/536/12
f 308/539/12 332/500/12 331/540/12 307/541/12
f 292/521/1 293/527/2 316/542/2 315/543/1
f 264/507/32 349/544/32 350/545/2 265/514/2
f 300/525/28 301/529/29 324/546/29 323/547/28
f 293/527/2 294/531/32 317/548/32 316/542/2
f 244/509/29 329/549/29 330/550/28 245/515/28
f 301/529/29 302/533/39 325/551/39 324/546/29
f 294/531/32 295/535/26 318/552/26 317/548/32
f 265/514/2 350/545/2 351/553/1 266/518/1
f 302/533/39 303/538/11 326/554/11 325/551/39
f 295/535/26 296/506/27 319/555/27 318/552/26
f 245/515/28 330/550/28 331/540/34 259/523/34
f 262/536/27 334/556/27 335/557/26 263/508/26
f 296/506/27 297/505/38 320/558/38 319/555/27
f 266/518/1 351/553/1 280/476/35 214/449/35
f 202/438/11 268/462/11 328/559/39 243/456/39
f 297/513/38 298/512/33 321/560/33 320/561/38
f 259/523/34 331/540/34 332/500/33 260/499/33
f 263/508/26 335/557/26 349/544/32 264/507/32
f 298/512/33 299/517/34 322/562/34 321/560/33
f 261/502/38 333/501/38 334/556/27 262/536/27
f 291/522/35 292/521/1 315/543/1 314/563/35
f 243/456/39 328/559/39 329/549/29 244/509/29
f 299/517/34 300/525/28 323/547/28 322/562/34
f 323/564/210 324/565/211 346/566/211 345/567/210
f 316/568/212 317/569/213 339/570/213 338/571/212
f 309/572/12 333/501/12 332/500/12 308/539/12
f 324/565/211 325/573/214 347/574/214 346/566/211
f 317/569/213 318/575/215 340/576/215 339/570/213
f 310/577/12 334/556/12 333/501/12 309/572/12
f 325/573/214 326/578/216 348/579/216 347/574/214
f 318/575/215 319/580/217 341/581/217 340/576/215
f 311/582/12 335/557/12 334/556/12 310/577/12
f 304/583/12 328/559/12 268/462/12 246/483/12
f 319/580/217 320/584/218 342/585/218 341/581/217
f 312/586/12 349/544/12 335/557/12 311/582/12
f 305/587/12 329/549/12 328/559/12 304/583/12
f 320/588/218 321/589/219 343/590/219 342/591/218
f 313/592/12 350/545/12 349/544/12 312/586/12
f 306/593/12 330/550/12 329/549/12 305/587/12
f 321/589/219 322/594/220 344/595/220 343/590/219
f 327/596/12 351/553/12 350/545/12 313/592/12
f 314/597/221 315/598/222 337/599/222 336/600/221
f 307/541/12 331/540/12 330/550/12 306/593/12
f 322/594/220 323/564/210 345/567/210 344/595/220
f 258/494/12 280/476/12 351/553/12 327/596/12
f 315/598/222 316/568/212 338/571/212 337/599/222
f 487/601/223 463/602/223 462/603/224 486/604/224
f 342/605/38 343/606/33 387/607/33 386/608/38
f 306/609/225 354/610/225 355/611/226 307/612/226
f 310/613/227 371/614/227 372/615/228 311/616/228
f 343/606/33 344/617/34 388/618/34 387/607/33
f 327/619/229 375/620/229 303/538/209 258/537/209
f 336/621/35 337/622/1 381/623/1 380/624/35
f 246/519/201 291/522/201 352/625/230 304/626/230
f 344/617/34 345/627/28 389/628/28 388/618/34
f 307/612/226 355/611/226 356/629/231 308/630/231
f 337/622/1 338/631/2 382/632/2 381/623/1
f 311/616/228 372/615/228 373/633/232 312/634/232
f 345/635/28 346/636/29 390/637/29 389/638/28
f 338/631/2 339/639/32 383/640/32 382/632/2
f 304/626/230 352/625/230 353/641/233 305/642/233
f 346/636/29 347/643/39 391/644/39 390/637/29
f 339/645/32 340/646/26 384/647/26 383/648/32
f 312/634/232 373/633/232 374/649/234 313/650/234
f 347/643/39 348/651/11 392/652/11 391/644/39
f 340/646/26 341/653/27 385/654/27 384/647/26
f 305/642/233 353/641/233 354/610/225 306/609/225
f 308/630/231 356/629/231 357/655/235 309/656/235
f 341/653/27 342/605/38 386/608/38 385/654/27
f 313/650/234 374/649/234 375/620/229 327/619/229
f 309/657/235 357/658/235 371/614/227 310/613/227
f 403/659/236 402/660/237 380/661/237 381/662/236
f 404/663/238 403/659/236 381/662/236 382/664/238
f 405/665/239 404/663/238 382/664/238 383/666/239
f 406/667/240 405/665/239 383/666/239 384/668/240
f 407/669/241 406/667/240 384/668/240 385/670/241
f 408/671/242 407/669/241 385/670/241 386/672/242
f 409/673/243 408/674/242 386/675/242 387/676/243
f 410/677/244 409/673/243 387/676/243 388/678/244
f 411/679/245 410/677/244 388/678/244 389/680/245
f 412/681/246 411/679/245 389/680/245 390/682/246
f 413/683/247 412/681/246 390/682/246 391/684/247
f 414/685/248 413/683/247 391/684/247 392/686/248
f 352/625/25 376/687/25 377/688/8 353/641/8
f 353/641/8 377/688/8 378/689/43 354/610/43
f 354/610/43 378/689/43 379/690/30 355/611/30
f 355/611/30 379/690/30 393/691/31 356/629/31
f 357/658/4 394/692/4 395/693/5 371/614/5
f 291/522/35 314/563/35 376/687/25 352/625/25
f 397/694/249 421/695/249 422/696/250 398/697/250
f 398/697/250 422/696/250 423/698/251 399/699/251
f 399/699/251 423/698/251 348/579/216 326/578/216
f 393/700/252 417/701/252 418/702/253 394/703/253
f 396/704/254 420/705/254 421/695/249 397/694/249
f 395/706/255 419/707/255 420/705/254 396/704/254
f 359/708/12 358/709/12 402/660/12 403/659/12
f 360/710/12 359/708/12 403/659/12 404/663/12
f 361/711/12 360/710/12 404/663/12 405/665/12
f 362/712/12 361/711/12 405/665/12 406/667/12
f 363/713/12 362/712/12 406/667/12 407/669/12
f 364/714/12 363/713/12 407/669/12 408/671/12
f 365/715/12 364/716/12 408/674/12 409/673/12
f 366/717/12 365/715/12 409/673/12 410/677/12
f 367/718/12 366/717/12 410/677/12 411/679/12
f 368/719/12 367/718/12 411/679/12 412/681/12
f 369/720/12 368/719/12 412/681/12 413/683/12
f 370/44/12 369/720/12 413/683/12 414/685/12
f 373/633/7 397/721/7 398/722/40 374/649/40
f 374/649/40 398/722/40 399/723/10 375/620/10
f 375/620/10 399/723/10 326/554/11 303/538/11
f 356/629/31 393/691/31 394/724/4 357/655/4
f 371/614/5 395/693/5 396/725/6 372/615/6
f 372/615/6 396/725/6 397/721/7 373/633/7
f 377/726/256 401/727/256 415/728/257 378/729/257
f 378/729/257 415/728/257 416/730/258 379/731/258
f 379/731/258 416/730/258 417/701/252 393/700/252
f 394/732/253 418/733/253 419/707/255 395/706/255
f 376/734/259 400/735/259 401/727/256 377/726/256
f 314/597/221 336/600/221 400/735/259 376/734/259
f 443/32/12 491/736/12 490/737/12 442/29/12
f 418/738/4 466/739/4 467/740/5 419/741/5
f 363/713/27 364/714/38 454/742/38 453/743/27
f 489/744/260 465/745/260 464/746/261 488/747/261
f 336/621/35 380/624/35 461/748/25 400/749/25
f 364/716/38 365/715/33 455/750/33 454/751/38
f 491/736/262 467/752/262 466/753/263 490/737/263
f 400/749/25 461/748/25 462/754/8 401/755/8
f 365/715/33 366/717/34 456/756/34 455/750/33
f 521/757/264 484/758/264 483/759/265 520/760/265
f 358/709/35 359/708/1 449/761/1 448/762/35
f 401/755/8 462/754/8 463/763/43 415/764/43
f 366/717/34 367/718/28 457/765/28 456/756/34
f 519/766/266 469/767/266 468/768/267 518/769/267
f 359/708/1 360/710/2 450/770/2 449/761/1
f 415/771/43 463/772/43 464/773/30 416/774/30
f 367/718/28 368/719/29 458/775/29 457/765/28
f 360/710/2 361/711/32 451/776/32 450/770/2
f 416/774/30 464/773/30 465/777/31 417/778/31
f 368/719/29 369/720/39 459/779/39 458/775/29
f 361/711/32 362/712/26 452/780/26 451/776/32
f 485/781/268 461/782/268 380/661/237 402/660/237
f 369/720/39 370/44/11 460/43/11 459/779/39
f 362/712/26 363/713/27 453/743/27 452/780/26
f 425/783/12 424/784/12 448/785/12 449/786/12
f 426/787/12 425/783/12 449/786/12 450/788/12
f 427/789/12 426/787/12 450/788/12 451/790/12
f 428/791/12 427/789/12 451/790/12 452/792/12
f 429/793/12 428/791/12 452/792/12 453/794/12
f 430/795/12 429/793/12 453/794/12 454/796/12
f 431/797/12 430/795/12 454/796/12 455/798/12
f 432/799/12 431/797/12 455/798/12 456/800/12
f 433/801/12 432/799/12 456/800/12 457/802/12
f 434/803/12 433/801/12 457/802/12 458/804/12
f 435/805/12 434/803/12 458/804/12 459/806/12
f 436/63/12 435/805/12 459/806/12 460/233/12
f 419/741/5 467/740/5 468/807/6 420/808/6
f 420/808/6 468/807/6 469/809/7 421/810/7
f 421/811/7 469/812/7 483/813/40 422/814/40
f 422/814/40 483/813/40 484/815/10 423/816/10
f 423/816/10 484/815/10 392/652/11 348/651/11
f 417/778/31 465/777/31 466/739/4 418/738/4
f 486/604/224 462/603/224 461/782/268 485/781/268
f 488/747/261 464/746/261 463/602/223 487/601/223
f 490/817/263 466/818/263 465/745/260 489/744/260
f 518/769/267 468/768/267 467/752/262 491/736/262
f 414/685/248 392/686/248 484/758/264 521/757/264
f 520/760/265 483/759/265 469/767/266 519/766/266
f 473/819/12 475/820/12 479/821/12
f 435/805/269 436/63/14 482/62/14 481/822/269
f 428/791/270 429/793/271 475/820/271 474/823/270
f 444/33/12 518/769/12 491/736/12 443/32/12
f 437/221/12 485/781/12 402/660/12 358/709/12
f 429/793/271 430/795/272 476/824/272 475/820/271
f 445/36/12 519/766/12 518/769/12 444/33/12
f 438/37/12 486/604/12 485/781/12 437/221/12
f 430/795/272 431/797/273 477/825/273 476/824/272
f 446/223/12 520/760/12 519/766/12 445/36/12
f 439/40/12 487/601/12 486/604/12 438/37/12
f 431/797/273 432/799/274 478/826/274 477/825/273
f 441/228/31 550/227/31 551/827/4 442/828/4
f 424/784/275 425/783/276 471/829/276 470/830/275
f 440/225/12 488/747/12 487/601/12 439/40/12
f 432/799/274 433/801/277 479/821/277 478/826/274
f 447/41/12 521/757/12 520/760/12 446/223/12
f 425/783/276 426/787/278 472/831/278 471/829/276
f 441/228/12 489/744/12 488/747/12 440/225/12
f 433/801/277 434/803/279 480/832/279 479/821/277
f 426/787/278 427/789/280 473/819/280 472/831/278
f 442/828/12 490/817/12 489/744/12 441/228/12
f 434/803/279 435/805/269 481/822/269 480/832/279
f 427/789/280 428/791/270 474/823/270 473/819/280
f 493/833/281 494/247/49 495/246/49 492/8/281
f 497/834/282 493/833/281 492/8/281 496/7/282
f 499/835/283 497/834/282 496/7/282 498/10/283
f 501/836/284 499/835/283 498/10/283 500/12/284
f 503/837/285 501/836/284 500/12/284 502/14/285
f 505/838/286 503/837/285 502/14/285 504/16/286
f 507/839/287 505/838/286 504/16/286 506/18/287
f 509/840/288 507/839/287 506/18/287 508/20/288
f 511/841/289 509/840/288 508/20/288 510/22/289
f 513/842/290 511/841/289 510/22/289 512/24/290
f 515/843/291 513/842/290 512/24/290 514/26/291
f 517/844/292 515/843/291 514/26/291 516/28/292
f 358/709/35 448/762/35 533/222/25 437/221/25
f 445/36/7 554/35/7 555/224/40 446/223/40
f 439/40/9 535/39/9 549/226/30 440/225/30
f 522/48/12 533/47/12 448/785/12 424/784/12
f 525/52/12 549/51/12 535/230/12 524/229/12
f 528/56/12 552/55/12 551/231/12 527/64/12
f 531/60/12 555/59/12 554/232/12 530/73/12
f 482/62/12 577/71/12 573/234/12
f 526/49/46 574/235/46 575/65/15 527/64/15
f 424/784/275 470/830/275 557/69/19 522/48/19
f 531/60/44 579/198/44 580/61/13 532/57/13
f 524/229/47 572/236/47 573/234/45 525/52/45
f 2/265/3 4/5/3 492/8/3 495/246/3
f 91/845/3 90/846/3 536/267/3 537/266/3
f 90/846/3 92/847/3 538/275/3 536/267/3
f 92/847/3 93/848/3 539/279/3 538/275/3
f 93/848/3 94/849/3 540/67/3 539/279/3
f 94/849/3 95/850/3 541/68/3 540/67/3
f 95/850/3 96/851/3 542/248/3 541/68/3
f 96/851/3 97/852/3 543/254/3 542/248/3
f 97/852/3 98/853/3 544/260/3 543/254/3
f 98/853/3 99/854/3 545/270/3 544/260/3
f 99/854/3 100/855/3 546/278/3 545/270/3
f 100/855/3 101/856/3 547/282/3 546/278/3
f 101/856/3 102/857/3 548/283/3 547/282/3
f 584/253/52 583/86/52 581/85/48 582/245/48
f 588/259/55 587/111/55 585/186/51 586/252/51
f 592/269/60 591/94/60 589/93/54 590/258/54
f 596/277/64 595/192/64 593/182/59 594/268/59
f 600/281/68 599/102/68 597/101/63 598/276/63
f 517/844/292 516/28/292 601/83/67 602/280/67
f 91/845/3 537/266/3 603/242/3 110/241/3
f 111/244/3 604/243/3 605/250/3 125/249/3
f 126/251/3 606/141/3 607/140/3 127/255/3
f 128/257/3 608/256/3 609/272/3 129/271/3
f 132/264/3 612/263/3 613/367/3 133/858/3
f 130/274/3 610/273/3 611/262/3 131/261/3
f 133/859/10 624/860/10 623/861/40 132/862/40
f 110/863/25 614/864/25 559/865/35 91/866/35
f 102/867/11 101/868/39 569/869/39 570/870/11
f 95/871/27 94/237/26 562/240/26 563/872/27
f 131/873/293 622/874/7 621/875/6 130/876/6
f 133/858/3 613/367/3 548/283/3 102/857/3
f 96/877/38 95/871/27 563/872/27 564/878/38
f 111/879/8 615/880/8 614/864/25 110/863/25
f 102/867/11 570/870/11 624/860/10 133/859/10
f 97/881/33 96/882/38 564/883/38 565/884/33
f 132/862/40 623/861/40 622/874/7 131/873/293
f 127/885/31 618/886/31 617/403/30 126/402/30
f 98/887/34 97/881/33 565/884/33 566/888/34
f 90/889/1 91/866/35 559/865/35 558/890/1
f 128/891/4 619/892/4 618/886/31 127/885/31
f 99/893/294 98/887/34 566/888/34 567/894/28
f 125/405/43 616/404/9 615/880/8 111/879/8
f 92/895/2 90/889/1 558/890/1 560/896/2
f 129/897/5 620/898/5 619/899/4 128/900/4
f 100/901/29 99/893/294 567/894/28 568/902/29
f 93/238/32 92/895/2 560/896/2 561/239/32
f 130/876/6 621/875/6 620/898/5 129/897/5
f 101/868/39 100/901/29 568/902/29 569/869/39
f 370/44/12 414/685/12 521/757/12 447/41/12
f 564/903/3 560/904/3 619/905/3 568/906/3
f 471/829/12 472/831/12 473/819/12
f 473/819/12 474/823/12 475/820/12
f 475/820/12 476/824/12 477/825/12
f 477/825/12 478/826/12 475/820/12
f 478/826/12 479/821/12 475/820/12
f 479/821/12 480/832/12 481/822/12
f 481/822/12 482/62/12 479/821/12
f 471/829/12 473/819/12 479/821/12
f 557/69/12 470/830/12 571/70/12
f 470/830/12 482/62/12 571/70/12
f 482/62/12 580/61/12 579/198/12
f 579/198/12 578/72/12 482/62/12
f 578/72/12 577/71/12 482/62/12
f 577/71/12 576/66/12 575/65/12
f 575/65/12 574/235/12 573/234/12
f 573/234/12 572/236/12 571/70/12
f 577/71/12 575/65/12 573/234/12
f 573/234/12 571/70/12 482/62/12
f 560/904/3 558/907/295 559/908/3
f 559/908/3 614/909/296 560/904/3
f 614/909/296 615/910/3 560/904/3
f 615/910/3 616/911/297 619/905/3
f 616/911/297 617/912/3 619/905/3
f 617/912/3 618/913/298 619/905/3
f 619/905/3 620/914/3 621/915/3
f 621/915/3 622/916/299 623/917/3
f 623/917/3 624/918/295 570/919/3
f 570/919/3 569/920/300 568/906/3
f 568/906/3 567/921/301 566/922/297
f 566/922/297 565/923/3 568/906/3
f 565/923/3 564/903/3 568/906/3
f 564/903/3 563/924/302 562/925/302
f 562/925/302 561/926/3 564/903/3
f 561/926/3 560/904/3 564/903/3
f 619/905/3 621/915/3 568/906/3
f 621/915/3 623/917/3 568/906/3
f 623/917/3 570/919/3 568/906/3
f 560/904/3 615/910/3 619/905/3
f 471/829/12 479/821/12 482/62/12 470/830/12
f 695/927/303 1498/928/304 1533/929/305 698/930/306
f 1466/931/307 1462/932/308 1461/933/309 1465/934/310
f 1770/935/311 1769/936/312 1765/937/313 1766/938/314
f 1085/939/315 1084/940/316 1092/941/317 1093/942/318
f 1101/943/319 882/944/320 881/945/321 1100/946/322
f 808/947/323 1293/948/324 894/949/325 662/950/326
f 1053/951/327 1052/952/328 1648/953/329 1649/954/330
f 1498/955/304 1531/956/331 1495/957/332 1494/958/333
f 1193/959/334 1167/960/335 748/961/336 750/962/337
f 1248/963/338 1249/964/339 1247/965/340 1246/966/341
f 907/967/342 908/968/343 910/969/344 909/970/345
f 701/971/346 702/972/347 810/973/348 809/974/349
f 669/975/350 1476/976/351 1477/977/352 670/978/353
f 961/979/354 965/980/355 964/981/356 960/982/357
f 773/983/358 1179/984/359 774/985/360
f 1324/986/361 1316/987/362 1315/988/363 1323/989/364
f 1364/990/365 1614/991/366 1613/992/367 1363/993/368
f 743/994/369 769/995/370 770/996/371 744/997/372
f 1094/998/373 1100/999/322 1480/1000/374 1476/1001/351
f 1047/1002/375 1102/1003/376 1156/1004/377 1155/1005/378
f 1270/1006/379 1277/1007/380 1285/1008/381 1282/1009/382
f 758/1010/383 757/1011/384 759/1012/385 760/1013/386
f 864/1014/387 816/1015/388 815/1016/389 863/1017/390
f 1129/1018/391 1128/1019/392 1124/1020/393 1125/1021/394
f 1309/1022/395 1301/1023/396 1300/1024/397 1308/1025/398
f 1523/1026/399 1528/1027/400 1526/1028/401 1520/1029/402
f 719/1030/403 713/1031/404 714/1032/405 720/1033/406
f 871/1034/407 875/1035/408 874/1036/409 870/1037/410
f 1147/1038/411 1146/1039/412 1142/1040/413 1143/1041/414
f 798/1042/415 800/1043/416 801/1044/417 799/1045/418
f 1618/1046/419 1170/1047/420 1172/1048/421 1620/1049/422
f 1664/1050/423 1821/1051/424 1783/1052/425 1546/1053/426
f 1214/1054/427 1215/1055/428 1808/1056/429 1807/1057/430
f 1224/1058/431 1225/1059/432 1223/1060/433 1222/1061/434
f 801/1062/417 1280/1063/435 1278/1064/436 799/1065/418
f 939/1066/437 941/1067/438 1445/1068/439 1443/1069/440
f 785/1070/441 789/1071/442 790/1072/443 786/1073/444
f 749/1074/445 750/1075/337 748/1076/336 747/1077/446
f 1076/1078/447 1086/1079/448 1470/1080/449 1456/1081/450
f 1061/1082/451 1060/1083/452 1066/1084/453 1067/1085/454
f 717/1086/455 718/1087/456 722/1088/457 721/1089/458
f 862/1090/459 861/1091/460 857/1092/461 858/1093/462
f 820/1094/463 884/1095/464 1384/1096/465 1305/1097/466
f 674/1098/467 673/1099/468 672/1100/469 671/1101/470
f 1492/1102/471 1390/1103/472 896/1104/473 978/1105/474
f 1612/1106/475 1615/1107/476 1367/1108/477 1362/1109/478
f 1515/1110/479 1524/1111/480 1530/1112/481 1519/1113/482
f 676/1114/483 1034/1115/484 1037/1116/485 682/1117/486
f 1383/1118/487 883/1119/488 819/1120/489 1304/1121/490
f 888/1122/491 882/1123/320 1152/1124/492 1169/1125/493
f 789/1126/442 1237/1127/494 1241/1128/495 793/1129/496
f 1710/1130/497 1711/1131/498 1739/1132/499 1738/1133/500
f 1225/1134/432 910/1135/344 908/1136/343 1223/1137/433
f 740/1138/501 744/1139/372 741/1140/502 715/1141/503
f 1042/1142/504 1033/1143/505 1049/1144/506 1054/1145/507
f 727/1146/508 728/1147/509 732/1148/510 731/1149/511
f 668/1150/512 667/1151/513 1421/1152/514 1422/1153/515
f 1761/1154/516 1763/1155/517 1229/1156/518 1760/1157/519
f 929/1158/520 1250/1159/521 1248/1160/338 927/1161/522
f 1104/1162/523 1092/1163/317 1089/1164/524 1096/1165/525
f 1798/1166/526 1667/1167/527 1668/1168/528 1799/1169/529
f 1664/1050/423 1405/1170/530 1718/1171/531 1821/1051/424
f 818/1172/532 817/1173/533 703/1174/534 704/1175/535
f 1269/1176/536 1221/1177/537 905/1178/538 950/1179/539
f 793/1180/496 796/1181/540 797/1182/541 794/1183/542
f 1170/1047/420 1618/1046/419 1616/1184/543 1165/1185/544
f 929/1158/520 1165/1185/544 1616/1184/543 1250/1159/521
f 1012/1186/545 1013/1187/546 1103/1188/547 1102/1189/376
f 1197/1190/548 754/1191/549 756/1192/550 1199/1193/551
f 808/947/323 812/1194/552 1297/1195/553 1293/948/324
f 1158/1196/554 1159/1197/555 1167/1198/335 1164/1199/556
f 912/1200/557 1404/1201/558 1424/1202/559 920/1203/560
f 846/1204/561 854/1205/562 853/1206/563 845/1207/564
f 957/1208/565 961/979/354 960/982/357 956/1209/566
f 917/1210/567 1246/1211/341 1244/1212/568 915/1213/569
f 977/1214/570 891/1215/571 1389/1216/572 1490/1217/573
f 692/1218/574 689/1219/575 690/1220/576 691/1221/577
f 1475/1222/578 1091/1223/579 1087/1224/580 1472/1225/581
f 1172/1226/421 1173/1227/582 1176/1228/583 1175/1229/584
f 755/1230/585 1198/1231/586 1200/1232/587 757/1233/384
f 1603/1234/588 1796/1235/589 1794/1236/590 1601/1237/591
f 1646/1238/592 1645/1239/593 1641/1240/594 1642/1241/595
f 940/1242/596 1178/1243/597 941/1244/438
f 1160/1245/598 1163/1246/599 1153/1247/600 1148/1248/601
f 1226/1249/602 1243/1250/603 1225/1059/432 1224/1058/431
f 1649/1251/330 1653/1252/604 1654/1253/605 1650/1254/606
f 797/1255/541 1274/1256/607 1242/1257/608 794/1258/542
f 1724/1259/609 1722/1260/610 1723/1261/611 1725/1262/612
f 1559/1263/613 1555/1264/614 1554/1265/615 1558/1266/616
f 1752/1267/617 1751/1268/618 1747/1269/619 1748/1270/620
f 1151/1271/621 881/1272/321 887/1273/622 1168/1274/623
f 823/1275/624 831/1276/625 830/1277/626 822/1278/627
f 1182/1279/628 1186/1280/629 1185/1281/630 1181/1282/631
f 1117/1283/632 1116/1284/633 1120/1285/634 1121/1286/635
f 1797/1287/636 1800/1288/637 1669/1289/638 1666/1290/639
f 695/1291/303 696/1292/640 1531/956/331 1498/955/304
f 663/1293/641 900/1294/642 899/1295/643 657/1296/644
f 807/1297/645 808/1298/323 662/1299/326 661/1300/646
f 1501/1301/647 982/1302/648 980/1303/649 1499/1304/650
f 1755/1305/651 1754/1306/652 1750/1307/653 1751/1308/618
f 1232/1309/654 1235/1310/655 1272/1311/656 1240/1312/657
f 1096/1313/525 1089/1314/524 1088/1315/658 1095/1316/659
f 1161/1317/660 972/1318/661 971/1319/662 1160/1320/598
f 1275/1321/663 1296/1322/664 1297/1323/553 1278/1324/436
f 1567/1325/665 1559/1263/613 1558/1266/616 1566/1326/666
f 702/972/347 701/971/346 715/1327/503 716/1328/667
f 1171/1329/668 1619/1330/669 1621/1331/670 1173/1332/582
f 1591/1333/671 1590/1334/672 1407/1335/673 1408/1336/674
f 1470/1337/449 1474/1338/675 1475/1339/578 1472/1340/581
f 1482/1341/676 1326/1342/677 1527/1343/678 1060/1344/452
f 960/1345/357 964/1346/356 963/1347/679 959/1348/680
f 1171/1349/668 1173/1227/582 1172/1226/421 1170/1350/420
f 1322/1351/681 1325/1352/682 1329/1353/683 1326/1354/677
f 1455/1355/684 1460/1356/685 1464/1357/686 1461/1358/309
f 1351/1359/687 1348/1360/688 1356/1361/689 776/1362/690
f 1612/1106/475 1592/1363/691 1595/1364/692 1615/1107/476
f 1771/1365/693 1768/1366/694 1772/1367/695 1775/1368/696
f 977/1214/570 1490/1217/573 1479/1369/697 967/1370/698
f 771/1371/699 1216/1372/700 1218/1373/701 773/1374/358
f 870/1375/410 874/1376/409 873/1377/702 869/1378/703
f 650/1379/704 906/1380/705 1398/1381/706 782/1382/707
f 1473/1383/708 1471/1384/709 1061/1385/451 1062/1386/710
f 1224/1387/431 1222/1388/434 907/1389/342 909/1390/345
f 930/1391/711 929/1392/520 927/1393/522 928/1394/712
f 1072/1395/713 1085/1396/315 1093/1397/318 1088/1398/658
f 1843/1399/714 1844/1400/715 1846/1401/716 1845/1402/717
f 851/1403/718 883/1119/488 1383/1118/487 1336/1404/719
f 730/1405/720 734/1406/721 733/1407/722 729/1408/723
f 1221/1177/537 1223/1137/433 908/1136/343 905/1178/538
f 1801/1409/724 1797/1410/636 1798/1411/526 1802/1412/725
f 760/1413/386 1203/1414/726 1201/1415/727 758/1416/383
f 1444/1417/728 1445/1418/439 1696/1419/729
f 1138/1420/730 1572/1421/731 1226/1422/602 913/1423/732
f 1829/1424/733 1833/1425/734 1832/1426/735 1828/1427/736
f 1661/1428/737 1546/1429/426 1665/1430/738 1662/1431/739
f 913/1423/732 1226/1422/602 1224/1387/431 909/1390/345
f 1849/1432/740 1853/1433/741 1856/1434/742 1852/1435/743
f 1354/1436/744 1353/1437/745 1300/1024/397 1301/1023/396
f 930/1391/711 1166/1438/746 1165/1439/544 929/1392/520
f 712/1440/747 709/1441/748 713/1442/404 718/1443/456
f 987/1444/749 1023/1445/750 1022/1446/751 976/1447/752
f 763/1448/753 761/1449/754 1204/1450/755 1206/1451/756
f 856/1452/757 860/1453/758 859/1454/759 855/1455/760
f 683/1456/761 1094/998/373 1476/1001/351 669/1457/350
f 1708/1458/762 1707/1459/763 1358/1460/764 1360/1461/765
f 634/1462/766 694/1463/767 699/1464/768 635/1465/769
f 1594/1466/770 1614/1467/366 1615/1468/476 1595/1469/692
f 1151/1271/621 1480/1000/374 1100/999/322 881/1272/321
f 1797/1410/636 1666/1470/639 1667/1471/527 1798/1411/526
f 1704/1472/771 1703/1473/772 1707/1459/763 1708/1458/762
f 1231/1474/773 1236/1475/774 1230/1476/775 1227/1477/776
f 772/1478/777 1217/1479/778 886/1480/779 659/1481/780
f 760/1013/386 759/1012/385 745/1482/781 746/1483/782
f 974/1484/783 971/1485/662 975/1486/784 1014/1487/785
f 1437/1488/786 1439/1489/787 1438/1490/788 1434/1491/789
f 1136/1492/790 1137/1493/791 914/1494/792 1139/1495/793
f 665/1496/794 666/1497/795 922/1498/796 921/1499/797
f 1066/1084/453 1078/1500/798 1079/1501/799 1067/1085/454
f 925/1502/800 990/1503/801 991/1504/802 926/1505/803
f 1640/1506/804 1644/1507/805 1647/1508/806 1643/1509/807
f 924/1510/808 923/1511/809 1536/1512/810 1537/1513/811
f 1279/1514/812 1281/1515/813 802/1516/814 800/1517/416
f 1098/1518/815 1083/1519/816 1016/1520/817 1019/1521/818
f 1169/1125/493 1177/1522/819 890/1523/820 888/1122/491
f 835/1524/821 1625/1525/822 1626/1526/823 1627/1527/824
f 1519/1528/482 1530/1529/481 1529/1530/825 1518/1531/826
f 1496/1532/827 1497/1533/828 1143/1041/414 1142/1040/413
f 1065/1534/829 1442/1535/830 1458/1536/831 1077/1537/832
f 1740/1538/833 1738/1133/500 1739/1132/499 1741/1539/834
f 1054/1145/507 1049/1144/506 1359/1540/835
f 738/1541/836 708/1542/837 707/1543/838 737/1544/839
f 1065/1545/829 1077/1546/832 1076/1547/447 1064/1548/840
f 1826/1549/841 1823/1550/842 1827/1551/843 1830/1552/844
f 897/1553/845 898/1554/846 944/1555/847 943/1556/848
f 1230/1557/775 1776/1558/849 1777/1559/850 1227/1560/776
f 1677/1561/851 1381/1562/852 1602/1563/853 1795/1564/854
f 955/1565/855 959/1566/680 962/1567/856 958/1568/857
f 1208/1569/858 1209/1570/859 886/1571/779 885/1572/860
f 1058/1573/861 1064/1574/840 1441/1575/862 1435/1576/863
f 650/1379/704 782/1382/707 1404/1201/558 912/1200/557
f 642/1577/864 641/1578/865 640/1579/866 639/1580/867
f 1866/1581/868 1867/1582/869 1863/1583/870 1862/1584/871
f 889/1585/872 887/1586/622 888/1587/491 890/1588/820
f 1856/1589/742 1855/1590/873 1851/1591/874 1852/1592/743
f 1652/1593/875 1656/1594/876 1657/1595/877 1653/1596/604
f 1809/1597/878 1813/1598/879 1816/1599/880 1812/1600/881
f 1476/976/351 1480/1601/374 1491/1602/882 1477/977/352
f 1662/1603/739 1665/1604/738 1406/1605/883 1663/1606/884
f 687/1607/885 988/1608/886 989/1609/887 688/1610/888
f 1502/1611/889 1505/1612/890 1506/1613/891 1503/1614/892
f 754/1615/549 1182/1279/628 1181/1282/631 753/1616/893
f 752/1617/894 1195/1618/895 1193/959/334 750/962/337
f 1228/1619/896 1232/1620/654 1231/1621/773 1227/1622/776
f 1144/1623/897 1148/1248/601 1153/1247/600 1147/1624/411
f 837/1625/898 841/1626/899 844/1627/900 840/1628/901
f 1857/1629/902 1606/1630/903 1609/1631/904 1860/1632/905
f 845/1633/564 853/1634/563 856/1635/757 848/1636/906
f 1275/1321/663 1278/1324/436 1280/1637/435 1279/1638/812
f 774/1639/360 754/1191/549 1197/1190/548 1219/1640/907
f 1391/1641/908 1447/1642/909 1448/1643/910 1392/1644/911
f 1320/1645/912 1334/1646/913 1335/1647/914 1321/1648/915
f 1608/1649/916 1638/1650/917 1611/1651/918 1607/1652/919
f 1032/1653/920 1043/1654/921 1055/1655/922 1048/1656/923
f 1086/1079/448 1090/1657/924 1474/1658/675 1470/1080/449
f 721/1089/458 722/1088/457 1125/1021/394 1124/1020/393
f 1217/1659/778 1219/1660/907 1218/1661/701 1216/1662/700
f 857/1663/461 861/1664/460 864/1665/387 860/1666/758
f 852/1667/925 884/1668/464 883/1669/488 851/1670/718
f 1874/1671/926 1870/1672/927 1871/1673/928 1875/1674/929
f 1153/1675/600 1150/1676/930 1146/1039/412 1147/1038/411
f 925/1677/800 931/1678/931 1431/1679/932 1425/1680/933
f 1694/1681/934 1445/1682/439 1737/1683/935 1846/1684/716
f 1593/1685/936 1592/1686/691 1612/1687/475 1613/1688/367
f 939/1066/437 1443/1069/440 1439/1689/787 937/1690/937
f 1034/1115/484 845/1633/564 848/1636/906 1037/1116/485
f 1171/1329/668 1166/1691/746 1617/1692/938 1619/1330/669
f 1337/1693/939 1336/1694/719 1383/1695/487 1384/1696/465
f 1773/1697/940 1772/1698/695 1768/1699/694 1769/1700/312
f 1328/1701/941 1327/1702/942 1483/1703/943
f 1479/1704/697 1490/1705/573 1492/1706/471 1481/1707/944
f 1492/1102/471 978/1105/474 968/1708/945 1481/1709/944
f 932/1710/946 934/1711/947 935/1712/948 933/1713/949
f 1578/1714/950 1582/1715/951 1583/1716/952 1579/1717/953
f 1667/1471/527 1666/1470/639 1670/1718/954 1671/1719/955
f 1551/1720/956 1565/1721/957 1564/1722/958 1550/1723/959
f 834/1724/960 1253/1725/961 1252/1726/962 833/1727/963
f 1482/1728/676 1060/1729/452 1061/1730/451
f 1212/1731/964 1174/1732/965 889/1733/872 897/1734/845
f 641/1735/865 681/1736/966 678/1737/967 640/1738/866
f 1300/1739/397 1299/1740/968 1307/1741/969 1308/1742/398
f 925/1502/800 926/1505/803 942/1743/970 931/1744/931
f 947/1745/971 949/1746/972 1268/1747/973 1266/1748/974
f 663/1749/641 657/1750/644 656/1751/975 655/1752/976
f 752/1753/894 751/1754/977 932/1710/946 933/1713/949
f 1639/1755/978 1643/1756/807 1642/1757/595 1638/1758/917
f 728/1759/509 729/1760/723 733/1761/722 732/1762/510
f 765/1763/979 658/1764/980 659/1765/780 766/1766/981
f 1009/1767/982 1001/1768/983 1000/1769/984 1008/1770/985
f 717/1771/455 721/1772/458 720/1773/406 714/1774/405
f 1074/1775/986 1062/1776/710 1061/1777/451 1067/1778/454
f 819/1779/489 820/1780/463 826/1781/987 825/1782/988
f 1378/1783/989 1373/1784/990 1370/1785/991 1377/1786/992
f 997/1787/993 1802/1788/725 1803/1789/994 1004/1790/995
f 890/1523/820 1177/1522/819 1213/1791/996 898/1792/846
f 931/1744/931 942/1743/970 968/1793/945 967/1794/698
f 788/1795/997 787/1796/998 795/1797/999 804/1798/1000
f 719/1799/403 1122/1800/1001 1125/1801/394 722/1802/457
f 1254/1803/1002 1730/1804/1003 1728/1805/1004 1252/1806/962
f 656/1807/975 895/1808/1005 892/1809/1006 655/1810/976
f 759/1811/385 1202/1812/1007 1158/1813/554 745/1814/781
f 1706/1815/1008 1709/1816/1009 1361/1817/1010 1357/1818/1011
f 727/1819/508 730/1820/720 726/1821/1012 723/1822/1013
f 678/1823/967 1035/1824/1014 1034/1825/484 676/1826/483
f 710/1827/1015 711/1828/1016 717/1771/455 714/1774/405
f 765/1829/979 1208/1830/858 885/1831/860 658/1832/980
f 915/1833/569 916/1834/1017 918/1835/1018 917/1836/567
f 1267/1837/1019 948/1838/1020 946/1839/1021 1265/1840/1022
f 912/1841/557 920/1842/560 919/1843/1023 911/1844/1024
f 750/1075/337 749/1074/445 751/1754/977 752/1753/894
f 887/1273/622 889/1733/872 1174/1732/965 1168/1274/623
f 675/1845/1025 677/1846/1026 894/1847/325 893/1848/1027
f 938/1849/1028 939/1850/437 937/1851/937 936/1852/1029
f 824/1853/1030 823/1854/624 815/1016/389 816/1015/388
f 1151/1855/621 1152/1856/492 1491/1602/882 1480/1601/374
f 726/1857/1012 730/1405/720 729/1408/723 725/1858/1031
f 1160/1245/598 971/1485/662 974/1484/783 1163/1246/599
f 786/1859/444 1234/1860/1032 1291/1861/1033 806/1862/1034
f 1402/1863/1035 1406/1864/883 1719/1865/1036 1717/1866/1037
f 1308/1742/398 1307/1741/969 1315/988/363 1316/987/362
f 1758/1867/1038 1762/1868/1039 1763/1869/517 1761/1870/516
f 1425/1871/933 1431/1872/932 1446/1873/1040 1426/1874/1041
f 950/1875/539 949/1876/972 947/1877/971 948/1878/1020
f 1099/1879/1042 1020/1880/1043 1015/1881/1044 1082/1882/1045
f 863/1883/390 862/1884/459 858/1885/462 859/1886/759
f 1677/1561/851 1686/1887/1046 1385/1888/1047 1381/1562/852
f 1607/1889/919 1611/1890/918 1610/1891/1048 1606/1892/903
f 1562/1893/1049 1551/1894/956 1780/1895/1050 1781/1896/1051
f 960/1345/357 959/1348/680 955/1897/855 956/1898/566
f 1052/952/328 1053/951/327 1045/1899/1052 1044/1900/1053
f 948/1838/1020 1267/1837/1019 1269/1176/536 950/1179/539
f 959/1566/680 963/1901/679 966/1902/1054 962/1567/856
f 1427/1903/1055 1410/1904/1056 1722/1905/610 1724/1906/609
f 1139/1907/793 914/1908/792 1243/1909/603 1573/1910/1057
f 1537/1513/811 1536/1512/810 1330/1911/1058 1331/1912/1059
f 702/1913/347 716/1914/667 739/1915/1060 703/1916/534
f 753/1917/893 755/1918/585 756/1919/550 754/1920/549
f 1109/1921/1061 1108/1922/1062 1112/1923/1063 1113/1924/1064
f 1816/1925/880 1815/1926/1065 1811/1927/1066 1812/1928/881
f 1070/1929/1067 1069/1930/1068 1073/1931/1069 1084/1932/316
f 1601/1237/591 1794/1236/590 922/1933/796 989/1934/887
f 932/1935/946 751/1936/977 1194/1937/1070 1432/1938/1071
f 1745/1939/1072 1454/1940/1073 1397/1941/1074 1713/1942/1075
f 1424/1943/559 1852/1592/743 1851/1591/874 1321/1944/915
f 1152/1124/492 882/1123/320 1101/1945/319 1491/1946/882
f 1558/1947/616 1557/1948/1076 1561/1949/1077 1566/1950/666
f 800/1043/416 802/1951/814 803/1952/1078 801/1044/417
f 1791/1953/1079 1792/1954/1080 1721/1955/1081 1720/1956/1082
f 1172/1048/421 1175/1957/584 1622/1958/1083 1620/1049/422
f 1531/1959/331 1532/1960/1084 1496/1961/827 1495/1962/332
f 948/1878/1020 947/1877/971 945/1963/1085 946/1964/1021
f 694/1463/767 1874/1671/926 1875/1674/929 699/1464/768
f 730/1820/720 727/1819/508 731/1965/511 734/1966/721
f 1635/1967/1086 1634/1968/1087 1106/1969/1088 1107/1970/1089
f 825/1971/988 827/1972/1090 1312/1973/1091 1310/1974/1092
f 1665/1975/738 1822/1976/1093 1719/1865/1036 1406/1864/883
f 915/1213/569 1244/1212/568 1474/1658/675 1090/1657/924
f 1861/1977/1094 1823/1550/842 1826/1549/841 1864/1978/1095
f 827/1972/1090 833/1979/963 1318/1980/1096 1312/1973/1091
f 1553/1981/1097 1552/1982/1098 1556/1983/1099 1557/1984/1076
f 1753/1985/1100 1757/1986/1101 1756/1987/1102 1752/1988/617
f 862/1090/459 814/1989/1103 813/1990/1104 861/1091/460
f 1528/1991/400 1329/1992/683 1328/1993/941
f 714/1032/405 713/1031/404 709/1994/748 710/1995/1015
f 724/1996/1105 728/1147/509 727/1146/508 723/1997/1013
f 1133/1998/1106 1130/1999/1107 1134/2000/1108 1137/2001/791
f 1277/2002/380 1121/1286/635 1120/1285/634 1276/2003/1109
f 1594/2004/770 1593/2005/936 1613/992/367 1614/991/366
f 1787/2006/1110 1788/2007/1111 1790/2008/1112 1789/2009/1113
f 1125/1801/394 1122/1800/1001 1126/2010/1114 1129/2011/391
f 1123/2012/1115 1127/2013/1116 1126/2014/1114 1122/2015/1001
f 1800/2016/637 1804/2017/1117 1803/2018/994 1799/2019/529
f 1620/2020/422 1622/2021/1083 1623/2022/1118 1621/2023/670
f 749/2024/445 1192/2025/1119 1194/1937/1070 751/1936/977
f 1774/2026/1120 1775/2027/696 1778/2028/1121 1545/2029/1122
f 821/2030/1123 829/2031/1124 832/2032/1125 824/2033/1030
f 1302/2034/1126 1012/2035/545 1011/2036/1127 1295/2037/1128
f 1447/2038/909 1738/2039/500 1740/2040/833 1449/2041/1129
f 1446/2042/1040 1481/1709/944 968/1708/945 942/2043/970
f 923/2044/809 986/2045/1130 1539/2046/1131 1536/2047/810
f 1506/2048/891 991/2049/802 984/2050/1132 1503/2051/892
f 658/1764/980 771/2052/699 772/2053/777 659/1765/780
f 938/2054/1028 1440/2055/1133 1444/2056/728 940/2057/596
f 1075/2058/1134 1081/2059/1135 1078/2060/798 1066/2061/453
f 1762/2062/1039 1227/2063/776 1777/2064/850 1542/2065/1136
f 1019/2066/818 1040/2067/1137 1041/2068/1138 1020/2069/1043
f 1522/2070/1139 1521/2071/1140 1527/2072/678 1329/2073/683
f 815/2074/389 823/1275/624 822/1278/627 814/2075/1103
f 910/1135/344 1225/1134/432 1243/2076/603 914/2077/792
f 1651/2078/1141 1655/2079/1142 1652/2080/875 1648/2081/329
f 1814/2082/1143 1815/2083/1065 1819/2084/1144 1818/2085/1145
f 674/2086/467 671/2087/470 992/2088/1146 1007/2089/1147
f 1839/2090/1148 1840/2091/1149 1842/2092/1150 1841/2093/1151
f 745/1482/781 747/1077/446 748/1076/336 746/1483/782
f 1742/2094/1152 1743/2095/1153 1745/2096/1072 1744/2097/1154
f 644/2098/1155 632/2099/1156 670/2100/353 684/2101/1157
f 625/2102/1158 626/2103/1159 652/2104/1160 651/2105/1161
f 708/2106/837 705/2107/1162 709/1441/748 712/1440/747
f 1120/2108/634 1116/2109/633 1115/2110/1163 1119/2111/1164
f 1059/2112/1165 1139/1907/793 1573/1910/1057 1436/2113/1166
f 681/1736/966 1036/2114/1167 1035/2115/1014 678/1737/967
f 813/2116/1104 816/2117/388 864/1665/387 861/1664/460
f 1384/1696/465 1383/1695/487 1304/2118/490 1305/2119/466
f 1323/2120/364 1322/2121/681 1326/2122/677 1327/2123/942
f 1000/2124/984 1095/2125/659 1105/2126/1168 1003/2127/1169
f 1747/2128/619 1751/1308/618 1750/1307/653 1746/2129/1170
f 1024/2130/1171 1021/2131/1172 1027/2132/1173 1029/2133/1174
f 1555/2134/614 1559/2135/613 1556/2136/1099 1552/2137/1098
f 1452/2138/1175 1450/2139/1176 1449/2140/1129 1451/2141/1177
f 944/2142/847 1263/2143/1178 1265/1840/1022 946/1839/1021
f 1211/2144/1179 1214/2145/427 1807/2146/430 1806/2147/1180
f 1513/2148/1181 1512/2149/1182 1600/2150/1183 1604/2151/1184
f 1146/2152/412 1150/2153/930 1149/2154/1185 1145/2155/1186
f 1675/2156/1187 1674/2157/1188 1680/2158/1189 1681/2159/1190
f 822/2160/627 830/2161/626 829/2162/1124 821/2163/1123
f 1673/2164/1191 1669/2165/638 1668/2166/528 1672/2167/1192
f 897/1734/845 943/2168/848 1262/2169/1193 1212/1731/964
f 790/2170/443 794/1258/542 1242/1257/608 1238/2171/1194
f 1230/2172/775 1229/2173/518 1778/2174/1121 1776/2175/849
f 1387/2176/1195 1388/2177/1196 1386/2178/1197 1385/2179/1047
f 906/1380/705 902/2180/1198 1394/2181/1199 1398/1381/706
f 940/2057/596 1444/2056/728 1736/2182/1200 1260/2183/1201
f 706/2184/1202 707/2185/838 711/1828/1016 710/1827/1015
f 1249/2186/339 1251/2187/1203 930/2188/711 928/2189/712
f 1103/1188/547 1157/2190/1204 1156/2191/377 1102/1189/376
f 1257/2192/1205 1255/2193/1206 1731/2194/1207 1733/2195/1208
f 1059/2196/1165 1058/2197/861 1139/2198/793
f 1835/2199/1209 1764/2200/1210 1767/2201/1211 1838/2202/1212
f 637/2203/1213 661/1300/646 662/1299/326 638/2204/1214
f 640/2205/866 678/1823/967 676/1826/483 639/2206/867
f 1518/2207/826 1529/2208/825 1525/2209/1215 1516/2210/1216
f 776/2211/690 775/2212/1217 779/2213/1218 780/2214/1219
f 1500/2215/1220 1493/2216/1221 979/2217/1222 981/2218/1223
f 911/2219/1024 919/2220/1023 1423/2221/1224 1403/2222/1225
f 993/2223/1226 1006/2224/1227 1867/1582/869 1866/1581/868
f 1230/2225/775 1236/2226/774 1235/2227/655 1229/2228/518
f 1870/1672/927 1575/2229/1228 1576/2230/1229 1871/1673/928
f 1188/2231/1230 865/2232/1231 868/2233/1232 1191/2234/1233
f 1856/1589/742 1860/2235/905 1859/2236/1234 1855/1590/873
f 1176/2237/583 1173/1332/582 1621/1331/670 1623/2238/1118
f 1755/1305/651 1759/2239/1235 1758/2240/1038 1754/1306/652
f 690/2241/576 997/1787/993 1004/1790/995 691/2242/577
f 1096/1313/525 1095/1316/659 1000/1769/984 1001/1768/983
f 813/2116/1104 821/2030/1123 824/2033/1030 816/2117/388
f 864/1014/387 863/1017/390 859/1454/759 860/1453/758
f 789/1071/442 793/1180/496 794/1183/542 790/1072/443
f 736/2243/1236 735/2244/1237 731/1149/511 732/1148/510
f 1461/1358/309 1464/1357/686 1468/2245/1238 1465/2246/310
f 1818/2085/1145 1819/2084/1144 1822/2247/1093 1783/2248/425
f 1857/1629/902 1860/1632/905 1856/1434/742 1853/1433/741
f 683/2249/761 684/2250/1157 1097/2251/1239 1094/2252/373
f 849/2253/1240 851/1403/718 1336/1404/719 1334/2254/913
f 779/2213/1218 791/2255/1241 792/2256/1242 780/2214/1219
f 853/1634/563 857/1663/461 860/1666/758 856/1635/757
f 719/1799/403 722/1802/457 718/1443/456 713/1442/404
f 686/2257/1243 685/2258/1244 985/2259/1245 986/2260/1130
f 1370/2261/991 1375/2262/1246 1380/2263/1247 1377/2264/992
f 1444/2056/728 1696/2265/729 1847/2266/1248 1736/2182/1200
f 1606/1630/903 1610/2267/1048 1639/2268/978 1609/1631/904
f 732/1762/510 733/1761/722 737/2269/839 736/2270/1236
f 1286/2271/1249 1347/2272/1250 1355/2273/1251 1348/2274/688
f 1009/1767/982 1008/1770/985 1025/2275/1252 1026/2276/1253
f 1441/2277/862 1456/2278/450 1458/2279/831 1442/2280/830
f 1288/2281/1254 1280/1063/435 801/1062/417 803/2282/1078
f 935/1712/948 934/1711/947 936/1852/1029 937/1851/937
f 1535/2283/1255 1543/2284/1256 1542/2285/1136 1534/2286/1257
f 1560/2287/1258 1568/2288/1259 1569/2289/1260 1561/2290/1077
f 884/1668/464 820/1780/463 819/1779/489 883/1669/488
f 1126/2014/1114 1127/2013/1116 1131/2291/1261 1130/2292/1107
f 839/2293/1262 843/2294/1263 842/2295/1264 838/2296/1265
f 1253/2297/961 834/2298/960 1319/2299/1266 1729/2300/1267
f 954/2301/1268 953/2302/1269 879/2303/1270 880/2304/1271
f 943/1556/848 944/1555/847 946/1964/1021 945/1963/1085
f 1191/2305/1233 868/2306/1232 867/2307/1272 1190/2308/1273
f 995/2309/1274 1508/2310/1275 1510/2311/1276 999/2312/1277
f 1259/2313/1278 1257/2192/1205 1733/2195/1208 1735/2314/1279
f 1018/2315/1280 1017/2316/1281 1030/2317/1282 1031/2318/1283
f 835/2319/821 836/2320/1284 850/2321/1285 849/2322/1240
f 1851/2323/874 1855/2324/873 1854/2325/1286 1850/2326/1287
f 1355/2327/1251 1352/2328/1288 777/2329/1289 1359/2330/835
f 838/2331/1265 842/2332/1264 841/2333/899 837/2334/898
f 1487/2335/1290 1517/2336/1291 1488/2337/1292 1484/2338/1293
f 1378/1783/989 1377/1786/992 1455/2339/684 1457/2340/1294
f 1471/2341/709 1469/2342/1295 1482/1728/676 1061/1730/451
f 693/2343/1296 700/2344/1297 1876/2345/1298 1873/2346/1299
f 1050/2347/1300 1045/2348/1052 1053/2349/327 1056/2350/1301
f 840/2351/901 844/2352/900 843/2353/1263 839/2354/1262
f 1113/1924/1064 1112/1923/1063 1116/1284/633 1117/1283/632
f 1451/2355/1177 1742/2356/1152 1744/2357/1154 1453/2358/1302
f 1022/2359/751 1021/2360/1172 975/2361/784 976/2362/752
f 1767/2201/1211 1764/2200/1210 1768/1366/694 1771/1365/693
f 1712/2363/1303 1713/2364/1075 1715/2365/1304 1714/2366/1305
f 1568/2288/1259 1572/2367/731 1435/2368/863 1569/2289/1260
f 1356/1361/689 775/2369/1217 776/1362/690
f 839/2293/1262 838/2296/1265 830/1277/626 831/1276/625
f 785/1070/441 786/1073/444 806/2370/1034 805/2371/1306
f 1037/2372/485 848/2373/906 847/2374/1307 1036/2375/1167
f 1088/1398/658 1093/1397/318 1105/2126/1168 1095/2125/659
f 1789/2009/1113 1790/2008/1112 1792/1954/1080 1791/1953/1079
f 885/1572/860 886/1571/779 1217/1659/778 1216/1662/700
f 682/2376/486 1037/2372/485 1036/2375/1167 681/2377/966
f 1845/1402/717 1846/1401/716 1737/2378/935 1847/2379/1248
f 903/2380/1308 906/2381/705 650/2382/704 649/2383/1309
f 1719/2384/1036 1821/2385/424 1718/2386/531
f 1112/2387/1063 1111/2388/1310 1115/2110/1163 1116/2109/633
f 1706/1815/1008 1702/2389/1311 1705/2390/1312 1709/1816/1009
f 1099/2391/1042 1098/2392/815 1019/2066/818 1020/2069/1043
f 1407/2393/673 1590/2394/672 1791/2395/1079 1720/2396/1082
f 1304/2118/490 1310/2397/1092 1311/2398/1313 1305/2119/466
f 1605/2399/1314 1514/2400/1315 1513/2401/1181 1604/2402/1184
f 1210/2403/1316 1215/2404/428 1157/2405/1204 1154/2406/1317
f 1002/2407/1318 1001/2408/983 1009/2409/982 1017/2410/1281
f 1341/2411/1319 1340/2412/1320 1344/2413/1321 1345/2414/1322
f 1244/2415/568 1246/966/341 1247/965/340 1245/2416/1323
f 1467/2417/1324 1466/2418/307 1471/1384/709 1473/1383/708
f 1457/2340/1294 1455/2339/684 1461/933/309 1462/932/308
f 1425/1871/933 1426/1874/1041 1506/1613/891 1505/1612/890
f 1792/2419/1080 1790/2420/1112 1583/2421/952 1591/2422/671
f 1000/2124/984 1003/2127/1169 1018/2423/1280 1008/2424/985
f 738/2425/836 735/2426/1237 705/2107/1162 708/2106/837
f 1618/2427/419 1620/2020/422 1621/2023/670 1619/2428/669
f 1446/2042/1040 942/2043/970 926/2429/803 1426/2430/1041
f 1663/2431/884 1406/2432/883 1664/2433/423 1660/2434/1325
f 1013/2435/546 1010/2436/1326 1046/2437/1327 1103/2438/547
f 1011/2036/1127 1012/2035/545 1102/1003/376 1047/1002/375
f 1746/2439/1170 1750/2440/653 1753/2441/1100 1749/2442/1328
f 1231/1621/773 1232/1620/654 1240/2443/657 1239/2444/1329
f 809/2445/349 791/2446/1241 804/2447/1000 818/2448/532
f 1356/2449/689 1048/2450/923 1417/2451/1330 775/2452/1217
f 1285/2453/381 1277/2002/380 1276/2003/1109 1284/2454/1331
f 1443/2455/440 1445/1418/439 1444/1417/728 1440/2456/1133
f 1210/2403/1316 1805/2457/1332 1808/2458/429 1215/2404/428
f 1187/2459/1333 1191/2305/1233 1190/2308/1273 1186/2460/629
f 1307/2461/969 1299/2462/968 1298/2463/1334 1306/2464/1335
f 1830/2465/844 1829/2466/733 1825/2467/1336 1826/2468/841
f 686/2469/1243 679/2470/1337 680/2471/1338 685/2472/1244
f 1511/2473/1339 1514/2474/1315 1605/2475/1314 1599/2476/1340
f 1448/2477/910 1739/2478/499 1711/2479/498 1392/2480/911
f 1414/2481/1341 1413/2482/1342 1417/2483/1330 1055/2484/922
f 943/2168/848 945/2485/1085 1264/2486/1343 1262/2169/1193
f 1873/2487/1299 1869/2488/1344 1870/2489/927 1874/2490/926
f 1429/2491/1345 1427/1903/1055 1724/1906/609 1726/2492/1346
f 878/2493/1347 877/2494/1348 873/1377/702 874/1376/409
f 639/2495/867 676/1114/483 682/1117/486 642/2496/864
f 1350/2497/1349 1343/2498/1350 1342/2499/1351 1349/2500/1352
f 636/2501/1353 633/2502/1354 634/2503/766 635/2504/769
f 1564/2505/958 1584/2506/1355 1597/2507/1356 1581/2508/1357
f 1185/2509/630 1189/2510/1358 1188/2511/1230 1184/2512/1359
f 771/1371/699 658/1832/980 885/1831/860 1216/1372/700
f 1185/2509/630 1184/2512/1359 1180/2513/1360 1181/2514/631
f 1258/2515/1361 1734/2516/1362 1732/2517/1363 1256/2518/1364
f 1811/2519/1066 1815/2083/1065 1814/2082/1143 1810/2520/1365
f 984/2050/1132 982/1302/648 1501/1301/647 1503/2051/892
f 680/2521/1338 679/2522/1337 923/1511/809 924/1510/808
f 1654/1253/605 1653/1252/604 1657/2523/877 1658/2524/1366
f 1307/2461/969 1306/2464/1335 1314/2525/1367 1315/2526/363
f 1395/2527/1368 1398/2528/706 1394/2529/1199 1393/2530/1369
f 1832/2531/735 1831/2532/1370 1827/2533/843 1828/2534/736
f 633/2535/1354 693/2536/1296 694/2537/767 634/2538/766
f 1549/2539/1371 1786/2540/1372 1784/2541/1373 1547/2542/1374
f 1236/1475/774 1231/1474/773 1239/2543/1329 1289/2544/1375
f 1759/2239/1235 1228/2545/896 1762/2546/1039 1758/2240/1038
f 1710/2547/497 1391/2548/908 1387/2549/1195 1692/2550/1376
f 1149/2551/1185 1161/1317/660 1160/1320/598 1148/2552/601
f 1410/1904/1056 1407/2393/673 1720/2396/1082 1722/1905/610
f 1050/2553/1300 1056/2554/1301 1057/2555/1377 1051/2556/1378
f 1516/2557/1216 1515/2558/479 1511/2559/1339 1512/2560/1182
f 1740/1538/833 1741/1539/834 1743/2095/1153 1742/2094/1152
f 1389/2561/572 1393/2530/1369 1394/2529/1199 1390/2562/472
f 1369/2563/1379 1368/2564/1380 1374/2565/1381 1375/2566/1246
f 1685/2567/1382 1684/2568/1383 1688/2569/1384 1689/2570/1385
f 903/2380/1308 901/2571/1386 902/2572/1198 906/2381/705
f 1091/1223/579 1475/1222/578 1245/2573/1323 916/2574/1017
f 1820/2575/1387 1817/2576/1388 1821/2577/424 1719/2578/1036
f 1365/2579/1389 1369/2580/1379 1375/2262/1246 1370/2261/991
f 1527/2581/678 1521/2582/1140 1520/2583/402 1526/2584/401
f 1753/1985/1100 1752/1988/617 1748/2585/620 1749/2586/1328
f 890/1588/820 898/1554/846 897/1553/845 889/1585/872
f 1270/1006/379 1118/2587/1390 1121/2588/635 1277/1007/380
f 987/2589/749 973/2590/1391 974/2591/783 1014/2592/785
f 1023/2593/750 987/2589/749 1014/2592/785 1024/2594/1171
f 1762/2546/1039 1228/2545/896 1227/2595/776
f 815/2074/389 814/2075/1103 862/1884/459 863/1883/390
f 1294/2596/1392 1303/2597/1393 1289/2544/1375 1239/2543/1329
f 1633/2598/1394 1632/2599/1395 1636/2600/1396 1637/2601/1397
f 689/2602/575 996/2603/1398 997/2604/993 690/2605/576
f 1486/2606/1399 1682/2607/1400 1681/2608/1190 1485/2609/1401
f 1261/2610/1402 1737/1683/935 1445/1682/439 941/2611/438
f 1585/2612/1403 1584/2613/1355 1564/1722/958 1565/1721/957
f 1361/2614/1010 1360/2615/765 1368/2564/1380 1369/2563/1379
f 1399/2616/1404 1396/2617/1405 1712/2618/1303 1714/2619/1305
f 1726/2620/1346 1727/2621/1406 1840/2091/1149 1839/2090/1148
f 753/2622/893 1181/2514/631 1180/2513/1360 1179/2623/359
f 832/2624/1125 840/2351/901 839/2354/1262 831/2625/625
f 995/2309/1274 652/2626/1160 784/2627/1407 1508/2310/1275
f 765/1829/979 763/1448/753 1206/1451/756 1208/1830/858
f 1229/1156/518 1763/1155/517 1544/2628/1408 1778/2629/1121
f 1388/2630/1196 1392/2480/911 1711/2479/498 1695/2631/1409
f 1806/2632/1180 1810/2633/1365 1809/2634/878 1805/2635/1332
f 818/2448/532 704/2636/535 701/2637/346 809/2445/349
f 1700/2638/1410 1699/2639/1411 1703/1473/772 1704/1472/771
f 1306/2640/1335 1309/2641/395 1317/2642/1412 1314/2643/1367
f 879/2644/1270 878/2645/1347 874/1036/409 875/1035/408
f 1259/2313/1278 1735/2314/1279 1737/2646/935 1261/2647/1402
f 876/2648/1413 880/2304/1271 879/2303/1270 875/2649/408
f 798/1042/415 799/1045/418 812/2650/552 811/2651/1414
f 1219/1640/907 1217/1479/778 772/1478/777 774/1639/360
f 952/2652/1415 956/1898/566 955/1897/855 951/2653/1416
f 1436/2654/1166 1573/2655/1057 1435/2656/863
f 1571/2657/1417 1243/2658/603 1572/2659/731 1568/2660/1259
f 1105/2661/1168 1093/942/318 1092/941/317 1104/2662/523
f 1131/2663/1261 1132/2664/1418 1136/2665/790 1135/2666/1419
f 720/1773/406 721/1772/458 1124/2667/393 1123/2668/1115
f 1092/1163/317 1084/1932/316 1073/1931/1069 1089/1164/524
f 1859/2669/1234 1608/1649/916 1607/1652/919 1858/2670/1420
f 740/2671/501 739/2672/1060 743/994/369 744/997/372
f 944/2142/847 898/1792/846 1213/1791/996 1263/2143/1178
f 1204/2673/755 1205/2674/1421 1207/2675/1422 1206/2676/756
f 867/2677/1272 871/1034/407 870/1037/410 866/2678/1423
f 847/2679/1307 846/2680/561 1035/2115/1014 1036/2114/1167
f 1660/2681/1325 1664/2682/423 1546/2683/426 1661/2684/737
f 1141/2685/1424 1142/2686/413 1146/2152/412 1145/2155/1186
f 1854/2687/1286 1858/2688/1420 1857/2689/902 1853/2690/741
f 969/2691/1425 723/2692/1013 1028/2693/1426 841/2694/899
f 1417/2695/1330 1413/2696/1342 1412/2697/1427 1416/2698/1428
f 1020/1880/1043 1041/2699/1138 1038/2700/1429 1015/1881/1044
f 720/1033/406 1123/2012/1115 1122/2015/1001 719/1030/403
f 1404/2701/558 1403/2702/1225 1423/2703/1224 1424/2704/559
f 1689/2570/1385 1688/2569/1384 1690/2705/1430 1691/2706/1431
f 1045/1899/1052 1039/2707/1432 1038/2708/1429 1044/1900/1053
f 673/2709/468 674/2710/467 1007/2711/1147 1006/2712/1227
f 1207/2713/1422 1205/2714/1421 762/2715/1433 764/2716/1434
f 1070/1929/1067 1421/2717/514 1420/2718/1435 1069/1930/1068
f 1347/2719/1250 1346/2720/1436 1352/2328/1288 1355/2327/1251
f 796/2721/540 793/1129/496 1241/1128/495 1273/2722/1437
f 1646/1238/592 1748/1270/620 1747/1269/619 1645/1239/593
f 1254/1803/1002 1256/2518/1364 1732/2517/1363 1730/1804/1003
f 765/1763/979 766/1766/981 764/2723/1434 763/2724/753
f 1391/2548/908 1710/2547/497 1738/2039/500 1447/2038/909
f 1561/1949/1077 1569/2725/1260 1570/2726/1438 1566/1950/666
f 834/2298/960 828/2727/1439 1313/2728/1440 1319/2299/1266
f 755/1918/585 757/1011/384 758/1010/383 756/1919/550
f 979/2729/1222 980/2730/649 982/2731/648 981/2732/1223
f 1258/2515/1361 1260/2733/1201 1736/2734/1200 1734/2516/1362
f 1322/1351/681 1314/2643/1367 1317/2642/1412 1325/1352/682
f 1274/2735/607 1205/2674/1421 1204/2673/755 1273/2736/1437
f 1778/2737/1121 1544/2738/1408 1545/2739/1122
f 970/2740/1441 969/2741/1425 841/2742/899 842/2743/1264
f 705/2744/1162 735/2244/1237 736/2243/1236 706/2745/1202
f 1578/2746/950 1548/2747/1442 1785/2748/1443 1787/2749/1110
f 1841/2750/1151 1843/2751/714 1690/2752/1430 1688/2753/1384
f 957/1208/565 956/1209/566 952/2754/1415 953/2755/1269
f 1750/2440/653 1754/2756/652 1757/2757/1101 1753/2441/1100
f 1272/2758/656 1289/2759/1375 1303/2760/1393 1302/2761/1126
f 826/2762/987 1311/2763/1313 1313/2728/1440 828/2727/1439
f 655/2764/976 892/2765/1006 900/2766/642 663/2767/641
f 1414/2768/1341 1415/2769/1444 1409/2770/1445 1376/2771/1446
f 1869/2772/1344 1873/2346/1299 1876/2345/1298 1872/2773/1447
f 1395/2527/1368 781/2774/1448 782/2775/707 1398/2528/706
f 1736/2776/1200 1847/2777/1248 1737/2778/935
f 1813/2779/879 1814/2780/1143 1818/2781/1145 1817/2782/1388
f 1431/1872/932 1479/1704/697 1481/1707/944 1446/1873/1040
f 963/1901/679 969/2741/1425 970/2740/1441 966/1902/1054
f 1359/2783/835 1049/2784/506 1048/2785/923 1356/2786/689
f 742/2787/1449 716/1328/667 715/1327/503 741/2788/502
f 679/2789/1337 686/2790/1243 986/2045/1130 923/2044/809
f 797/1255/541 762/2715/1433 1205/2714/1421 1274/1256/607
f 992/2791/1146 993/2792/1226 1866/2793/868 1865/2794/1450
f 1541/2795/1451 1545/2739/1122 1544/2738/1408 1540/2796/1452
f 979/2217/1222 1493/2216/1221 1509/2797/1453 998/2798/1454
f 1652/2080/875 1655/2079/1142 1659/2799/1455 1656/2800/876
f 662/950/326 894/949/325 677/2801/1026 638/2802/1214
f 1303/2597/1393 1294/2596/1392 1010/2436/1326 1013/2435/546
f 735/2426/1237 738/2425/836 734/1966/721 731/1965/511
f 637/2803/1213 675/2804/1025 893/2805/1027 661/2806/646
f 1106/2807/1088 1109/2808/1061 1113/2809/1064 1110/2810/1456
f 1055/2811/922 1417/2812/1330 1048/2813/923
f 1266/2814/974 1268/2815/973 1269/2816/536 1267/2817/1019
f 1756/2818/1102 1760/2819/519 1759/2820/1235 1755/2821/651
f 643/2822/1457 631/2823/1458 632/2824/1156 644/2825/1155
f 1128/2826/392 1132/2664/1418 1131/2663/1261 1127/2827/1116
f 1451/2355/1177 1449/2041/1129 1740/2040/833 1742/2356/1152
f 1315/2526/363 1314/2525/1367 1322/2121/681 1323/2120/364
f 1600/2828/1183 1599/2829/1340 1584/2613/1355 1585/2612/1403
f 1460/2830/685 1380/2831/1247 1379/2832/1459 1459/2833/1460
f 1195/2834/895 1433/2835/1461 1432/2836/1071 1194/2837/1070
f 1770/2838/311 1766/2839/314 1767/2840/1211 1771/2841/693
f 1014/1487/785 975/1486/784 1021/2131/1172 1024/2130/1171
f 1023/1445/750 844/2842/900 1028/2843/1426 1022/1446/751
f 1149/2551/1185 1148/2552/601 1144/2844/897 1145/2845/1186
f 1062/2846/710 1528/2847/400 1328/2848/941 1483/2849/943
f 671/2850/470 672/2851/469 993/2792/1226 992/2791/1146
f 1622/2021/1083 1624/2852/1462 1261/2853/1402 1623/2022/1118
f 903/2854/1308 1395/2855/1368 1393/2856/1369 901/2857/1386
f 669/1457/350 631/2858/1458 643/2859/1457 683/1456/761
f 1168/2860/623 1174/2861/965 1177/2862/819 1169/2863/493
f 1162/2864/1463 1163/2865/599 974/2591/783 973/2590/1391
f 1494/2866/333 1497/2867/828 1533/929/305 1498/928/304
f 1448/2477/910 1450/2868/1176 1741/2869/834 1739/2478/499
f 992/2088/1146 1865/2870/1450 1868/2871/1464 1007/2089/1147
f 1379/2872/1459 1378/2873/989 1457/2874/1294 1459/2875/1460
f 1540/2876/1452 1544/2877/1408 1543/2878/1256 1535/2879/1255
f 1872/2880/1447 1876/2881/1298 1875/2882/929 1871/2883/928
f 1063/2884/1465 1062/2885/710 1074/2886/986 1075/2887/1134
f 691/2888/577 1004/2889/995 1005/2890/1466 692/2891/574
f 1018/2315/1280 1003/2892/1169 1002/2893/1318 1017/2316/1281
f 1114/2894/1467 1117/2895/632 1121/2588/635 1118/2587/1390
f 1484/2896/1293 1488/2897/1292 1489/2898/1468 1485/2899/1401
f 865/2232/1231 869/2900/703 872/2901/1469 868/2233/1232
f 1598/2902/1470 1793/2903/1471 1795/1564/854 1602/1563/853
f 693/2536/1296 1873/2487/1299 1874/2490/926 694/2537/767
f 1861/1977/1094 1864/1978/1095 1868/2871/1464 1865/2870/1450
f 1610/2267/1048 1640/1506/804 1643/1509/807 1639/2268/978
f 888/1587/491 887/1586/622 881/945/321 882/944/320
f 1103/2438/547 1046/2437/1327 1154/2406/1317 1157/2405/1204
f 1240/1312/657 1272/1311/656 1302/2034/1126 1295/2037/1128
f 934/2904/947 1434/2905/789 1438/2906/788 936/2907/1029
f 1703/2908/772 1702/2909/1311 1706/2910/1008 1707/2911/763
f 1598/2912/1470 1602/2913/853 1603/2914/588 1601/2915/591
f 1577/2916/1472 1589/2917/1473 1586/2918/1474 1574/2919/1475
f 1179/2920/359 773/1374/358 1218/1373/701 1697/2921/1476
f 1494/2866/333 1140/2922/1477 1143/2923/414 1497/2867/828
f 1770/935/311 1774/2924/1120 1773/2925/940 1769/936/312
f 1220/2926/1478 1222/1061/434 1223/1060/433 1221/2927/537
f 1731/2928/1207 1730/2929/1003 1732/2930/1363 1733/2931/1208
f 1028/2932/1426 1027/2933/1173 1021/2360/1172 1022/2359/751
f 1290/2934/1479 1233/2935/1480 785/2936/441 805/2937/1306
f 1296/2938/664 1275/2939/663 798/2940/415 811/2941/1414
f 648/2942/1481 647/2943/1482 646/2944/1483 645/2945/1484
f 1435/2656/863 1441/2277/862 1442/2280/830 1436/2654/1166
f 1091/2946/579 916/1834/1017 915/1833/569 1090/2947/924
f 1713/1942/1075 1397/1941/1074 1400/2948/1485 1715/2949/1304
f 817/2950/533 810/2951/348 702/1913/347 703/1916/534
f 983/2952/1486 990/2953/801 1505/2954/890 1502/2955/889
f 1553/2956/1097 1557/1948/1076 1558/1947/616 1554/2957/615
f 774/2958/360 1183/2959/1487 1182/2960/628 754/2961/549
f 966/2962/1054 970/2963/1441 725/2964/1031 965/2965/355
f 879/2644/1270 953/2755/1269 952/2754/1415 878/2645/1347
f 868/2306/1232 872/2966/1469 871/2967/407 867/2307/1272
f 1637/2601/1397 1636/2600/1396 1108/1922/1062 1109/1921/1061
f 866/2968/1423 870/1375/410 869/1378/703 865/2969/1231
f 1189/2510/1358 866/2968/1423 865/2969/1231 1188/2511/1230
f 1419/2970/1488 1422/2971/515 1071/2972/1489 1068/2973/1490
f 873/2974/702 877/2975/1348 880/2976/1271 876/2977/1413
f 872/2966/1469 876/2648/1413 875/2649/408 871/2967/407
f 1180/2978/1360 1184/2979/1359 1187/2980/1333 1183/2981/1487
f 1186/1280/629 1190/2982/1273 1189/2983/1358 1185/1281/630
f 994/2984/1491 995/2985/1274 999/2986/1277 998/2987/1454
f 1213/2988/996 1177/2862/819 1174/2861/965 1212/2989/964
f 869/2900/703 873/2974/702 876/2977/1413 872/2901/1469
f 657/2990/644 899/2991/643 895/2992/1005 656/2993/975
f 1511/2473/1339 1515/1110/479 1519/1113/482 1514/2474/1315
f 1724/1259/609 1725/1262/612 1727/2621/1406 1726/2620/1346
f 1681/2159/1190 1680/2158/1189 1484/2896/1293 1485/2899/1401
f 1556/1983/1099 1560/2287/1258 1561/2290/1077 1557/1984/1076
f 1342/2994/1351 1345/2995/1322 1354/2996/744 1349/2997/1352
f 787/2998/998 777/2999/1289 776/3000/690 780/3001/1219
f 1440/2456/1133 1438/1490/788 1439/1489/787 1443/2455/440
f 1016/3002/817 1015/3003/1044 1038/2708/1429 1039/2707/1432
f 1126/2010/1114 1130/1999/1107 1133/1998/1106 1129/2011/391
f 635/3004/769 699/3005/768 700/3006/1297 636/3007/1353
f 949/1876/972 950/1875/539 905/3008/538 904/3009/1492
f 1273/2722/1437 1204/1450/755 761/1449/754 796/2721/540
f 761/3010/754 763/2724/753 764/2723/1434 762/3011/1433
f 830/2161/626 838/2331/1265 837/2334/898 829/2162/1124
f 1536/2047/810 1539/2046/1131 1333/3012/1493 1330/3013/1058
f 918/1835/1018 928/1394/712 927/1393/522 917/1836/567
f 1835/2199/1209 1838/2202/1212 1834/3014/1494 1831/3015/1370
f 642/3016/864 682/2376/486 681/2377/966 641/3017/865
f 1376/2771/1446 1409/2770/1445 1367/3018/477 1364/3019/365
f 1354/1436/744 1345/2414/1322 1344/2413/1321 1353/1437/745
f 1604/2151/1184 1600/2150/1183 1585/3020/1403 1596/3021/1495
f 1860/2235/905 1609/3022/904 1608/3023/916 1859/2236/1234
f 733/1407/722 734/1406/721 738/1541/836 737/1544/839
f 1638/1650/917 1642/1241/595 1641/1240/594 1611/1651/918
f 958/3024/857 957/3025/565 953/2302/1269 954/2301/1268
f 1405/1170/530 1401/3026/1496 1716/3027/1497 1718/1171/531
f 1725/3028/612 1428/3029/1498 1430/3030/1499 1727/3031/1406
f 1848/3032/1500 1849/1432/740 1852/1435/743 1424/3033/559
f 1176/2237/583 1623/2238/1118 1261/3034/1402 941/3035/438
f 1303/2760/1393 1013/1187/546 1012/1186/545 1302/2761/1126
f 1259/3036/1278 1261/3037/1402 1260/3038/1201 1258/3039/1361
f 1659/3040/1455 1658/3041/1366 1662/1603/739 1663/1606/884
f 1785/3042/1443 1786/3043/1372 1788/2007/1111 1787/2006/1110
f 916/2574/1017 1245/2573/1323 1247/3044/340 918/3045/1018
f 1645/3046/593 1644/3047/805 1640/3048/804 1641/3049/594
f 1004/2889/995 1803/2018/994 1804/2017/1117 1005/2890/1466
f 1418/3050/1501 1055/3051/922 1054/3052/507
f 1728/3053/1004 1730/2929/1003 1731/2928/1207 1729/3054/1267
f 1575/3055/1228 1574/3056/1475 1586/3057/1474 1587/3058/1502
f 1645/3046/593 1747/2128/619 1746/2129/1170 1644/3047/805
f 636/3059/1353 700/2344/1297 693/2343/1296 633/3060/1354
f 900/1294/642 1782/3061/1503 1781/3062/1051 899/1295/643
f 1689/3063/1385 1691/3064/1431 1844/3065/715 1842/3066/1150
f 1368/3067/1380 1366/3068/1504 1373/3069/990 1374/3070/1381
f 1067/1778/454 1079/3071/799 1080/3072/1505 1074/1775/986
f 1869/2488/1344 1574/3056/1475 1575/3055/1228 1870/2489/927
f 1717/1866/1037 1715/2949/1304 1400/2948/1485 1402/1863/1035
f 1079/3071/799 1083/1519/816 1098/1518/815 1080/3072/1505
f 703/1174/534 739/2672/1060 740/2671/501 704/1175/535
f 1550/3073/959 1564/2505/958 1581/2508/1357 1563/3074/1506
f 1192/3075/1119 1164/1199/556 1167/1198/335 1193/3076/334
f 1793/3077/1471 1794/3078/590 1796/3079/589 1795/3080/854
f 1010/3081/1326 1294/3082/1392 1295/3083/1128 1011/3084/1127
f 1320/3085/912 835/3086/821 849/2253/1240 1334/2254/913
f 1386/3087/1197 1687/3088/1507 1678/3089/1508 1382/3090/1509
f 1617/1692/938 1166/1691/746 930/2188/711 1251/2187/1203
f 1290/2934/1479 805/2937/1306 802/1516/814 1281/1515/813
f 1871/2883/928 1576/3091/1229 1577/3092/1472 1872/2880/1447
f 1198/3093/586 1199/3094/551 1201/3095/727 1200/3096/587
f 790/2170/443 1238/2171/1194 1234/1860/1032 786/1859/444
f 1581/3097/1357 1580/3098/1510 1562/3099/1049 1563/3100/1506
f 1264/3101/1343 1266/2814/974 1267/2817/1019 1265/3102/1022
f 949/1746/972 904/3103/1492 1220/3104/1478 1268/1747/973
f 1341/2411/1319 1333/3105/1493 1332/3106/1511 1340/2412/1320
f 1711/1131/498 1710/1130/497 1692/3107/1376 1695/3108/1409
f 1138/1420/730 1058/1573/861 1435/1576/863 1572/1421/731
f 1605/2399/1314 1604/2402/1184 1596/3109/1495 1597/3110/1356
f 1540/2876/1452 1535/2879/1255 1525/2209/1215 1529/2208/825
f 1411/3111/1512 1410/3112/1056 1427/3113/1055 1428/3114/1498
f 980/1303/649 999/2312/1277 1510/2311/1276 1499/1304/650
f 1693/3115/1513 1696/3116/729 1445/3117/439 1694/3118/934
f 1707/2911/763 1706/2910/1008 1357/3119/1011 1358/3120/764
f 1539/3121/1131 1538/3122/1514 1332/3106/1511 1333/3105/1493
f 1463/3123/1515 1462/3124/308 1466/2418/307 1467/2417/1324
f 935/3125/948 1437/3126/786 1433/3127/1461 933/3128/949
f 822/2160/627 821/2163/1123 813/1990/1104 814/1989/1103
f 1546/1053/426 1783/1052/425 1785/2748/1443 1548/2747/1442
f 1133/3129/1106 1132/3130/1418 1128/1019/392 1129/1018/391
f 1833/3131/734 1834/3132/1494 1838/3133/1212 1837/3134/1516
f 1295/3083/1128 1294/3082/1392 1239/2444/1329 1240/2443/657
f 1406/3135/883 1405/3136/530 1664/3137/423
f 737/2269/839 707/2185/838 706/2184/1202 736/2270/1236
f 1694/1681/934 1846/1684/716 1844/3065/715 1691/3064/1431
f 1812/1928/881 1811/1927/1066 1807/1057/430 1808/1056/429
f 1497/1533/828 1496/1532/827 1532/3138/1084 1533/3139/305
f 1386/2178/1197 1382/3140/1509 1381/3141/852 1385/2179/1047
f 987/1444/749 976/1447/752 972/3142/661 973/3143/1391
f 1292/3144/1517 893/1848/1027 894/1847/325 1293/3145/324
f 1591/1333/671 1583/1716/952 1582/1715/951 1590/1334/672
f 1670/3146/954 1673/3147/1191 1679/3148/1518 1674/3149/1188
f 1218/1661/701 1219/1660/907 1697/3150/1476
f 1388/2177/1196 1387/2176/1195 1391/1641/908 1392/1644/911
f 1464/3151/686 1463/3152/1515 1467/3153/1324 1468/3154/1238
f 907/1389/342 1222/1388/434 1220/3104/1478 904/3103/1492
f 985/3155/1245 924/3156/808 1537/3157/811 1538/3158/1514
f 856/1452/757 855/1455/760 847/2374/1307 848/2373/906
f 1284/3159/1331 1276/3160/1109 1271/3161/1519 1283/3162/1520
f 1525/3163/1215 1535/2283/1255 1534/2286/1257 1524/3164/480
f 921/3165/797 988/3166/886 687/3167/885 665/3168/794
f 1688/2753/1384 1684/3169/1383 1839/3170/1148 1841/2750/1151
f 1500/3171/1220 1502/1611/889 1503/1614/892 1501/3172/647
f 1546/3173/426 1548/3174/1442 1549/3175/1371 1547/3176/1374
f 1413/2696/1342 1372/3177/1521 1371/3178/1522 1412/2697/1427
f 1248/963/338 1250/3179/521 1251/3180/1203 1249/964/339
f 1366/3181/1504 1365/3182/1389 1370/1785/991 1373/1784/990
f 1097/3183/1239 684/2101/1157 670/2100/353 1477/3184/352
f 994/3185/1491 1507/3186/1523 783/3187/1524 651/3188/1161
f 1634/3189/1087 1630/3190/1525 1633/3191/1394 1637/3192/1397
f 1237/3193/494 1238/3194/1194 1242/3195/608 1241/3196/495
f 1287/3197/1526 1283/3198/1520 1282/3199/382 1286/3200/1249
f 1219/3201/907 1197/3202/548 1700/3203/1410 1701/3204/1527
f 951/3205/1416 955/1565/855 958/1568/857 954/3206/1268
f 1757/1986/1101 1761/1154/516 1760/1157/519 1756/1987/1102
f 1847/3207/1248 1696/3208/729 1693/3209/1513 1845/3210/717
f 914/3211/792 1138/3212/730 913/3213/732
f 1362/3214/478 1371/3178/1522 1372/3177/1521 1363/3215/368
f 780/3001/1219 792/3216/1242 795/3217/999 787/2998/998
f 836/3218/1284 835/3219/821 1627/3220/824 1628/3221/1528
f 902/2180/1198 896/1104/473 1390/1103/472 1394/2181/1199
f 798/2940/415 1275/2939/663 1279/1514/812 800/1517/416
f 625/3222/1158 651/3188/1161 783/3187/1524 653/3223/1529
f 1268/2815/973 1220/2926/1478 1221/2927/537 1269/2816/536
f 967/1370/698 1479/1369/697 1431/1679/932 931/1678/931
f 1210/3224/1316 1154/3225/1317 1155/3226/378 1211/3227/1179
f 1680/3228/1189 1683/3229/1530 1487/2335/1290 1484/2338/1293
f 1841/2093/1151 1842/2092/1150 1844/1400/715 1843/1399/714
f 907/967/342 904/3009/1492 905/3008/538 908/968/343
f 1614/1467/366 1364/3019/365 1367/3018/477 1615/1468/476
f 1401/3230/1496 1405/3136/530 1406/3135/883 1402/3231/1035
f 1385/1888/1047 1686/1887/1046 1692/2550/1376 1387/2549/1195
f 826/2762/987 820/1094/463 1305/1097/466 1311/2763/1313
f 746/3232/782 1159/3233/555 1203/1414/726 760/1413/386
f 824/1853/1030 832/2624/1125 831/2625/625 823/1854/624
f 1854/2687/1286 1853/2690/741 1849/3234/740 1850/3235/1287
f 1111/3236/1310 1110/3237/1456 1114/3238/1467 1115/3239/1163
f 828/3240/1439 834/1724/960 833/1727/963 827/3241/1090
f 1197/3242/548 1196/3243/1531 1699/2639/1411 1700/2638/1410
f 1625/3244/822 1848/3245/1500 1423/2221/1224 919/2220/1023
f 1110/2810/1456 1113/2809/1064 1117/2895/632 1114/2894/1467
f 1507/3246/1523 1509/3247/1453 1510/3248/1276 1508/3249/1275
f 767/3250/1532 741/1140/502 744/1139/372 770/3251/371
f 1676/3252/1533 1682/3253/1400 1683/3254/1530 1679/3255/1518
f 971/1319/662 972/1318/661 976/2362/752 975/2361/784
f 1777/1559/850 1776/1558/849 1772/1698/695 1773/1697/940
f 1166/1438/746 1171/1349/668 1170/1350/420 1165/1439/544
f 811/2941/1414 807/3256/645 1292/3257/1517 1296/2938/664
f 1212/2989/964 1262/3258/1193 1263/3259/1178 1213/2988/996
f 1504/3260/1534 1489/3261/1468 1521/2071/1140 1522/2070/1139
f 920/3262/560 836/3263/1284 1628/3264/1528 1629/3265/1535
f 1465/2246/310 1468/2245/1238 1478/3266/1536 1469/3267/1295
f 675/3268/1025 637/3269/1213 638/3270/1214 677/3271/1026
f 973/3143/1391 972/3142/661 1161/3272/660 1162/3273/1463
f 1033/3274/505 1032/3275/920 1048/3276/923 1049/3277/506
f 1143/2923/414 1140/2922/1477 1144/1623/897 1147/1624/411
f 1625/3244/822 835/3086/821 1320/3085/912 1848/3245/1500
f 1334/1646/913 1336/1694/719 1337/1693/939 1335/1647/914
f 777/2329/1289 1418/3278/1501 1054/3279/507 1359/2330/835
f 1507/3246/1523 1508/3249/1275 784/3280/1407 783/3281/1524
f 1567/3282/665 1571/2657/1417 1568/2660/1259 1560/3283/1258
f 1625/3284/822 920/3285/560 1629/3286/1535 1626/3287/823
f 1108/3288/1062 1107/3289/1089 1111/2388/1310 1112/2387/1063
f 1686/3290/1046 1687/3291/1507 1695/3108/1409 1692/3107/1376
f 1031/2318/1283 1030/2317/1282 1042/3292/504 1043/3293/921
f 1429/2491/1345 1726/2492/1346 1839/3170/1148 1684/3169/1383
f 1399/3294/1404 1400/3295/1485 1397/3296/1074 1396/3297/1405
f 685/3298/1244 680/3299/1338 924/3156/808 985/3155/1245
f 1187/2459/1333 1186/2460/629 1182/2960/628 1183/2959/1487
f 1720/1956/1082 1721/1955/1081 1723/1261/611 1722/1260/610
f 1190/2982/1273 867/2677/1272 866/2678/1423 1189/2983/1358
f 778/3300/1537 775/3301/1217 1417/2695/1330 1416/2698/1428
f 706/2745/1202 710/1995/1015 709/1994/748 705/2744/1162
f 1249/2186/339 928/2189/712 918/3045/1018 1247/3044/340
f 1513/2148/1181 1518/2207/826 1516/2210/1216 1512/2149/1182
f 660/3302/1538 668/3303/512 1422/2971/515 1419/2970/1488
f 1656/1594/876 1660/2681/1325 1661/2684/737 1657/1595/877
f 1649/954/330 1648/953/329 1652/1593/875 1653/1596/604
f 1492/1706/471 1490/1705/573 1389/2561/572 1390/2562/472
f 1596/3021/1495 1585/3020/1403 1565/3304/957 1580/3305/1510
f 1164/3306/556 747/3307/446 745/1814/781 1158/1813/554
f 1643/1756/807 1647/3308/806 1646/3309/592 1642/1757/595
f 1344/3310/1321 1340/3311/1320 1339/3312/1539 1343/3313/1350
f 1432/2836/1071 1433/2835/1461 1437/1488/786 1434/1491/789
f 1105/2661/1168 1104/2662/523 1002/2893/1318 1003/2892/1169
f 1676/3314/1533 1675/3315/1187 1681/2608/1190 1682/2607/1400
f 1260/3038/1201 1261/3037/1402 1624/3316/1462
f 778/3317/1537 1416/3318/1428 1418/3319/1501 777/3320/1289
f 1264/3101/1343 1265/3102/1022 1263/3259/1178 1262/3258/1193
f 909/970/345 910/969/344 914/3211/792 913/3213/732
f 827/3241/1090 825/1782/988 826/1781/987 828/3240/1439
f 1423/2703/1224 1848/3321/1500 1424/2704/559
f 1657/2523/877 1661/1428/737 1662/1431/739 1658/2524/1366
f 1869/2772/1344 1872/2773/1447 1577/2916/1472 1574/2919/1475
f 716/1914/667 742/3322/1449 743/3323/369 739/1915/1060
f 795/1797/999 817/1173/533 818/1172/532 804/1798/1000
f 1626/3287/823 1629/3286/1535 1633/3191/1394 1630/3190/1525
f 1716/3027/1497 1401/3026/1496 1399/2616/1404 1714/2619/1305
f 1840/3324/1149 1727/3031/1406 1430/3030/1499 1685/3325/1382
f 1193/3076/334 1195/2834/895 1194/2837/1070 1192/3075/1119
f 807/1297/645 811/2651/1414 812/2650/552 808/1298/323
f 1426/2430/1041 926/2429/803 991/2049/802 1506/2048/891
f 1329/3326/683 1527/3327/678 1326/3328/677
f 1319/3329/1266 1318/3330/1096 1728/3053/1004 1729/3054/1267
f 1300/1739/397 1353/3331/745 1350/3332/1349 1299/1740/968
f 844/3333/900 841/3334/899 1028/3335/1426
f 1292/3144/1517 1293/3145/324 1297/1323/553 1296/1322/664
f 1420/3336/1435 1419/3337/1488 1068/3338/1490 1069/3339/1068
f 1680/3228/1189 1674/3149/1188 1679/3148/1518 1683/3229/1530
f 1196/3340/1531 1697/3341/1476 1698/3342/1540 1699/3343/1411
f 1709/3344/1009 1708/3345/762 1360/2615/765 1361/2614/1010
f 983/3346/1486 984/3347/1132 991/1504/802 990/1503/801
f 1678/3089/1508 1796/1235/589 1603/1234/588 1382/3090/1509
f 1735/3348/1279 1734/3349/1362 1736/2776/1200 1737/2778/935
f 1609/3022/904 1639/1755/978 1638/1758/917 1608/3023/916
f 1107/1970/1089 1106/1969/1088 1110/3237/1456 1111/3236/1310
f 1235/1310/655 1232/1309/654 1228/3350/896 1229/3351/518
f 1271/3352/1519 1270/3353/379 1282/3199/382 1283/3198/1520
f 1424/1202/559 1321/3354/915 836/3355/1284 920/1203/560
f 664/3356/1541 660/3357/1538 1419/3337/1488 1420/3336/1435
f 1017/2410/1281 1009/2409/982 1026/3358/1253 1030/3359/1282
f 1746/2439/1170 1749/2442/1328 1647/1508/806 1644/1507/805
f 1133/3129/1106 1137/1493/791 1136/1492/790 1132/3130/1418
f 1430/3360/1499 1429/3361/1345 1684/2568/1383 1685/2567/1382
f 1119/3362/1164 1118/3363/1390 1270/3353/379 1271/3352/1519
f 1591/2422/671 1408/3364/674 1721/3365/1081 1792/2419/1080
f 1414/2768/1341 1055/3366/922 1418/3367/1501 1415/2769/1444
f 850/3368/1285 1335/3369/914 1337/3370/939 852/3371/925
f 1698/3372/1540 1701/3373/1527 1705/2390/1312 1702/2389/1311
f 1495/1962/332 1496/1961/827 1142/2686/413 1141/2685/1424
f 769/995/370 1554/1265/615 1555/1264/614 770/996/371
f 659/1481/780 886/1480/779 1209/3374/859 766/3375/981
f 927/1161/522 1248/1160/338 1246/1211/341 917/1210/567
f 806/1862/1034 1291/1861/1033 1288/2281/1254 803/2282/1078
f 1734/3349/1362 1735/3348/1279 1733/2931/1208 1732/2930/1363
f 627/3376/1542 630/3377/1543 668/3303/512 660/3302/1538
f 746/3232/782 748/961/336 1167/960/335 1159/3233/555
f 707/1543/838 708/1542/837 712/3378/747 711/3379/1016
f 1233/3380/1480 1234/3381/1032 1238/3194/1194 1237/3193/494
f 1101/1945/319 1097/3183/1239 1477/3184/352 1491/1946/882
f 1150/2153/930 1162/3273/1463 1161/3272/660 1149/2154/1185
f 1029/3382/1174 843/2353/1263 844/2352/900
f 747/3307/446 1164/3306/556 1192/2025/1119 749/2024/445
f 1023/2593/750 1024/2594/1171 1029/3383/1174 844/3384/900
f 1358/3120/764 1357/3119/1011 1365/3182/1389 1366/3181/1504
f 781/2774/1448 1403/2702/1225 1404/2701/558 782/2775/707
f 1348/2274/688 1355/2273/1251 1359/2783/835 1356/2786/689
f 1797/1287/636 1801/3385/724 1804/3386/1117 1800/1288/637
f 1832/2531/735 1836/3387/1544 1835/3388/1209 1831/2532/1370
f 1616/3389/543 1618/2427/419 1619/2428/669 1617/3390/938
f 1130/2292/1107 1131/2291/1261 1135/3391/1419 1134/3392/1108
f 1360/1461/765 1358/1460/764 1366/3068/1504 1368/3067/1380
f 1123/2668/1115 1124/2667/393 1128/2826/392 1127/2827/1116
f 647/3393/1482 648/3394/1481 698/3395/306 697/3396/1545
f 1016/1520/817 1039/3397/1432 1040/3398/1137 1019/1521/818
f 1667/1167/527 1671/3399/955 1672/3400/1192 1668/1168/528
f 1317/3401/1412 1316/3402/362 1324/3403/361 1325/3404/682
f 998/2798/1454 1509/2797/1453 1507/3186/1523 994/3185/1491
f 1544/2877/1408 1763/3405/517 1543/2878/1256
f 1243/1250/603 1226/1249/602 1572/3406/731
f 1659/3040/1455 1655/3407/1142 1654/3408/605 1658/3041/1366
f 1453/2358/1302 1744/2357/1154 1712/2618/1303 1396/2617/1405
f 1522/3409/1139 1329/3410/683 1528/3411/400 1523/3412/399
f 1076/1547/447 1077/1546/832 1087/3413/580 1086/3414/448
f 1763/1869/517 1762/1868/1039 1542/3415/1136 1543/3416/1256
f 1196/3417/1531 1197/3418/548 1199/3094/551 1198/3093/586
f 1705/3419/1312 1704/3420/771 1708/3345/762 1709/3344/1009
f 1330/3013/1058 1333/3012/1493 1341/3421/1319 1338/3422/1546
f 962/3423/856 966/2962/1054 965/2965/355 961/3424/354
f 1035/1824/1014 846/1204/561 845/1207/564 1034/1825/484
f 1188/2231/1230 1191/2234/1233 1187/2980/1333 1184/2979/1359
f 756/1192/550 758/1416/383 1201/1415/727 1199/1193/551
f 947/1745/971 1266/1748/974 1264/2486/1343 945/2485/1085
f 1241/3196/495 1242/3195/608 1274/2735/607 1273/2736/1437
f 688/3425/888 989/1934/887 922/1933/796 666/3426/795
f 1058/2197/861 1059/2196/1165 1065/1545/829 1064/1548/840
f 1494/958/333 1495/957/332 1141/3427/1424 1140/3428/1477
f 1332/3429/1511 1538/3158/1514 1537/3157/811 1331/3430/1059
f 1011/3084/1127 1047/3431/375 1046/3432/1327 1010/3081/1326
f 1744/2097/1154 1745/2096/1072 1713/2364/1075 1712/2363/1303
f 646/3433/1483 647/3434/1482 697/3435/1545 696/3436/640
f 653/3437/1529 654/3438/1547 626/3439/1159 625/3440/1158
f 1766/938/314 1765/937/313 1836/3441/1544 1837/3442/1516
f 1325/3404/682 1324/3403/361 1328/1993/941 1329/1992/683
f 1076/1078/447 1456/1081/450 1441/1575/862 1064/1574/840
f 1697/3443/1476 1219/3444/907 1701/3373/1527 1698/3372/1540
f 1389/1216/572 891/1215/571 901/2857/1386 1393/2856/1369
f 1716/3445/1497 1714/2366/1305 1715/2365/1304 1717/3446/1037
f 1802/1788/725 1798/1166/526 1799/1169/529 1803/1789/994
f 1456/2278/450 1470/1337/449 1472/1340/581 1458/2279/831
f 1063/3447/1465 1526/1028/401 1528/1027/400 1062/3448/710
f 1453/3449/1302 1396/3297/1405 1397/3296/1074 1454/3450/1073
f 1006/2712/1227 1007/2711/1147 1868/3451/1464 1867/3452/869
f 1493/3453/1221 1500/3171/1220 1501/3172/647 1499/3454/650
f 939/1850/437 938/1849/1028 940/1242/596 941/1244/438
f 1861/3455/1094 1862/3456/871 1824/3457/1548 1823/3458/842
f 653/3459/1529 783/3281/1524 784/3280/1407 654/3460/1547
f 1175/1229/584 1176/1228/583 941/3461/438 1178/3462/597
f 1819/3463/1144 1820/3464/1387 1719/3465/1036 1822/3466/1093
f 1042/1142/504 1030/3359/1282 1026/3358/1253 1033/1143/505
f 903/2854/1308 649/3467/1309 781/3468/1448 1395/2855/1368
f 767/3469/1532 768/3470/1549 742/2787/1449 741/2788/502
f 1008/2424/985 1018/2423/1280 1031/3471/1283 1025/3472/1252
f 1595/1469/692 1589/3473/1473 1588/3474/1550 1594/1466/770
f 1466/931/307 1465/934/310 1469/2342/1295 1471/2341/709
f 852/3371/925 1337/3370/939 1384/1096/465 884/1095/464
f 1331/1912/1059 1330/1911/1058 1338/3475/1546 1339/3476/1539
f 1077/1537/832 1458/1536/831 1472/1225/581 1087/1224/580
f 757/1233/384 1200/1232/587 1202/1812/1007 759/1811/385
f 1282/1009/382 1285/1008/381 1347/2272/1250 1286/2271/1249
f 1613/1688/367 1612/1687/475 1362/3214/478 1363/3215/368
f 1655/3407/1142 1651/3477/1141 1650/3478/606 1654/3408/605
f 643/3479/1457 644/3480/1155 684/2250/1157 683/2249/761
f 1865/2794/1450 1866/2793/868 1862/3456/871 1861/3455/1094
f 1774/2026/1120 1770/2838/311 1771/2841/693 1775/2027/696
f 1043/3293/921 1042/3292/504 1054/3052/507 1055/3051/922
f 891/3481/571 896/3482/473 902/2572/1198 901/2571/1386
f 1002/2407/1318 1104/1162/523 1096/1165/525 1001/2408/983
f 726/1857/1012 725/1858/1031 1029/2133/1174 1027/2132/1173
f 994/2984/1491 651/2105/1161 652/2104/1160 995/2985/1274
f 1281/3483/813 1288/3484/1254 1291/3485/1033 1290/3486/1479
f 1343/2498/1350 1339/3476/1539 1338/3475/1546 1342/2499/1351
f 766/3375/981 1209/3374/859 1207/2713/1422 764/2716/1434
f 1252/1726/962 1253/1725/961 1255/3487/1206 1254/3488/1002
f 1367/1108/477 1409/3489/1445 1371/3490/1522 1362/1109/478
f 1151/1855/621 1168/2860/623 1169/2863/493 1152/1856/492
f 1455/1355/684 1377/2264/992 1380/2263/1247 1460/1356/685
f 1578/2746/950 1787/2749/1110 1789/3491/1113 1582/3492/951
f 1603/2914/588 1602/2913/853 1381/3141/852 1382/3140/1509
f 1669/1289/638 1673/3147/1191 1670/3146/954 1666/1290/639
f 1454/3450/1073 1452/2138/1175 1451/2141/1177 1453/3449/1302
f 1530/1529/481 1541/2795/1451 1540/2796/1452 1529/1530/825
f 729/1760/723 728/1759/509 724/3493/1105 725/3494/1031
f 1250/3179/521 1616/3389/543 1617/3390/938 1251/3180/1203
f 921/1499/797 922/1498/796 1794/3078/590 1793/3077/1471
f 1041/2068/1138 1040/2067/1137 1050/2553/1300 1051/2556/1378
f 1312/3495/1091 1313/3496/1440 1311/2398/1313 1310/2397/1092
f 1141/3427/1424 1145/2845/1186 1144/2844/897 1140/3428/1477
f 1547/3176/1374 1665/3497/738 1546/3173/426
f 1633/2598/1394 1629/3265/1535 1628/3264/1528 1632/2599/1395
f 1032/1653/920 1025/3472/1252 1031/3471/1283 1043/1654/921
f 1137/2001/791 1134/2000/1108 1138/3498/730 914/3499/792
f 1672/3400/1192 1671/3399/955 1675/3315/1187 1676/3314/1533
f 1754/2756/652 1758/1867/1038 1761/1870/516 1757/2757/1101
f 958/3024/857 962/3423/856 961/3424/354 957/3025/565
f 837/1625/898 840/1628/901 832/2032/1125 829/2031/1124
f 649/2383/1309 650/2382/704 912/1841/557 911/1844/1024
f 630/3500/1543 629/3501/1551 667/1151/513 668/1150/512
f 1833/1425/734 1837/3442/1516 1836/3441/1544 1832/1426/735
f 1039/3397/1432 1045/2348/1052 1050/2347/1300 1040/3398/1137
f 1236/2226/774 1289/2759/1375 1272/2758/656 1235/2227/655
f 1636/3502/1396 1635/3503/1086 1107/3289/1089 1108/3288/1062
f 1586/2918/1474 1589/2917/1473 1595/1364/692 1592/1363/691
f 697/3396/1545 698/3395/306 1533/3139/305 1532/3138/1084
f 1313/3496/1440 1312/3495/1091 1318/3330/1096 1319/3329/1266
f 1725/3028/612 1723/3504/611 1411/3505/1512 1428/3029/1498
f 849/2322/1240 850/2321/1285 852/1667/925 851/1670/718
f 1408/3364/674 1411/3505/1512 1723/3504/611 1721/3365/1081
f 1837/3134/1516 1838/3133/1212 1767/2840/1211 1766/2839/314
f 1687/3088/1507 1386/3087/1197 1388/2630/1196 1695/2631/1409
f 1824/3457/1548 1828/2534/736 1827/2533/843 1823/3458/842
f 1447/1642/909 1449/2140/1129 1450/2139/1176 1448/1643/910
f 1521/2582/1140 1489/2898/1468 1488/2897/1292 1520/2583/402
f 1569/2725/1260 1435/3506/863 1573/3507/1057 1570/2726/1438
f 836/3355/1284 1321/3354/915 1335/3369/914 850/3368/1285
f 1782/3061/1503 1563/3100/1506 1562/3099/1049 1781/3062/1051
f 1806/2147/1180 1807/2146/430 1811/2519/1066 1810/2520/1365
f 1628/3221/1528 1627/3220/824 1631/3508/1552 1632/3509/1395
f 1091/2946/579 1090/2947/924 1086/3414/448 1087/3413/580
f 1784/3510/1373 1783/3511/425 1822/3512/1093
f 661/2806/646 893/2805/1027 1292/3257/1517 807/3256/645
f 1350/2497/1349 1349/2500/1352 1298/2463/1334 1299/2462/968
f 934/2904/947 932/1935/946 1432/1938/1071 1434/2905/789
f 892/2765/1006 1779/3513/1553 1782/3514/1503 900/2766/642
f 1089/1314/524 1073/3515/1069 1072/3516/713 1088/1315/658
f 1155/3226/378 1154/3225/1317 1046/3432/1327 1047/3431/375
f 1517/2336/1291 1523/1026/399 1520/1029/402 1488/2337/1292
f 1631/3517/1552 1630/3518/1525 1634/1968/1087 1635/1967/1086
f 996/3519/1398 1005/3520/1466 1804/3386/1117 1801/3385/724
f 1065/1534/829 1059/3521/1165 1436/3522/1166 1442/1535/830
f 1593/1685/936 1587/3058/1502 1586/3057/1474 1592/1686/691
f 779/3523/1218 775/3524/1217 778/3525/1537 788/3526/997
f 1069/3339/1068 1068/3338/1490 1072/3516/713 1073/3515/1069
f 1824/3527/1548 1825/3528/1336 1829/1424/733 1828/1427/736
f 1600/2828/1183 1512/2560/1182 1511/2559/1339 1599/2829/1340
f 819/1120/489 825/1971/988 1310/1974/1092 1304/1121/490
f 1718/2386/531 1716/3445/1497 1717/3446/1037 1719/2384/1036
f 1808/2458/429 1805/2457/1332 1809/1597/878 1812/1600/881
f 1677/3529/851 1795/3080/854 1796/3079/589 1678/3530/1508
f 1066/2061/453 1060/3531/452 1063/3532/1465 1075/2058/1134
f 772/2053/777 771/2052/699 773/983/358 774/985/360
f 1783/3511/425 1784/3510/1373 1786/3043/1372 1785/3042/1443
f 1516/2557/1216 1525/3163/1215 1524/3164/480 1515/2558/479
f 1705/3419/1312 1701/3204/1527 1700/3203/1410 1704/3420/771
f 626/3533/1159 654/3534/1547 784/2627/1407 652/2626/1160
f 1376/3535/1446 1364/990/365 1363/993/368 1372/3536/1521
f 1817/2782/1388 1818/2781/1145 1783/3537/425 1821/3538/424
f 712/3378/747 718/1087/456 717/1086/455 711/3379/1016
f 1493/3453/1221 1499/3454/650 1510/3248/1276 1509/3247/1453
f 726/3539/1012 1027/2933/1173 1028/2932/1426 723/3540/1013
f 1634/3189/1087 1637/3192/1397 1109/2808/1061 1106/2807/1088
f 1085/939/315 1071/3541/1489 1070/3542/1067 1084/940/316
f 1549/3175/1371 1548/3174/1442 1578/1714/950 1579/1717/953
f 1353/3331/745 1344/3310/1321 1343/3313/1350 1350/3332/1349
f 1677/3529/851 1678/3530/1508 1687/3291/1507 1686/3290/1046
f 696/3436/640 697/3435/1545 1532/1960/1084 1531/1959/331
f 964/1346/356 724/3543/1105 969/3544/1425 963/1347/679
f 990/2953/801 925/1677/800 1425/1680/933 1505/2954/890
f 1534/3545/1257 1541/3546/1451 1530/1112/481 1524/1111/480
f 768/3547/1549 1553/2956/1097 1554/2957/615 769/3548/370
f 1068/2973/1490 1071/2972/1489 1085/1396/315 1072/1395/713
f 1562/1893/1049 1580/3305/1510 1565/3304/957 1551/1894/956
f 1534/3545/1257 1542/3549/1136 1545/3550/1122 1541/3546/1451
f 1376/3535/1446 1372/3536/1521 1413/2482/1342 1414/2481/1341
f 1624/3551/1462 1622/1958/1083 1175/1957/584 1178/3552/597
f 859/1886/759 858/1885/462 854/3553/562 855/3554/760
f 648/3555/1481 645/3556/1484 695/927/303 698/930/306
f 1203/3557/726 1159/1197/555 1158/1196/554 1202/3558/1007
f 1862/1584/871 1863/1583/870 1825/3528/1336 1824/3527/1548
f 1504/3260/1534 1486/2606/1399 1485/2609/1401 1489/3261/1468
f 1255/3487/1206 1257/3559/1205 1256/3560/1364 1254/3488/1002
f 1816/1925/880 1820/3464/1387 1819/3463/1144 1815/1926/1065
f 1464/3151/686 1460/2830/685 1459/2833/1460 1463/3152/1515
f 1752/1267/617 1756/2818/1102 1755/2821/651 1751/1268/618
f 1631/3517/1552 1627/1527/824 1626/1526/823 1630/3518/1525
f 768/3470/1549 767/3469/1532 1552/1982/1098 1553/1981/1097
f 1834/3132/1494 1833/3131/734 1829/2466/733 1830/2465/844
f 1056/2554/1301 1650/3478/606 1651/3477/1141 1057/2555/1377
f 1809/2634/878 1810/2633/1365 1814/2780/1143 1813/2779/879
f 1863/3561/870 1864/3562/1095 1826/2468/841 1825/2467/1336
f 1375/2566/1246 1374/2565/1381 1379/2832/1459 1380/2831/1247
f 1332/3429/1511 1331/3430/1059 1339/3312/1539 1340/3311/1320
f 1379/2872/1459 1374/3070/1381 1373/3069/990 1378/2873/989
f 1858/2688/1420 1607/1889/919 1606/1892/903 1857/2689/902
f 1135/2666/1419 1136/2665/790 1139/3563/793 1058/3564/861
f 1309/1022/395 1308/1025/398 1316/3402/362 1317/3401/1412
f 1258/3039/1361 1256/3560/1364 1257/3559/1205 1259/3036/1278
f 1864/3562/1095 1863/3561/870 1867/3452/869 1868/3451/1464
f 937/1690/937 1439/1689/787 1437/3126/786 935/3125/948
f 1779/3513/1553 1550/3073/959 1563/3074/1506 1782/3514/1503
f 1463/3123/1515 1459/2875/1460 1457/2874/1294 1462/3124/308
f 1632/3509/1395 1631/3508/1552 1635/3503/1086 1636/3502/1396
f 847/2679/1307 855/3554/760 854/3553/562 846/2680/561
f 725/2964/1031 970/2963/1441 843/3565/1263 1029/3566/1174
f 1201/3095/727 1203/3557/726 1202/3558/1007 1200/3096/587
f 967/1794/698 968/1793/945 978/3567/474 977/3568/570
f 645/3569/1484 646/3570/1483 696/1292/640 695/1291/303
f 778/3571/1537 777/3572/1289 787/1796/998 788/1795/997
f 1119/3362/1164 1115/3239/1163 1114/3238/1467 1118/3363/1390
f 965/980/355 725/3573/1031 724/3574/1105 964/981/356
f 1780/3575/1050 1551/1720/956 1550/1723/959 1779/3576/1553
f 1433/3127/1461 1195/1618/895 752/1617/894 933/3128/949
f 858/1093/462 857/1092/461 853/1206/563 854/1205/562
f 1284/3159/1331 1283/3162/1520 1287/3577/1526 1346/3578/1436
f 1399/3294/1404 1401/3230/1496 1402/3231/1035 1400/3295/1485
f 1422/1153/515 1421/1152/514 1070/3542/1067 1071/3541/1489
f 1827/1551/843 1831/3015/1370 1834/3014/1494 1830/1552/844
f 1298/3579/1334 1301/3580/396 1309/2641/395 1306/2640/1335
f 1500/2215/1220 981/2218/1223 983/2952/1486 1502/2955/889
f 1026/2276/1253 1025/2275/1252 1032/3275/920 1033/3274/505
f 1522/3409/1139 1523/3412/399 1517/3581/1291 1504/3582/1534
f 1156/1004/377 1214/2145/427 1211/2144/1179 1155/1005/378
f 1836/3387/1544 1765/3583/313 1764/3584/1210 1835/3388/1209
f 986/2260/1130 985/2259/1245 1538/3122/1514 1539/3121/1131
f 1321/3585/915 1851/2323/874 1850/2326/1287 1320/3586/912
f 767/3250/1532 770/3251/371 1555/2134/614 1552/2137/1098
f 1255/2193/1206 1253/2297/961 1729/2300/1267 1731/2194/1207
f 978/3567/474 896/3482/473 891/3481/571 977/3568/570
f 1082/1882/1045 1078/2060/798 1081/2059/1135 1099/1879/1042
f 1556/2136/1099 1559/2135/613 1567/3282/665 1560/3283/1258
f 1452/3587/1175 1454/1940/1073 1745/1939/1072 1743/3588/1153
f 1063/3589/1465 1060/3590/452 1527/2581/678 1526/2584/401
f 629/3591/1551 628/3592/1554 664/3593/1541 667/3594/513
f 1567/1325/665 1566/1326/666 1570/3595/1438 1571/3596/1417
f 996/2603/1398 1801/1409/724 1802/1412/725 997/2604/993
f 899/2991/643 1781/1896/1051 1780/1895/1050 895/2992/1005
f 1855/2324/873 1859/2669/1234 1858/2670/1420 1854/2325/1286
f 802/1951/814 805/2371/1306 806/2370/1034 803/1952/1078
f 1575/2229/1228 1587/3597/1502 1588/3598/1550 1576/2230/1229
f 878/2493/1347 952/2652/1415 951/2653/1416 877/2494/1348
f 1549/2539/1371 1579/3599/953 1788/3600/1111 1786/2540/1372
f 1233/3380/1480 1290/3486/1479 1291/3485/1033 1234/3381/1032
f 940/2057/596 1260/2183/1201 1624/3601/1462 1178/3602/597
f 951/3205/1416 954/3206/1268 880/2976/1271 877/2975/1348
f 1134/3392/1108 1135/3391/1419 1058/3603/861 1138/3604/730
f 843/2294/1263 970/3605/1441 842/2295/1264
f 1611/1890/918 1641/3049/594 1640/3048/804 1610/1891/1048
f 1053/2349/327 1649/1251/330 1650/1254/606 1056/2350/1301
f 1179/2920/359 1697/2921/1476 1196/3606/1531 753/3607/893
f 1015/3003/1044 1016/3002/817 1083/3608/816 1082/3609/1045
f 1743/3588/1153 1741/2869/834 1450/2868/1176 1452/3587/1175
f 919/1843/1023 920/1842/560 1625/3610/822
f 1041/2699/1138 1051/3611/1378 1044/3612/1053 1038/2700/1429
f 753/3607/893 1196/3606/1531 1198/1231/586 755/1230/585
f 969/3544/1425 724/3543/1105 723/3613/1013
f 1504/3582/1534 1517/3581/1291 1487/3614/1290 1486/3615/1399
f 911/2219/1024 1403/2222/1225 781/3468/1448 649/3467/1309
f 792/3216/1242 810/2951/348 817/2950/533 795/3217/999
f 979/2729/1222 998/2987/1454 999/2986/1277 980/2730/649
f 743/3323/369 742/3322/1449 768/3547/1549 769/3548/370
f 630/3616/1543 627/3617/1542 628/3618/1554 629/3619/1551
f 1570/3595/1438 1573/3620/1057 1243/3621/603 1571/3596/1417
f 1346/3578/1436 1287/3577/1526 1351/3622/687 1352/3623/1288
f 1287/3197/1526 1286/3200/1249 1348/1360/688 1351/1359/687
f 797/1182/541 796/1181/540 761/3010/754 762/3011/1433
f 1179/3624/359 1180/2978/1360 1183/2981/1487 774/3625/360
f 1150/1676/930 1153/1675/600 1163/2865/599 1162/2864/1463
f 667/3594/513 664/3593/1541 1420/2718/1435 1421/2717/514
f 1519/1528/482 1518/1531/826 1513/2401/1181 1514/2400/1315
f 810/973/348 792/2256/1242 791/2255/1241 809/974/349
f 981/2732/1223 982/2731/648 984/3347/1132 983/3346/1486
f 1352/3623/1288 1351/3622/687 776/3626/690 777/3627/1289
f 1703/2908/772 1699/3343/1411 1698/3342/1540 1702/2909/1311
f 1357/1818/1011 1361/1817/1010 1369/2580/1379 1365/2579/1389
f 628/3628/1554 627/3629/1542 660/3357/1538 664/3356/1541
f 1211/3227/1179 1806/2632/1180 1805/2635/1332 1210/3224/1316
f 1083/3608/816 1079/1501/799 1078/1500/798 1082/3609/1045
f 1760/2819/519 1229/3630/518 1228/3631/896 1759/2820/1235
f 704/2636/535 740/1138/501 715/1141/503 701/2637/346
f 1579/3599/953 1583/2421/952 1790/2420/1112 1788/3600/1111
f 1589/3473/1473 1577/3092/1472 1576/3091/1229 1588/3474/1550
f 1581/3097/1357 1597/3110/1356 1596/3109/1495 1580/3098/1510
f 1415/3632/1444 1418/3319/1501 1416/3318/1428 1412/3633/1427
f 1749/2586/1328 1748/2585/620 1646/3309/592 1647/3308/806
f 1468/3154/1238 1467/3153/1324 1473/3634/708 1478/3635/1536
f 788/3526/997 804/2447/1000 791/2446/1241 779/3523/1218
f 1478/3635/1536 1473/3634/708 1062/2846/710 1483/2849/943
f 1775/1368/696 1772/1367/695 1776/2175/849 1778/2174/1121
f 1679/3255/1518 1673/2164/1191 1672/2167/1192 1676/3252/1533
f 1764/3584/1210 1765/3583/313 1769/1700/312 1768/1699/694
f 1052/3636/328 1044/3612/1053 1051/3611/1378 1057/3637/1377
f 1120/2108/634 1119/2111/1164 1271/3161/1519 1276/3160/1109
f 1582/3492/951 1789/3491/1113 1791/2395/1079 1590/2394/672
f 1285/2453/381 1284/2454/1331 1346/2720/1436 1347/2719/1250
f 1407/1335/673 1410/3112/1056 1411/3111/1512 1408/1336/674
f 1409/3489/1445 1415/3632/1444 1412/3633/1427 1371/3490/1522
f 895/1808/1005 1780/3575/1050 1779/3576/1553 892/1809/1006
f 1682/3253/1400 1486/3615/1399 1487/3614/1290 1683/3254/1530
f 1690/2705/1430 1693/3115/1513 1694/3118/934 1691/2706/1431
f 1298/3579/1334 1349/2997/1352 1354/2996/744 1301/3580/396
f 1588/3598/1550 1587/3597/1502 1593/2005/936 1594/2004/770
f 1483/3638/943 1327/3639/942 1326/3640/677 1482/3641/676
f 1080/3642/1505 1098/2392/815 1099/2391/1042 1081/3643/1135
f 631/3644/1458 669/975/350 670/978/353 632/3645/1156
f 699/3005/768 1875/2882/929 1876/2881/1298 700/3006/1297
f 1252/1806/962 1728/1805/1004 1318/1980/1096 833/1979/963
f 785/2936/441 1233/2935/1480 1237/1127/494 789/1126/442
f 1547/2542/1374 1784/2541/1373 1822/1976/1093 1665/1975/738
f 799/1065/418 1278/1064/436 1297/1195/553 812/1194/552
f 988/1608/886 1598/2912/1470 1601/2915/591 989/1609/887
f 1816/1599/880 1813/1598/879 1817/2576/1388 1820/2575/1387
f 1052/3636/328 1057/3637/1377 1651/2078/1141 1648/2081/329
f 1094/2252/373 1097/2251/1239 1101/943/319 1100/946/322
f 1474/1338/675 1244/2415/568 1245/2416/1323 1475/1339/578
f 1324/986/361 1323/989/364 1327/1702/942 1328/1701/941
f 1774/2924/1120 1545/3646/1122 1777/3647/850 1773/2925/940
f 1156/2191/377 1157/2190/1204 1215/1055/428 1214/1054/427
f 1799/2019/529 1668/2166/528 1669/2165/638 1800/2016/637
f 988/3166/886 921/3165/797 1793/2903/1471 1598/2902/1470
f 1320/3648/912 1850/3235/1287 1849/3234/740 1848/3649/1500
f 1469/3267/1295 1478/3266/1536 1483/3638/943 1482/3641/676
f 1075/2887/1134 1074/2886/986 1080/3642/1505 1081/3643/1135
f 1430/3360/1499 1428/3114/1498 1427/3113/1055 1429/3361/1345
f 1659/2799/1455 1663/2431/884 1660/2434/1325 1656/2800/876
f 1689/3063/1385 1842/3066/1150 1840/3324/1149 1685/3325/1382
f 692/3650/574 1005/3520/1466 996/3519/1398 689/3651/575
f 1208/1569/858 1206/2676/756 1207/2675/1422 1209/1570/859
f 1690/2752/1430 1843/2751/714 1845/3210/717 1693/3209/1513
f 1279/1638/812 1280/1637/435 1288/3484/1254 1281/3483/813
f 1338/3422/1546 1341/3421/1319 1345/2995/1322 1342/2994/1351
f 672/3652/469 673/3653/468 1006/2224/1227 993/2223/1226
f 687/3654/885 688/3655/888 666/3656/795 665/3657/794
f 1675/2156/1187 1671/1719/955 1670/1718/954 1674/2157/1188
f 1584/2506/1355 1599/2476/1340 1605/2475/1314 1597/2507/1356
f 1545/3658/1122 1542/3659/1136 1777/3660/850
f 1440/2055/1133 938/2054/1028 936/2907/1029 1438/2906/788
f 1877/3661/1555 1883/3662/1556 1888/3663/1557 1882/3664/1558
f 1878/3665/1559 1884/3666/1560 1883/3662/1556 1877/3661/1555
f 1879/3667/1561 1885/3668/1562 1884/3666/1560 1878/3665/1559
f 1880/3669/1563 1886/3670/1564 1885/3668/1562 1879/3667/1561
f 1881/3671/1565 1887/3672/1566 1886/3670/1564 1880/3669/1563
f 1882/3664/1558 1888/3663/1557 1887/3673/1566 1881/3674/1565
f 1883/3675/1556 1889/3676/1567 1894/3677/1568 1888/3678/1557
f 1884/3679/1560 1890/3680/1569 1889/3676/1567 1883/3675/1556
f 1885/3681/1562 1891/3682/1570 1890/3680/1569 1884/3679/1560
f 1886/3683/1564 1892/3684/1571 1891/3682/1570 1885/3681/1562
f 1887/3685/1566 1893/3686/1572 1892/3684/1571 1886/3683/1564
f 1888/3678/1557 1894/3677/1568 1893/3687/1572 1887/3688/1566
f 1889/3689/1567 1895/3690/1573 1900/3691/1574 1894/3692/1568
f 1890/3693/1569 1896/3694/1575 1895/3690/1573 1889/3689/1567
f 1891/3695/1570 1897/3696/1576 1896/3694/1575 1890/3693/1569
f 1892/3697/1571 1898/3698/1577 1897/3696/1576 1891/3695/1570
f 1893/3699/1572 1899/3700/1578 1898/3698/1577 1892/3697/1571
f 1894/3692/1568 1900/3691/1574 1899/3701/1578 1893/3702/1572
f 1895/3690/1573 1901/3703/1579 1906/3704/1580 1900/3691/1574
f 1896/3694/1575 1902/3705/1581 1901/3703/1579 1895/3690/1573
f 1897/3696/1576 1903/3706/1582 1902/3705/1581 1896/3694/1575
f 1898/3698/1577 1904/3707/1583 1903/3706/1582 1897/3696/1576
f 1899/3700/1578 1905/3708/1584 1904/3707/1583 1898/3698/1577
f 1900/3691/1574 1906/3704/1580 1905/3709/1584 1899/3701/1578
f 1901/3703/1579 1907/3710/1585 1912/3711/1586 1906/3704/1580
f 1902/3705/1581 1908/3712/1587 1907/3710/1585 1901/3703/1579
f 1903/3706/1582 1909/3713/1588 1908/3712/1587 1902/3705/1581
f 1904/3707/1583 1910/3714/1589 1909/3713/1588 1903/3706/1582
f 1905/3708/1584 1911/3715/1590 1910/3714/1589 1904/3707/1583
f 1906/3704/1580 1912/3711/1586 1911/3716/1590 1905/3709/1584
f 1907/3710/1585 1913/3717/1591 1918/3718/1592 1912/3711/1586
f 1908/3712/1587 1914/3719/1593 1913/3717/1591 1907/3710/1585
f 1909/3713/1588 1915/3720/1594 1914/3719/1593 1908/3712/1587
f 1910/3714/1589 1916/3721/1595 1915/3720/1594 1909/3713/1588
f 1911/3715/1590 1917/3722/1596 1916/3721/1595 1910/3714/1589
f 1912/3711/1586 1918/3718/1592 1917/3723/1596 1911/3716/1590
f 1913/3717/1591 1919/3724/1597 1924/3725/1598 1918/3718/1592
f 1914/3719/1593 1920/3726/1599 1919/3724/1597 1913/3717/1591
f 1915/3720/1594 1921/3727/1600 1920/3726/1599 1914/3719/1593
f 1916/3721/1595 1922/3728/1601 1921/3727/1600 1915/3720/1594
f 1917/3722/1596 1923/3729/1602 1922/3728/1601 1916/3721/1595
f 1918/3718/1592 1924/3725/1598 1923/3730/1602 1917/3723/1596
f 1919/3724/1597 1925/3731/1603 1930/3732/1604 1924/3725/1598
f 1920/3726/1599 1926/3733/1605 1925/3731/1603 1919/3724/1597
f 1921/3727/1600 1927/3734/1606 1926/3733/1605 1920/3726/1599
f 1922/3728/1601 1928/3735/1607 1927/3734/1606 1921/3727/1600
f 1923/3729/1602 1929/3736/1608 1928/3735/1607 1922/3728/1601
f 1924/3725/1598 1930/3732/1604 1929/3737/1608 1923/3730/1602
f 1925/3738/1603 1931/3739/1609 1936/3740/1610 1930/3741/1604
f 1926/3742/1605 1932/3743/1611 1931/3739/1609 1925/3738/1603
f 1927/3744/1606 1933/3745/1612 1932/3743/1611 1926/3742/1605
f 1928/3746/1607 1934/3747/1613 1933/3745/1612 1927/3744/1606
f 1929/3748/1608 1935/3749/1614 1934/3747/1613 1928/3746/1607
f 1930/3741/1604 1936/3740/1610 1935/3750/1614 1929/3751/1608
f 1931/3739/1609 1937/3752/1615 1942/3753/1616 1936/3740/1610
f 1932/3743/1611 1938/3754/1617 1937/3752/1615 1931/3739/1609
f 1933/3745/1612 1939/3755/1618 1938/3754/1617 1932/3743/1611
f 1934/3747/1613 1940/3756/1619 1939/3755/1618 1933/3745/1612
f 1935/3749/1614 1941/3757/1620 1940/3756/1619 1934/3747/1613
f 1936/3740/1610 1942/3753/1616 1941/3758/1620 1935/3750/1614
f 1937/3752/1615 1943/3759/1621 1948/3760/1622 1942/3753/1616
f 1938/3754/1617 1944/3761/1623 1943/3759/1621 1937/3752/1615
f 1939/3755/1618 1945/3762/1624 1944/3761/1623 1938/3754/1617
f 1940/3756/1619 1946/3763/1625 1945/3762/1624 1939/3755/1618
f 1941/3757/1620 1947/3764/1626 1946/3763/1625 1940/3756/1619
f 1942/3753/1616 1948/3760/1622 1947/3765/1626 1941/3758/1620
f 1943/3759/1621 1949/3766/1627 1954/3767/1628 1948/3760/1622
f 1944/3761/1623 1950/3768/1629 1949/3766/1627 1943/3759/1621
f 1945/3762/1624 1951/3769/1630 1950/3768/1629 1944/3761/1623
f 1946/3763/1625 1952/3770/1631 1951/3769/1630 1945/3762/1624
f 1947/3764/1626 1953/3771/1632 1952/3770/1631 1946/3763/1625
f 1948/3760/1622 1954/3767/1628 1953/3772/1632 1947/3765/1626
f 1949/3766/1627 1955/3773/1633 1960/3774/1634 1954/3767/1628
f 1950/3768/1629 1956/3775/1635 1955/3773/1633 1949/3766/1627
f 1951/3769/1630 1957/3776/1636 1956/3775/1635 1950/3768/1629
f 1952/3770/1631 1958/3777/1637 1957/3776/1636 1951/3769/1630
f 1953/3771/1632 1959/3778/1638 1958/3777/1637 1952/3770/1631
f 1954/3767/1628 1960/3774/1634 1959/3779/1638 1953/3772/1632
f 1955/3773/1633 1961/3780/1639 1966/3781/1640 1960/3774/1634
f 1956/3775/1635 1962/3782/1641 1961/3780/1639 1955/3773/1633
f 1957/3776/1636 1963/3783/1642 1962/3782/1641 1956/3775/1635
f 1958/3777/1637 1964/3784/1643 1963/3783/1642 1957/3776/1636
f 1959/3778/1638 1965/3785/1644 1964/3784/1643 1958/3777/1637
f 1960/3774/1634 1966/3781/1640 1965/3786/1644 1959/3779/1638
f 1961/3780/1639 1967/3787/1645 1972/3788/1646 1966/3781/1640
f 1962/3782/1641 1968/3789/1647 1967/3787/1645 1961/3780/1639
f 1963/3783/1642 1969/3790/1648 1968/3789/1647 1962/3782/1641
f 1964/3784/1643 1970/3791/1649 1969/3790/1648 1963/3783/1642
f 1965/3785/1644 1971/3792/1650 1970/3791/1649 1964/3784/1643
f 1966/3781/1640 1972/3788/1646 1971/3793/1650 1965/3786/1644
f 1967/3787/1645 1973/3794/1651 1978/3795/1652 1972/3788/1646
f 1968/3789/1647 1974/3796/1653 1973/3794/1651 1967/3787/1645
f 1969/3790/1648 1975/3797/1654 1974/3796/1653 1968/3789/1647
f 1970/3791/1649 1976/3798/1655 1975/3797/1654 1969/3790/1648
f 1971/3792/1650 1977/3799/1656 1976/3798/1655 1970/3791/1649
f 1972/3788/1646 1978/3795/1652 1977/3800/1656 1971/3793/1650
f 1973/3794/1651 1979/3801/1657 1984/3802/1658 1978/3795/1652
f 1974/3796/1653 1980/3803/1659 1979/3801/1657 1973/3794/1651
f 1975/3797/1654 1981/3804/1660 1980/3803/1659 1974/3796/1653
f 1976/3798/1655 1982/3805/1661 1981/3804/1660 1975/3797/1654
f 1977/3799/1656 1983/3806/1662 1982/3805/1661 1976/3798/1655
f 1978/3795/1652 1984/3802/1658 1983/3807/1662 1977/3800/1656
f 1979/3801/1657 1985/3808/1617 1990/3809/1618 1984/3802/1658
f 1980/3803/1659 1986/3810/1615 1985/3808/1617 1979/3801/1657
f 1981/3804/1660 1987/3811/1616 1986/3810/1615 1980/3803/1659
f 1982/3805/1661 1988/3812/1620 1987/3811/1616 1981/3804/1660
f 1983/3806/1662 1989/3813/1619 1988/3812/1620 1982/3805/1661
f 1984/3802/1658 1990/3809/1618 1989/3814/1619 1983/3807/1662
f 1985/3808/1617 1991/3815/1611 1996/3816/1612 1990/3809/1618
f 1986/3810/1615 1992/3817/1609 1991/3815/1611 1985/3808/1617
f 1987/3811/1616 1993/3818/1610 1992/3817/1609 1986/3810/1615
f 1988/3812/1620 1994/3819/1663 1993/3818/1610 1987/3811/1616
f 1989/3813/1619 1995/3820/1664 1994/3819/1663 1988/3812/1620
f 1990/3809/1618 1996/3816/1612 1995/3821/1664 1989/3814/1619
f 1991/3815/1611 1997/3822/1665 2002/3823/1606 1996/3816/1612
f 1992/3817/1609 1998/3824/1603 1997/3822/1665 1991/3815/1611
f 1993/3818/1610 1999/3825/1604 1998/3824/1603 1992/3817/1609
f 1994/3819/1663 2000/3826/1608 1999/3825/1604 1993/3818/1610
f 1995/3820/1664 2001/3827/1607 2000/3826/1608 1994/3819/1663
f 1996/3816/1612 2002/3823/1606 2001/3828/1607 1995/3821/1664
f 1997/3829/1665 2003/3830/1666 2008/3831/1667 2002/3832/1606
f 1998/3833/1603 2004/3834/1668 2003/3830/1666 1997/3829/1665
f 1999/3835/1604 2005/3836/1669 2004/3834/1668 1998/3833/1603
f 2000/3837/1608 2006/3838/1670 2005/3836/1669 1999/3835/1604
f 2001/3839/1607 2007/3840/1671 2006/3838/1670 2000/3837/1608
f 2002/3832/1606 2008/3831/1667 2007/3841/1671 2001/3842/1607
f 2003/3830/1666 2009/3843/1672 2014/3844/1673 2008/3831/1667
f 2004/3834/1668 2010/3845/1674 2009/3843/1672 2003/3830/1666
f 2005/3836/1669 2011/3846/1675 2010/3845/1674 2004/3834/1668
f 2006/3838/1670 2012/3847/1676 2011/3846/1675 2005/3836/1669
f 2007/3840/1671 2013/3848/1677 2012/3847/1676 2006/3838/1670
f 2008/3831/1667 2014/3844/1673 2013/3849/1677 2007/3841/1671
f 2009/3843/1672 2015/3850/1678 2020/3851/1679 2014/3844/1673
f 2010/3845/1674 2016/3852/1680 2015/3850/1678 2009/3843/1672
f 2011/3846/1675 2017/3853/1681 2016/3852/1680 2010/3845/1674
f 2012/3847/1676 2018/3854/1682 2017/3853/1681 2011/3846/1675
f 2013/3848/1677 2019/3855/1683 2018/3854/1682 2012/3847/1676
f 2014/3844/1673 2020/3851/1679 2019/3856/1683 2013/3849/1677
f 2015/3850/1678 2021/3857/1684 2026/3858/1685 2020/3851/1679
f 2016/3852/1680 2022/3859/1686 2021/3857/1684 2015/3850/1678
f 2017/3853/1681 2023/3860/1687 2022/3859/1686 2016/3852/1680
f 2018/3854/1682 2024/3861/1688 2023/3860/1687 2017/3853/1681
f 2019/3855/1683 2025/3862/1689 2024/3861/1688 2018/3854/1682
f 2020/3851/1679 2026/3858/1685 2025/3863/1689 2019/3856/1683
f 2021/3857/1684 1877/3661/1555 1882/3664/1558 2026/3858/1685
f 2022/3859/1686 1878/3665/1559 1877/3661/1555 2021/3857/1684
f 2023/3860/1687 1879/3667/1561 1878/3665/1559 2022/3859/1686
f 2024/3861/1688 1880/3669/1563 1879/3667/1561 2023/3860/1687
f 2025/3862/1689 1881/3671/1565 1880/3669/1563 2024/3861/1688
f 2026/3858/1685 1882/3664/1558 1881/3674/1565 2025/3863/1689
f 2027/3864/1690 2033/3865/1691 2038/3866/1692 2032/3867/1693
f 2028/3868/1694 2034/3869/1695 2033/3865/1691 2027/3864/1690
f 2029/3870/1696 2035/3871/1697 2034/3869/1695 2028/3868/1694
f 2030/3872/1698 2036/3873/1699 2035/3871/1697 2029/3870/1696
f 2031/3874/1700 2037/3875/1701 2036/3873/1699 2030/3872/1698
f 2032/3867/1693 2038/3866/1692 2037/3876/1701 2031/3877/1700
f 2033/3878/1691 2039/3879/1702 2044/3880/1703 2038/3881/1692
f 2034/3882/1695 2040/3883/1704 2039/3879/1702 2033/3878/1691
f 2035/3884/1697 2041/3885/1705 2040/3883/1704 2034/3882/1695
f 2036/3886/1699 2042/3887/1706 2041/3885/1705 2035/3884/1697
f 2037/3888/1701 2043/3889/1707 2042/3887/1706 2036/3886/1699
f 2038/3881/1692 2044/3880/1703 2043/3890/1707 2037/3891/1701
f 2039/3892/1702 2045/3893/1708 2050/3894/1709 2044/3895/1703
f 2040/3896/1704 2046/3897/1710 2045/3893/1708 2039/3892/1702
f 2041/3898/1705 2047/3899/1711 2046/3897/1710 2040/3896/1704
f 2042/3900/1706 2048/3901/1712 2047/3899/1711 2041/3898/1705
f 2043/3902/1707 2049/3903/1713 2048/3901/1712 2042/3900/1706
f 2044/3895/1703 2050/3894/1709 2049/3904/1713 2043/3905/1707
f 2045/3893/1708 2051/3906/1714 2056/3907/1715 2050/3894/1709
f 2046/3897/1710 2052/3908/1716 2051/3906/1714 2045/3893/1708
f 2047/3899/1711 2053/3909/1717 2052/3908/1716 2046/3897/1710
f 2048/3901/1712 2054/3910/1718 2053/3909/1717 2047/3899/1711
f 2049/3903/1713 2055/3911/1719 2054/3910/1718 2048/3901/1712
f 2050/3894/1709 2056/3907/1715 2055/3912/1719 2049/3904/1713
f 2051/3906/1714 2057/3913/1720 2062/3914/1721 2056/3907/1715
f 2052/3908/1716 2058/3915/1722 2057/3913/1720 2051/3906/1714
f 2053/3909/1717 2059/3916/1723 2058/3915/1722 2052/3908/1716
f 2054/3910/1718 2060/3917/1724 2059/3916/1723 2053/3909/1717
f 2055/3911/1719 2061/3918/1725 2060/3917/1724 2054/3910/1718
f 2056/3907/1715 2062/3914/1721 2061/3919/1725 2055/3912/1719
f 2057/3913/1720 2063/3920/1726 2068/3921/1727 2062/3914/1721
f 2058/3915/1722 2064/3922/1728 2063/3920/1726 2057/3913/1720
f 2059/3916/1723 2065/3923/1729 2064/3922/1728 2058/3915/1722
f 2060/3917/1724 2066/3924/1730 2065/3923/1729 2059/3916/1723
f 2061/3918/1725 2067/3925/1731 2066/3924/1730 2060/3917/1724
f 2062/3914/1721 2068/3921/1727 2067/3926/1731 2061/3919/1725
f 2063/3920/1726 2069/3927/1732 2074/3928/1733 2068/3921/1727
f 2064/3922/1728 2070/3929/1734 2069/3927/1732 2063/3920/1726
f 2065/3923/1729 2071/3930/1735 2070/3929/1734 2064/3922/1728
f 2066/3924/1730 2072/3931/1736 2071/3930/1735 2065/3923/1729
f 2067/3925/1731 2073/3932/1737 2072/3931/1736 2066/3924/1730
f 2068/3921/1727 2074/3928/1733 2073/3933/1737 2067/3926/1731
f 2069/3927/1732 2075/3934/1738 2080/3935/1739 2074/3928/1733
f 2070/3929/1734 2076/3936/1740 2075/3934/1738 2069/3927/1732
f 2071/3930/1735 2077/3937/1741 2076/3936/1740 2070/3929/1734
f 2072/3931/1736 2078/3938/1742 2077/3937/1741 2071/3930/1735
f 2073/3932/1737 2079/3939/1743 2078/3938/1742 2072/3931/1736
f 2074/3928/1733 2080/3935/1739 2079/3940/1743 2073/3933/1737
f 2075/3941/1738 2081/3942/1744 2086/3943/1745 2080/3944/1739
f 2076/3945/1740 2082/3946/1746 2081/3942/1744 2075/3941/1738
f 2077/3947/1741 2083/3948/1747 2082/3946/1746 2076/3945/1740
f 2078/3949/1742 2084/3950/1748 2083/3948/1747 2077/3947/1741
f 2079/3951/1743 2085/3952/1749 2084/3950/1748 2078/3949/1742
f 2080/3944/1739 2086/3943/1745 2085/3953/1749 2079/3954/1743
f 2081/3942/1744 2087/3955/1750 2092/3956/1751 2086/3943/1745
f 2082/3946/1746 2088/3957/1752 2087/3955/1750 2081/3942/1744
f 2083/3948/1747 2089/3958/1753 2088/3957/1752 2082/3946/1746
f 2084/3950/1748 2090/3959/1754 2089/3958/1753 2083/3948/1747
f 2085/3952/1749 2091/3960/1755 2090/3959/1754 2084/3950/1748
f 2086/3943/1745 2092/3956/1751 2091/3961/1755 2085/3953/1749
f 2087/3955/1750 2093/3962/1756 2098/3963/1757 2092/3956/1751
f 2088/3957/1752 2094/3964/1758 2093/3962/1756 2087/3955/1750
f 2089/3958/1753 2095/3965/1759 2094/3964/1758 2088/3957/1752
f 2090/3959/1754 2096/3966/1760 2095/3965/1759 2089/3958/1753
f 2091/3960/1755 2097/3967/1761 2096/3966/1760 2090/3959/1754
f 2092/3956/1751 2098/3963/1757 2097/3968/1761 2091/3961/1755
f 2093/3962/1756 2099/3969/1762 2104/3970/1763 2098/3963/1757
f 2094/3964/1758 2100/3971/1764 2099/3969/1762 2093/3962/1756
f 2095/3965/1759 2101/3972/1765 2100/3971/1764 2094/3964/1758
f 2096/3966/1760 2102/3973/1766 2101/3972/1765 2095/3965/1759
f 2097/3967/1761 2103/3974/1767 2102/3973/1766 2096/3966/1760
f 2098/3963/1757 2104/3970/1763 2103/3975/1767 2097/3968/1761
f 2099/3969/1762 2105/3976/1768 2110/3977/1769 2104/3970/1763
f 2100/3971/1764 2106/3978/1770 2105/3976/1768 2099/3969/1762
f 2101/3972/1765 2107/3979/1771 2106/3978/1770 2100/3971/1764
f 2102/3973/1766 2108/3980/1772 2107/3979/1771 2101/3972/1765
f 2103/3974/1767 2109/3981/1773 2108/3980/1772 2102/3973/1766
f 2104/3970/1763 2110/3977/1769 2109/3982/1773 2103/3975/1767
f 2105/3976/1768 2111/3983/1774 2116/3984/1775 2110/3977/1769
f 2106/3978/1770 2112/3985/1776 2111/3983/1774 2105/3976/1768
f 2107/3979/1771 2113/3986/1777 2112/3985/1776 2106/3978/1770
f 2108/3980/1772 2114/3987/1778 2113/3986/1777 2107/3979/1771
f 2109/3981/1773 2115/3988/1779 2114/3987/1778 2108/3980/1772
f 2110/3977/1769 2116/3984/1775 2115/3989/1779 2109/3982/1773
f 2111/3983/1774 2117/3990/1780 2122/3991/1781 2116/3984/1775
f 2112/3985/1776 2118/3992/1782 2117/3990/1780 2111/3983/1774
f 2113/3986/1777 2119/3993/1783 2118/3992/1782 2112/3985/1776
f 2114/3987/1778 2120/3994/1784 2119/3993/1783 2113/3986/1777
f 2115/3988/1779 2121/3995/1785 2120/3994/1784 2114/3987/1778
f 2116/3984/1775 2122/3991/1781 2121/3996/1785 2115/3989/1779
f 2117/3990/1780 2123/3997/1786 2128/3998/1787 2122/3991/1781
f 2118/3992/1782 2124/3999/1788 2123/3997/1786 2117/3990/1780
f 2119/3993/1783 2125/4000/1789 2124/3999/1788 2118/3992/1782
f 2120/3994/1784 2126/4001/1790 2125/4000/1789 2119/3993/1783
f 2121/3995/1785 2127/4002/1791 2126/4001/1790 2120/3994/1784
f 2122/3991/1781 2128/3998/1787 2127/4003/1791 2121/3996/1785
f 2123/3997/1786 2129/4004/1792 2134/4005/1793 2128/3998/1787
f 2124/3999/1788 2130/4006/1794 2129/4004/1792 2123/3997/1786
f 2125/4000/1789 2131/4007/1795 2130/4006/1794 2124/3999/1788
f 2126/4001/1790 2132/4008/1796 2131/4007/1795 2125/4000/1789
f 2127/4002/1791 2133/4009/1797 2132/4008/1796 2126/4001/1790
f 2128/3998/1787 2134/4005/1793 2133/4010/1797 2127/4003/1791
f 2129/4004/1792 2135/4011/1752 2140/4012/1753 2134/4005/1793
f 2130/4006/1794 2136/4013/1750 2135/4011/1752 2129/4004/1792
f 2131/4007/1795 2137/4014/1751 2136/4013/1750 2130/4006/1794
f 2132/4008/1796 2138/4015/1755 2137/4014/1751 2131/4007/1795
f 2133/4009/1797 2139/4016/1754 2138/4015/1755 2132/4008/1796
f 2134/4005/1793 2140/4012/1753 2139/4017/1754 2133/4010/1797
f 2135/4011/1752 2141/4018/1798 2146/4019/1747 2140/4012/1753
f 2136/4013/1750 2142/4020/1744 2141/4018/1798 2135/4011/1752
f 2137/4014/1751 2143/4021/1799 2142/4020/1744 2136/4013/1750
f 2138/4015/1755 2144/4022/1749 2143/4021/1799 2137/4014/1751
f 2139/4016/1754 2145/4023/1748 2144/4022/1749 2138/4015/1755
f 2140/4012/1753 2146/4019/1747 2145/4024/1748 2139/4017/1754
f 2141/4018/1798 2147/4025/1740 2152/4026/1741 2146/4019/1747
f 2142/4020/1744 2148/4027/1738 2147/4025/1740 2141/4018/1798
f 2143/4021/1799 2149/4028/1739 2148/4027/1738 2142/4020/1744
f 2144/4022/1749 2150/4029/1743 2149/4028/1739 2143/4021/1799
f 2145/4023/1748 2151/4030/1800 2150/4029/1743 2144/4022/1749
f 2146/4019/1747 2152/4026/1741 2151/4031/1800 2145/4024/1748
f 2147/4032/1740 2153/4033/1801 2158/4034/1802 2152/4035/1741
f 2148/4036/1738 2154/4037/1803 2153/4033/1801 2147/4032/1740
f 2149/4038/1739 2155/4039/1804 2154/4037/1803 2148/4036/1738
f 2150/4040/1743 2156/4041/1805 2155/4039/1804 2149/4038/1739
f 2151/4042/1800 2157/4043/1806 2156/4041/1805 2150/4040/1743
f 2152/4035/1741 2158/4034/1802 2157/4044/1806 2151/4045/1800
f 2153/4033/1801 2159/4046/1807 2164/4047/1808 2158/4034/1802
f 2154/4037/1803 2160/4048/1809 2159/4046/1807 2153/4033/1801
f 2155/4039/1804 2161/4049/1810 2160/4048/1809 2154/4037/1803
f 2156/4041/1805 2162/4050/1811 2161/4049/1810 2155/4039/1804
f 2157/4043/1806 2163/4051/1812 2162/4050/1811 2156/4041/1805
f 2158/4034/1802 2164/4047/1808 2163/4052/1812 2157/4044/1806
f 2159/4046/1807 2165/4053/1813 2170/4054/1814 2164/4047/1808
f 2160/4048/1809 2166/4055/1815 2165/4053/1813 2159/4046/1807
f 2161/4049/1810 2167/4056/1816 2166/4055/1815 2160/4048/1809
f 2162/4050/1811 2168/4057/1817 2167/4056/1816 2161/4049/1810
f 2163/4051/1812 2169/4058/1818 2168/4057/1817 2162/4050/1811
f 2164/4047/1808 2170/4054/1814 2169/4059/1818 2163/4052/1812
f 2165/4053/1813 2171/4060/1819 2176/4061/1820 2170/4054/1814
f 2166/4055/1815 2172/4062/1821 2171/4060/1819 2165/4053/1813
f 2167/4056/1816 2173/4063/1822 2172/4062/1821 2166/4055/1815
f 2168/4057/1817 2174/4064/1823 2173/4063/1822 2167/4056/1816
f 2169/4058/1818 2175/4065/1824 2174/4064/1823 2168/4057/1817
f 2170/4054/1814 2176/4061/1820 2175/4066/1824 2169/4059/1818
f 2171/4060/1819 2027/3864/1690 2032/3867/1693 2176/4061/1820
f 2172/4062/1821 2028/3868/1694 2027/3864/1690 2171/4060/1819
f 2173/4063/1822 2029/3870/1696 2028/3868/1694 2172/4062/1821
f 2174/4064/1823 2030/3872/1698 2029/3870/1696 2173/4063/1822
f 2175/4065/1824 2031/3874/1700 2030/3872/1698 2174/4064/1823
f 2176/4061/1820 2032/3867/1693 2031/3877/1700 2175/4066/1824
f 2177/4067/1825 2183/4068/1826 2188/4069/1827 2182/4070/1828
f 2178/4071/1829 2184/4072/1830 2183/4068/1826 2177/4067/1825
f 2179/4073/1831 2185/4074/1832 2184/4072/1830 2178/4071/1829
f 2180/4075/1833 2186/4076/1834 2185/4074/1832 2179/4073/1831
f 2181/4077/1835 2187/4078/1836 2186/4076/1834 2180/4075/1833
f 2182/4070/1828 2188/4069/1827 2187/4079/1836 2181/4080/1835
f 2183/4081/1826 2189/4082/1837 2194/4083/1838 2188/4084/1827
f 2184/4085/1830 2190/4086/1839 2189/4082/1837 2183/4081/1826
f 2185/4087/1832 2191/4088/1840 2190/4086/1839 2184/4085/1830
f 2186/4089/1834 2192/4090/1841 2191/4088/1840 2185/4087/1832
f 2187/4091/1836 2193/4092/1842 2192/4090/1841 2186/4089/1834
f 2188/4084/1827 2194/4083/1838 2193/4093/1842 2187/4094/1836
f 2189/4095/1837 2195/4096/1843 2200/4097/1844 2194/4098/1838
f 2190/4099/1839 2196/4100/1845 2195/4096/1843 2189/4095/1837
f 2191/4101/1840 2197/4102/1846 2196/4100/1845 2190/4099/1839
f 2192/4103/1841 2198/4104/1847 2197/4102/1846 2191/4101/1840
f 2193/4105/1842 2199/4106/1848 2198/4104/1847 2192/4103/1841
f 2194/4098/1838 2200/4097/1844 2199/4107/1848 2193/4108/1842
f 2195/4096/1843 2201/4109/1849 2206/4110/1850 2200/4097/1844
f 2196/4100/1845 2202/4111/1851 2201/4109/1849 2195/4096/1843
f 2197/4102/1846 2203/4112/1852 2202/4111/1851 2196/4100/1845
f 2198/4104/1847 2204/4113/1853 2203/4112/1852 2197/4102/1846
f 2199/4106/1848 2205/4114/1854 2204/4113/1853 2198/4104/1847
f 2200/4097/1844 2206/4110/1850 2205/4115/1854 2199/4107/1848
f 2201/4109/1849 2207/4116/1855 2212/4117/1856 2206/4110/1850
f 2202/4111/1851 2208/4118/1857 2207/4116/1855 2201/4109/1849
f 2203/4112/1852 2209/4119/1858 2208/4118/1857 2202/4111/1851
f 2204/4113/1853 2210/4120/1859 2209/4119/1858 2203/4112/1852
f 2205/4114/1854 2211/4121/1860 2210/4120/1859 2204/4113/1853
f 2206/4110/1850 2212/4117/1856 2211/4122/1860 2205/4115/1854
f 2207/4116/1855 2213/4123/1861 2218/4124/1862 2212/4117/1856
f 2208/4118/1857 2214/4125/1863 2213/4123/1861 2207/4116/1855
f 2209/4119/1858 2215/4126/1864 2214/4125/1863 2208/4118/1857
f 2210/4120/1859 2216/4127/1865 2215/4126/1864 2209/4119/1858
f 2211/4121/1860 2217/4128/1866 2216/4127/1865 2210/4120/1859
f 2212/4117/1856 2218/4124/1862 2217/4129/1866 2211/4122/1860
f 2213/4123/1861 2219/4130/1867 2224/4131/1868 2218/4124/1862
f 2214/4125/1863 2220/4132/1869 2219/4130/1867 2213/4123/1861
f 2215/4126/1864 2221/4133/1870 2220/4132/1869 2214/4125/1863
f 2216/4127/1865 2222/4134/1871 2221/4133/1870 2215/4126/1864
f 2217/4128/1866 2223/4135/1872 2222/4134/1871 2216/4127/1865
f 2218/4124/1862 2224/4131/1868 2223/4136/1872 2217/4129/1866
f 2219/4130/1867 2225/4137/1873 2230/4138/1874 2224/4131/1868
f 2220/4132/1869 2226/4139/1875 2225/4137/1873 2219/4130/1867
f 2221/4133/1870 2227/4140/1876 2226/4139/1875 2220/4132/1869
f 2222/4134/1871 2228/4141/1877 2227/4140/1876 2221/4133/1870
f 2223/4135/1872 2229/4142/1878 2228/4141/1877 2222/4134/1871
f 2224/4131/1868 2230/4138/1874 2229/4143/1878 2223/4136/1872
f 2225/4144/1873 2231/4145/1879 2236/4146/1880 2230/4147/1874
f 2226/4148/1875 2232/4149/1881 2231/4145/1879 2225/4144/1873
f 2227/4150/1876 2233/4151/1882 2232/4149/1881 2226/4148/1875
f 2228/4152/1877 2234/4153/1883 2233/4151/1882 2227/4150/1876
f 2229/4154/1878 2235/4155/1884 2234/4153/1883 2228/4152/1877
f 2230/4147/1874 2236/4146/1880 2235/4156/1884 2229/4157/1878
f 2231/4145/1879 2237/4158/1885 2242/4159/1886 2236/4146/1880
f 2232/4149/1881 2238/4160/1887 2237/4158/1885 2231/4145/1879
f 2233/4151/1882 2239/4161/1888 2238/4160/1887 2232/4149/1881
f 2234/4153/1883 2240/4162/1889 2239/4161/1888 2233/4151/1882
f 2235/4155/1884 2241/4163/1890 2240/4162/1889 2234/4153/1883
f 2236/4146/1880 2242/4159/1886 2241/4164/1890 2235/4156/1884
f 2237/4158/1885 2243/4165/1891 2248/4166/1892 2242/4159/1886
f 2238/4160/1887 2244/4167/1893 2243/4165/1891 2237/4158/1885
f 2239/4161/1888 2245/4168/1894 2244/4167/1893 2238/4160/1887
f 2240/4162/1889 2246/4169/1895 2245/4168/1894 2239/4161/1888
f 2241/4163/1890 2247/4170/1896 2246/4169/1895 2240/4162/1889
f 2242/4159/1886 2248/4166/1892 2247/4171/1896 2241/4164/1890
f 2243/4165/1891 2249/4172/1897 2254/4173/1898 2248/4166/1892
f 2244/4167/1893 2250/4174/1899 2249/4172/1897 2243/4165/1891
f 2245/4168/1894 2251/4175/1900 2250/4174/1899 2244/4167/1893
f 2246/4169/1895 2252/4176/1901 2251/4175/1900 2245/4168/1894
f 2247/4170/1896 2253/4177/1902 2252/4176/1901 2246/4169/1895
f 2248/4166/1892 2254/4173/1898 2253/4178/1902 2247/4171/1896
f 2249/4172/1897 2255/4179/1903 2260/4180/1904 2254/4173/1898
f 2250/4174/1899 2256/4181/1905 2255/4179/1903 2249/4172/1897
f 2251/4175/1900 2257/4182/1906 2256/4181/1905 2250/4174/1899
f 2252/4176/1901 2258/4183/1907 2257/4182/1906 2251/4175/1900
f 2253/4177/1902 2259/4184/1908 2258/4183/1907 2252/4176/1901
f 2254/4173/1898 2260/4180/1904 2259/4185/1908 2253/4178/1902
f 2255/4179/1903 2261/4186/1909 2266/4187/1910 2260/4180/1904
f 2256/4181/1905 2262/4188/1911 2261/4186/1909 2255/4179/1903
f 2257/4182/1906 2263/4189/1912 2262/4188/1911 2256/4181/1905
f 2258/4183/1907 2264/4190/1913 2263/4189/1912 2257/4182/1906
f 2259/4184/1908 2265/4191/1914 2264/4190/1913 2258/4183/1907
f 2260/4180/1904 2266/4187/1910 2265/4192/1914 2259/4185/1908
f 2261/4186/1909 2267/4193/1915 2272/4194/1916 2266/4187/1910
f 2262/4188/1911 2268/4195/1917 2267/4193/1915 2261/4186/1909
f 2263/4189/1912 2269/4196/1918 2268/4195/1917 2262/4188/1911
f 2264/4190/1913 2270/4197/1919 2269/4196/1918 2263/4189/1912
f 2265/4191/1914 2271/4198/1920 2270/4197/1919 2264/4190/1913
f 2266/4187/1910 2272/4194/1916 2271/4199/1920 2265/4192/1914
f 2267/4193/1915 2273/4200/1921 2278/4201/1922 2272/4194/1916
f 2268/4195/1917 2274/4202/1923 2273/4200/1921 2267/4193/1915
f 2269/4196/1918 2275/4203/1924 2274/4202/1923 2268/4195/1917
f 2270/4197/1919 2276/4204/1925 2275/4203/1924 2269/4196/1918
f 2271/4198/1920 2277/4205/1926 2276/4204/1925 2270/4197/1919
f 2272/4194/1916 2278/4201/1922 2277/4206/1926 2271/4199/1920
f 2273/4200/1921 2279/4207/1927 2284/4208/1928 2278/4201/1922
f 2274/4202/1923 2280/4209/1929 2279/4207/1927 2273/4200/1921
f 2275/4203/1924 2281/4210/1930 2280/4209/1929 2274/4202/1923
f 2276/4204/1925 2282/4211/1931 2281/4210/1930 2275/4203/1924
f 2277/4205/1926 2283/4212/1932 2282/4211/1931 2276/4204/1925
f 2278/4201/1922 2284/4208/1928 2283/4213/1932 2277/4206/1926
f 2279/4207/1927 2285/4214/1887 2290/4215/1888 2284/4208/1928
f 2280/4209/1929 2286/4216/1885 2285/4214/1887 2279/4207/1927
f 2281/4210/1930 2287/4217/1886 2286/4216/1885 2280/4209/1929
f 2282/4211/1931 2288/4218/1890 2287/4217/1886 2281/4210/1930
f 2283/4212/1932 2289/4219/1889 2288/4218/1890 2282/4211/1931
f 2284/4208/1928 2290/4215/1888 2289/4220/1889 2283/4213/1932
f 2285/4214/1887 2291/4221/1881 2296/4222/1882 2290/4215/1888
f 2286/4216/1885 2292/4223/1933 2291/4221/1881 2285/4214/1887
f 2287/4217/1886 2293/4224/1880 2292/4223/1933 2286/4216/1885
f 2288/4218/1890 2294/4225/1884 2293/4224/1880 2287/4217/1886
f 2289/4219/1889 2295/4226/1883 2294/4225/1884 2288/4218/1890
f 2290/4215/1888 2296/4222/1882 2295/4227/1883 2289/4220/1889
f 2291/4221/1881 2297/4228/1875 2302/4229/1934 2296/4222/1882
f 2292/4223/1933 2298/4230/1873 2297/4228/1875 2291/4221/1881
f 2293/4224/1880 2299/4231/1874 2298/4230/1873 2292/4223/1933
f 2294/4225/1884 2300/4232/1878 2299/4231/1874 2293/4224/1880
f 2295/4226/1883 2301/4233/1877 2300/4232/1878 2294/4225/1884
f 2296/4222/1882 2302/4229/1934 2301/4234/1877 2295/4227/1883
f 2297/4235/1875 2303/4236/1935 2308/4237/1936 2302/4238/1934
f 2298/4239/1873 2304/4240/1937 2303/4236/1935 2297/4235/1875
f 2299/4241/1874 2305/4242/1938 2304/4240/1937 2298/4239/1873
f 2300/4243/1878 2306/4244/1939 2305/4242/1938 2299/4241/1874
f 2301/4245/1877 2307/4246/1940 2306/4244/1939 2300/4243/1878
f 2302/4238/1934 2308/4237/1936 2307/4247/1940 2301/4248/1877
f 2303/4236/1935 2309/4249/1941 2314/4250/1942 2308/4237/1936
f 2304/4240/1937 2310/4251/1943 2309/4249/1941 2303/4236/1935
f 2305/4242/1938 2311/4252/1944 2310/4251/1943 2304/4240/1937
f 2306/4244/1939 2312/4253/1945 2311/4252/1944 2305/4242/1938
f 2307/4246/1940 2313/4254/1946 2312/4253/1945 2306/4244/1939
f 2308/4237/1936 2314/4250/1942 2313/4255/1946 2307/4247/1940
f 2309/4249/1941 2315/4256/1947 2320/4257/1948 2314/4250/1942
f 2310/4251/1943 2316/4258/1949 2315/4256/1947 2309/4249/1941
f 2311/4252/1944 2317/4259/1950 2316/4258/1949 2310/4251/1943
f 2312/4253/1945 2318/4260/1951 2317/4259/1950 2311/4252/1944
f 2313/4254/1946 2319/4261/1952 2318/4260/1951 2312/4253/1945
f 2314/4250/1942 2320/4257/1948 2319/4262/1952 2313/4255/1946
f 2315/4256/1947 2321/4263/1953 2326/4264/1954 2320/4257/1948
f 2316/4258/1949 2322/4265/1955 2321/4263/1953 2315/4256/1947
f 2317/4259/1950 2323/4266/1956 2322/4265/1955 2316/4258/1949
f 2318/4260/1951 2324/4267/1957 2323/4266/1956 2317/4259/1950
f 2319/4261/1952 2325/4268/1958 2324/4267/1957 2318/4260/1951
f 2320/4257/1948 2326/4264/1954 2325/4269/1958 2319/4262/1952
f 2321/4263/1953 2177/4067/1825 2182/4070/1828 2326/4264/1954
f 2322/4265/1955 2178/4071/1829 2177/4067/1825 2321/4263/1953
f 2323/4266/1956 2179/4073/1831 2178/4071/1829 2322/4265/1955
f 2324/4267/1957 2180/4075/1833 2179/4073/1831 2323/4266/1956
f 2325/4268/1958 2181/4077/1835 2180/4075/1833 2324/4267/1957
f 2326/4264/1954 2182/4070/1828 2181/4080/1835 2325/4269/1958
f 2327/4270/1959 2333/4271/1960 2338/4272/1961 2332/4273/1962
f 2328/4274/1963 2334/4275/1964 2333/4271/1960 2327/4270/1959
f 2329/4276/1965 2335/4277/1966 2334/4275/1964 2328/4274/1963
f 2330/4278/1967 2336/4279/1968 2335/4277/1966 2329/4276/1965
f 2331/4280/1969 2337/4281/1970 2336/4279/1968 2330/4278/1967
f 2332/4273/1962 2338/4272/1961 2337/4282/1970 2331/4283/1969
f 2333/4284/1960 2339/4285/1971 2344/4286/1972 2338/4287/1961
f 2334/4288/1964 2340/4289/1973 2339/4285/1971 2333/4284/1960
f 2335/4290/1966 2341/4291/1974 2340/4289/1973 2334/4288/1964
f 2336/4292/1968 2342/4293/1975 2341/4291/1974 2335/4290/1966
f 2337/4294/1970 2343/4295/1976 2342/4293/1975 2336/4292/1968
f 2338/4287/1961 2344/4286/1972 2343/4296/1976 2337/4297/1970
f 2339/4298/1971 2345/4299/1977 2350/4300/1978 2344/4301/1972
f 2340/4302/1973 2346/4303/1979 2345/4299/1977 2339/4298/1971
f 2341/4304/1974 2347/4305/1980 2346/4303/1979 2340/4302/1973
f 2342/4306/1975 2348/4307/1981 2347/4305/1980 2341/4304/1974
f 2343/4308/1976 2349/4309/1982 2348/4307/1981 2342/4306/1975
f 2344/4301/1972 2350/4300/1978 2349/4310/1982 2343/4311/1976
f 2345/4299/1977 2351/4312/1983 2356/4313/1984 2350/4300/1978
f 2346/4303/1979 2352/4314/1985 2351/4312/1983 2345/4299/1977
f 2347/4305/1980 2353/4315/1986 2352/4314/1985 2346/4303/1979
f 2348/4307/1981 2354/4316/1987 2353/4315/1986 2347/4305/1980
f 2349/4309/1982 2355/4317/1988 2354/4316/1987 2348/4307/1981
f 2350/4300/1978 2356/4313/1984 2355/4318/1988 2349/4310/1982
f 2351/4312/1983 2357/4319/1989 2362/4320/1990 2356/4313/1984
f 2352/4314/1985 2358/4321/1991 2357/4319/1989 2351/4312/1983
f 2353/4315/1986 2359/4322/1992 2358/4321/1991 2352/4314/1985
f 2354/4316/1987 2360/4323/1993 2359/4322/1992 2353/4315/1986
f 2355/4317/1988 2361/4324/1994 2360/4323/1993 2354/4316/1987
f 2356/4313/1984 2362/4320/1990 2361/4325/1994 2355/4318/1988
f 2357/4319/1989 2363/4326/1995 2368/4327/1996 2362/4320/1990
f 2358/4321/1991 2364/4328/1997 2363/4326/1995 2357/4319/1989
f 2359/4322/1992 2365/4329/1998 2364/4328/1997 2358/4321/1991
f 2360/4323/1993 2366/4330/1999 2365/4329/1998 2359/4322/1992
f 2361/4324/1994 2367/4331/2000 2366/4330/1999 2360/4323/1993
f 2362/4320/1990 2368/4327/1996 2367/4332/2000 2361/4325/1994
f 2363/4326/1995 2369/4333/2001 2374/4334/2002 2368/4327/1996
f 2364/4328/1997 2370/4335/2003 2369/4333/2001 2363/4326/1995
f 2365/4329/1998 2371/4336/2004 2370/4335/2003 2364/4328/1997
f 2366/4330/1999 2372/4337/2005 2371/4336/2004 2365/4329/1998
f 2367/4331/2000 2373/4338/2006 2372/4337/2005 2366/4330/1999
f 2368/4327/1996 2374/4334/2002 2373/4339/2006 2367/4332/2000
f 2369/4333/2001 2375/4340/2007 2380/4341/2008 2374/4334/2002
f 2370/4335/2003 2376/4342/2009 2375/4340/2007 2369/4333/2001
f 2371/4336/2004 2377/4343/2010 2376/4342/2009 2370/4335/2003
f 2372/4337/2005 2378/4344/2011 2377/4343/2010 2371/4336/2004
f 2373/4338/2006 2379/4345/2012 2378/4344/2011 2372/4337/2005
f 2374/4334/2002 2380/4341/2008 2379/4346/2012 2373/4339/2006
f 2375/4347/2007 2381/4348/2013 2386/4349/2014 2380/4350/2008
f 2376/4351/2009 2382/4352/2015 2381/4348/2013 2375/4347/2007
f 2377/4353/2010 2383/4354/2016 2382/4352/2015 2376/4351/2009
f 2378/4355/2011 2384/4356/2017 2383/4354/2016 2377/4353/2010
f 2379/4357/2012 2385/4358/2018 2384/4356/2017 2378/4355/2011
f 2380/4350/2008 2386/4349/2014 2385/4359/2018 2379/4360/2012
f 2381/4348/2013 2387/4361/2019 2392/4362/2020 2386/4349/2014
f 2382/4352/2015 2388/4363/2021 2387/4361/2019 2381/4348/2013
f 2383/4354/2016 2389/4364/2022 2388/4363/2021 2382/4352/2015
f 2384/4356/2017 2390/4365/2023 2389/4364/2022 2383/4354/2016
f 2385/4358/2018 2391/4366/2024 2390/4365/2023 2384/4356/2017
f 2386/4349/2014 2392/4362/2020 2391/4367/2024 2385/4359/2018
f 2387/4361/2019 2393/4368/2025 2398/4369/2026 2392/4362/2020
f 2388/4363/2021 2394/4370/2027 2393/4368/2025 2387/4361/2019
f 2389/4364/2022 2395/4371/2028 2394/4370/2027 2388/4363/2021
f 2390/4365/2023 2396/4372/2029 2395/4371/2028 2389/4364/2022
f 2391/4366/2024 2397/4373/2030 2396/4372/2029 2390/4365/2023
f 2392/4362/2020 2398/4369/2026 2397/4374/2030 2391/4367/2024
f 2393/4368/2025 2399/4375/2031 2404/4376/2032 2398/4369/2026
f 2394/4370/2027 2400/4377/2033 2399/4375/2031 2393/4368/2025
f 2395/4371/2028 2401/4378/2034 2400/4377/2033 2394/4370/2027
f 2396/4372/2029 2402/4379/2035 2401/4378/2034 2395/4371/2028
f 2397/4373/2030 2403/4380/2036 2402/4379/2035 2396/4372/2029
f 2398/4369/2026 2404/4376/2032 2403/4381/2036 2397/4374/2030
f 2399/4375/2031 2405/4382/2037 2410/4383/2038 2404/4376/2032
f 2400/4377/2033 2406/4384/2039 2405/4382/2037 2399/4375/2031
f 2401/4378/2034 2407/4385/2040 2406/4384/2039 2400/4377/2033
f 2402/4379/2035 2408/4386/2041 2407/4385/2040 2401/4378/2034
f 2403/4380/2036 2409/4387/2042 2408/4386/2041 2402/4379/2035
f 2404/4376/2032 2410/4383/2038 2409/4388/2042 2403/4381/2036
f 2405/4382/2037 2411/4389/2043 2416/4390/2044 2410/4383/2038
f 2406/4384/2039 2412/4391/2045 2411/4389/2043 2405/4382/2037
f 2407/4385/2040 2413/4392/2046 2412/4391/2045 2406/4384/2039
f 2408/4386/2041 2414/4393/2047 2413/4392/2046 2407/4385/2040
f 2409/4387/2042 2415/4394/2048 2414/4393/2047 2408/4386/2041
f 2410/4383/2038 2416/4390/2044 2415/4395/2048 2409/4388/2042
f 2411/4389/2043 2417/4396/2049 2422/4397/2050 2416/4390/2044
f 2412/4391/2045 2418/4398/2051 2417/4396/2049 2411/4389/2043
f 2413/4392/2046 2419/4399/2052 2418/4398/2051 2412/4391/2045
f 2414/4393/2047 2420/4400/2053 2419/4399/2052 2413/4392/2046
f 2415/4394/2048 2421/4401/2054 2420/4400/2053 2414/4393/2047
f 2416/4390/2044 2422/4397/2050 2421/4402/2054 2415/4395/2048
f 2417/4396/2049 2423/4403/2055 2428/4404/2056 2422/4397/2050
f 2418/4398/2051 2424/4405/2057 2423/4403/2055 2417/4396/2049
f 2419/4399/2052 2425/4406/2058 2424/4405/2057 2418/4398/2051
f 2420/4400/2053 2426/4407/2059 2425/4406/2058 2419/4399/2052
f 2421/4401/2054 2427/4408/2060 2426/4407/2059 2420/4400/2053
f 2422/4397/2050 2428/4404/2056 2427/4409/2060 2421/4402/2054
f 2423/4403/2055 2429/4410/2061 2434/4411/2062 2428/4404/2056
f 2424/4405/2057 2430/4412/2063 2429/4410/2061 2423/4403/2055
f 2425/4406/2058 2431/4413/2064 2430/4412/2063 2424/4405/2057
f 2426/4407/2059 2432/4414/2065 2431/4413/2064 2425/4406/2058
f 2427/4408/2060 2433/4415/2066 2432/4414/2065 2426/4407/2059
f 2428/4404/2056 2434/4411/2062 2433/4416/2066 2427/4409/2060
f 2429/4410/2061 2435/4417/2021 2440/4418/2022 2434/4411/2062
f 2430/4412/2063 2436/4419/2019 2435/4417/2021 2429/4410/2061
f 2431/4413/2064 2437/4420/2020 2436/4419/2019 2430/4412/2063
f 2432/4414/2065 2438/4421/2067 2437/4420/2020 2431/4413/2064
f 2433/4415/2066 2439/4422/2023 2438/4421/2067 2432/4414/2065
f 2434/4411/2062 2440/4418/2022 2439/4423/2023 2433/4416/2066
f 2435/4417/2021 2441/4424/2068 2446/4425/2016 2440/4418/2022
f 2436/4419/2019 2442/4426/2013 2441/4424/2068 2435/4417/2021
f 2437/4420/2020 2443/4427/2014 2442/4426/2013 2436/4419/2019
f 2438/4421/2067 2444/4428/2018 2443/4427/2014 2437/4420/2020
f 2439/4422/2023 2445/4429/2017 2444/4428/2018 2438/4421/2067
f 2440/4418/2022 2446/4425/2016 2445/4430/2017 2439/4423/2023
f 2441/4424/2068 2447/4431/2009 2452/4432/2010 2446/4425/2016
f 2442/4426/2013 2448/4433/2007 2447/4431/2009 2441/4424/2068
f 2443/4427/2014 2449/4434/2008 2448/4433/2007 2442/4426/2013
f 2444/4428/2018 2450/4435/2012 2449/4434/2008 2443/4427/2014
f 2445/4429/2017 2451/4436/2069 2450/4435/2012 2444/4428/2018
f 2446/4425/2016 2452/4432/2010 2451/4437/2069 2445/4430/2017
f 2447/4438/2009 2453/4439/2070 2458/4440/2071 2452/4441/2010
f 2448/4442/2007 2454/4443/2072 2453/4439/2070 2447/4438/2009
f 2449/4444/2008 2455/4445/2073 2454/4443/2072 2448/4442/2007
f 2450/4446/2012 2456/4447/2074 2455/4445/2073 2449/4444/2008
f 2451/4448/2069 2457/4449/2075 2456/4447/2074 2450/4446/2012
f 2452/4441/2010 2458/4440/2071 2457/4450/2075 2451/4451/2069
f 2453/4439/2070 2459/4452/2076 2464/4453/2077 2458/4440/2071
f 2454/4443/2072 2460/4454/2078 2459/4452/2076 2453/4439/2070
f 2455/4445/2073 2461/4455/2079 2460/4454/2078 2454/4443/2072
f 2456/4447/2074 2462/4456/2080 2461/4455/2079 2455/4445/2073
f 2457/4449/2075 2463/4457/2081 2462/4456/2080 2456/4447/2074
f 2458/4440/2071 2464/4453/2077 2463/4458/2081 2457/4450/2075
f 2459/4452/2076 2465/4459/2082 2470/4460/2083 2464/4453/2077
f 2460/4454/2078 2466/4461/2084 2465/4459/2082 2459/4452/2076
f 2461/4455/2079 2467/4462/2085 2466/4461/2084 2460/4454/2078
f 2462/4456/2080 2468/4463/2086 2467/4462/2085 2461/4455/2079
f 2463/4457/2081 2469/4464/2087 2468/4463/2086 2462/4456/2080
f 2464/4453/2077 2470/4460/2083 2469/4465/2087 2463/4458/2081
f 2465/4459/2082 2471/4466/2088 2476/4467/2089 2470/4460/2083
f 2466/4461/2084 2472/4468/2090 2471/4466/2088 2465/4459/2082
f 2467/4462/2085 2473/4469/2091 2472/4468/2090 2466/4461/2084
f 2468/4463/2086 2474/4470/2092 2473/4469/2091 2467/4462/2085
f 2469/4464/2087 2475/4471/2093 2474/4470/2092 2468/4463/2086
f 2470/4460/2083 2476/4467/2089 2475/4472/2093 2469/4465/2087
f 2471/4466/2088 2327/4270/1959 2332/4273/1962 2476/4467/2089
f 2472/4468/2090 2328/4274/1963 2327/4270/1959 2471/4466/2088
f 2473/4469/2091 2329/4276/1965 2328/4274/1963 2472/4468/2090
f 2474/4470/2092 2330/4278/1967 2329/4276/1965 2473/4469/2091
f 2475/4471/2093 2331/4280/1969 2330/4278/1967 2474/4470/2092
f 2476/4467/2089 2332/4273/1962 2331/4283/1969 2475/4472/2093
f 2541/4473/2094 2535/4474/2095 2532/4475/2096 2538/4476/2097
f 2481/4477/2098 2489/4478/2099 2483/4479/2100 2477/4480/2101
f 2485/4481/2102 2488/4482/2103 2490/4483/2104 2489/4478/2099
f 2481/4484/2098 2478/4485/2105 2484/4486/2106
f 2484/4487/2106 2485/4481/2102 2489/4478/2099 2481/4477/2098
f 2487/4488/2107 2482/4489/2108 2490/4483/2104 2488/4482/2103
f 2521/4490/2109 2522/4491/2110 2527/4492/2111 2528/4493/2112
f 2482/4489/2108 2479/4494/2113 2486/4495/2114 2490/4483/2104
f 2484/4487/2106 2493/4496/2115 2494/4497/2116 2485/4481/2102
f 2478/4485/2105 2491/4498/2117 2493/4499/2115 2484/4486/2106
f 2491/4498/2117 2497/4500/2118 2499/4501/2119 2493/4499/2115
f 2480/4502/2120 2487/4503/2107 2495/4504/2121 2492/4505/2122
f 2492/4505/2122 2495/4504/2121 2501/4506/2123 2498/4507/2124
f 2497/4500/2118 2503/4508/2125 2505/4509/2126 2499/4501/2119
f 2499/4510/2119 2505/4511/2126 2506/4512/2127 2500/4513/2128
f 2493/4496/2115 2499/4510/2119 2500/4513/2128 2494/4497/2116
f 2501/4514/2123 2502/4515/2129 2508/4516/2130 2507/4517/2131
f 2495/4518/2121 2496/4519/2132 2502/4515/2129 2501/4514/2123
f 2505/4511/2126 2511/4520/2133 2512/4521/2134 2506/4512/2127
f 2541/4473/2094 2538/4476/2097 2544/4522/2135 2547/4523/2136
f 2503/4508/2125 2509/4524/2137 2511/4525/2133 2505/4509/2126
f 2504/4526/2138 2507/4527/2131 2513/4528/2139 2510/4529/2140
f 2519/4530/2141 2525/4531/2142 2516/4532/2143
f 2519/4530/2141 2515/4533/2144 2521/4490/2109 2528/4493/2112
f 2489/4478/2099 2490/4483/2104 2486/4495/2114 2483/4479/2100
f 2520/4534/2145 2527/4492/2111 2522/4491/2110 2517/4535/2146
f 2486/4536/2147 2479/4537/2148 2517/4538/2148 2522/4539/2147
f 2542/4540/2149 2545/4541/2150 2551/4542/2151 2548/4543/2152
f 2535/4474/2095 2526/4544/2153 2524/4545/2154 2532/4475/2096
f 2539/4546/2155 2541/4473/2094 2547/4523/2136 2545/4541/2150
f 2545/4541/2150 2547/4523/2136 2552/4547/2156 2551/4542/2151
f 2498/4548/2157 2504/4549/2158 2540/4550/2158 2534/4551/2157
f 2477/4552/2159 2515/4553/2159 2519/4554/2160 2481/4555/2161
f 2513/4556/2162 2514/4557/2163 2550/4558/2164 2549/4559/2165
f 2506/4512/2127 2512/4521/2134 2514/4560/2166 2508/4516/2130
f 2483/4561/2167 2521/4562/2167 2515/4563/2168 2477/4564/2168
f 2528/4493/2112 2527/4492/2111 2524/4545/2154 2526/4544/2153
f 2504/4549/2158 2510/4565/2169 2546/4566/2169 2540/4550/2158
f 2497/4567/2157 2536/4568/2157 2542/4569/2158 2503/4570/2158
f 2511/4571/2170 2551/4572/2171 2552/4573/2172 2512/4574/2173
f 2491/4575/2174 2530/4576/2174 2536/4568/2157 2497/4567/2157
f 2523/4577/2175 2531/4578/2176 2532/4475/2096 2524/4545/2154
f 2482/4579/2177 2480/4580/2178 2518/4581/2178 2520/4582/2179
f 2483/4561/2167 2486/4536/2147 2522/4539/2147 2521/4562/2167
f 2503/4570/2158 2542/4569/2158 2548/4583/2180 2509/4584/2180
f 2510/4585/2181 2513/4556/2162 2549/4559/2165 2546/4586/2181
f 2494/4497/2116 2496/4519/2132 2488/4482/2103 2485/4481/2102
f 2494/4497/2116 2500/4513/2128 2502/4515/2129 2496/4519/2132
f 2529/4587/2182 2534/4588/2183 2537/4589/2184 2531/4578/2176
f 2516/4532/2143 2525/4531/2142 2533/4590/2185 2530/4591/2186
f 2540/4592/2187 2546/4593/2188 2549/4594/2189 2543/4595/2190
f 2543/4595/2190 2549/4594/2189 2550/4596/2191 2544/4522/2135
f 2525/4531/2142 2526/4544/2153 2535/4474/2095 2533/4590/2185
f 2525/4531/2142 2519/4530/2141 2528/4493/2112 2526/4544/2153
f 2481/4555/2161 2519/4554/2160 2516/4597/2178 2478/4598/2178
f 2492/4599/2174 2498/4548/2157 2534/4551/2157 2529/4600/2174
f 2478/4598/2178 2516/4597/2178 2530/4576/2174 2491/4575/2174
f 2523/4577/2175 2524/4545/2154 2527/4492/2111 2520/4534/2145
f 2509/4601/2192 2548/4602/2192 2551/4572/2171 2511/4571/2170
f 2552/4573/2172 2550/4558/2164 2514/4557/2163 2512/4574/2173
f 2500/4513/2128 2506/4512/2127 2508/4516/2130 2502/4515/2129
f 2536/4603/2193 2539/4546/2155 2545/4541/2150 2542/4540/2149
f 2533/4590/2185 2535/4474/2095 2541/4473/2094 2539/4546/2155
f 2530/4591/2186 2533/4590/2185 2539/4546/2155 2536/4603/2193
f 2531/4578/2176 2537/4589/2184 2538/4476/2097 2532/4475/2096
f 2480/4580/2178 2492/4599/2174 2529/4600/2174 2518/4581/2178
f 2518/4604/2194 2529/4587/2182 2531/4578/2176 2523/4577/2175
f 2479/4605/2195 2482/4579/2177 2520/4582/2179 2517/4606/2195
f 2537/4589/2184 2543/4595/2190 2544/4522/2135 2538/4476/2097
f 2482/4607/2108 2487/4503/2107 2480/4502/2120
f 2534/4588/2183 2540/4592/2187 2543/4595/2190 2537/4589/2184
f 2520/4534/2145 2518/4604/2194 2523/4577/2175
f 2507/4517/2131 2508/4516/2130 2514/4560/2166 2513/4608/2139
f 2487/4488/2107 2488/4482/2103 2496/4519/2132 2495/4518/2121
f 2498/4507/2124 2501/4506/2123 2507/4527/2131 2504/4526/2138
f 2544/4522/2135 2550/4596/2191 2552/4547/2156 2547/4523/2136
f 2617/4609/2196 2611/4610/2197 2608/4611/2198 2614/4612/2199
f 2557/4613/2200 2565/4614/2201 2559/4615/2202 2553/4616/2203
f 2561/4617/2204 2564/4618/2205 2566/4619/2206 2565/4614/2201
f 2557/4620/2200 2554/4621/2207 2560/4622/2208
f 2560/4623/2208 2561/4617/2204 2565/4614/2201 2557/4613/2200
f 2563/4624/2209 2558/4625/2210 2566/4619/2206 2564/4618/2205
f 2597/4626/2211 2598/4627/2212 2603/4628/2213 2604/4629/2214
f 2558/4625/2210 2555/4630/2215 2562/4631/2216 2566/4619/2206
f 2560/4623/2208 2569/4632/2217 2570/4633/2218 2561/4617/2204
f 2554/4621/2207 2567/4634/2219 2569/4635/2217 2560/4622/2208
f 2567/4634/2219 2573/4636/2220 2575/4637/2221 2569/4635/2217
f 2556/4638/2222 2563/4639/2209 2571/4640/2223 2568/4641/2224
f 2568/4641/2224 2571/4640/2223 2577/4642/2225 2574/4643/2226
f 2573/4636/2220 2579/4644/2227 2581/4645/2228 2575/4637/2221
f 2575/4646/2221 2581/4647/2228 2582/4648/2229 2576/4649/2230
f 2569/4632/2217 2575/4646/2221 2576/4649/2230 2570/4633/2218
f 2577/4650/2225 2578/4651/2231 2584/4652/2232 2583/4653/2233
f 2571/4654/2223 2572/4655/2234 2578/4651/2231 2577/4650/2225
f 2581/4647/2228 2587/4656/2235 2588/4657/2236 2582/4648/2229
f 2617/4609/2196 2614/4612/2199 2620/4658/2237 2623/4659/2238
f 2579/4644/2227 2585/4660/2239 2587/4661/2235 2581/4645/2228
f 2580/4662/2240 2583/4663/2233 2589/4664/2241 2586/4665/2242
f 2595/4666/2243 2601/4667/2244 2592/4668/2245
f 2595/4666/2243 2591/4669/2246 2597/4626/2211 2604/4629/2214
f 2565/4614/2201 2566/4619/2206 2562/4631/2216 2559/4615/2202
f 2596/4670/2247 2603/4628/2213 2598/4627/2212 2593/4671/2248
f 2562/4672/2249 2555/4673/2250 2593/4674/2250 2598/4675/2249
f 2618/4676/2251 2621/4677/2252 2627/4678/2253 2624/4679/2254
f 2611/4610/2197 2602/4680/2255 2600/4681/2256 2608/4611/2198
f 2615/4682/2257 2617/4609/2196 2623/4659/2238 2621/4677/2252
f 2621/4677/2252 2623/4659/2238 2628/4683/2258 2627/4678/2253
f 2574/4684/2259 2580/4685/2260 2616/4686/2260 2610/4687/2259
f 2553/4688/2261 2591/4689/2261 2595/4690/2262 2557/4691/2263
f 2589/4692/2264 2590/4693/2265 2626/4694/2266 2625/4695/2267
f 2582/4648/2229 2588/4657/2236 2590/4696/2268 2584/4652/2232
f 2559/4697/2269 2597/4698/2269 2591/4699/2270 2553/4700/2270
f 2604/4629/2214 2603/4628/2213 2600/4681/2256 2602/4680/2255
f 2580/4685/2260 2586/4701/2271 2622/4702/2271 2616/4686/2260
f 2573/4703/2272 2612/4704/2272 2618/4705/2273 2579/4706/2273
f 2587/4707/2274 2627/4708/2275 2628/4709/2276 2588/4710/2277
f 2567/4711/2278 2606/4712/2278 2612/4704/2272 2573/4703/2272
f 2599/4713/2279 2607/4714/2280 2608/4611/2198 2600/4681/2256
f 2558/4715/2281 2556/4716/2282 2594/4717/2282 2596/4718/2283
f 2559/4697/2269 2562/4672/2249 2598/4675/2249 2597/4698/2269
f 2579/4706/2273 2618/4705/2273 2624/4719/2284 2585/4720/2284
f 2586/4721/2285 2589/4692/2264 2625/4695/2267 2622/4722/2285
f 2570/4633/2218 2572/4655/2234 2564/4618/2205 2561/4617/2204
f 2570/4633/2218 2576/4649/2230 2578/4651/2231 2572/4655/2234
f 2605/4723/2286 2610/4724/2287 2613/4725/2288 2607/4714/2280
f 2592/4668/2245 2601/4667/2244 2609/4726/2289 2606/4727/2290
f 2616/4728/2291 2622/4729/2292 2625/4730/2293 2619/4731/2294
f 2619/4731/2294 2625/4730/2293 2626/4732/2295 2620/4658/2237
f 2601/4667/2244 2602/4680/2255 2611/4610/2197 2609/4726/2289
f 2601/4667/2244 2595/4666/2243 2604/4629/2214 2602/4680/2255
f 2557/4691/2263 2595/4690/2262 2592/4733/2282 2554/4734/2296
f 2568/4735/2297 2574/4684/2259 2610/4687/2259 2605/4736/2278
f 2554/4734/2296 2592/4733/2282 2606/4712/2278 2567/4711/2278
f 2599/4713/2279 2600/4681/2256 2603/4628/2213 2596/4670/2247
f 2585/4737/2298 2624/4738/2298 2627/4708/2275 2587/4707/2274
f 2628/4709/2276 2626/4694/2266 2590/4693/2265 2588/4710/2277
f 2576/4649/2230 2582/4648/2229 2584/4652/2232 2578/4651/2231
f 2612/4739/2299 2615/4682/2257 2621/4677/2252 2618/4676/2251
f 2609/4726/2289 2611/4610/2197 2617/4609/2196 2615/4682/2257
f 2606/4727/2290 2609/4726/2289 2615/4682/2257 2612/4739/2299
f 2607/4714/2280 2613/4725/2288 2614/4612/2199 2608/4611/2198
f 2556/4716/2282 2568/4735/2297 2605/4736/2278 2594/4717/2282
f 2594/4740/2300 2605/4723/2286 2607/4714/2280 2599/4713/2279
f 2555/4741/2301 2558/4715/2281 2596/4718/2283 2593/4742/2301
f 2613/4725/2288 2619/4731/2294 2620/4658/2237 2614/4612/2199
f 2558/4743/2210 2563/4639/2209 2556/4638/2222
f 2610/4724/2287 2616/4728/2291 2619/4731/2294 2613/4725/2288
f 2596/4670/2247 2594/4740/2300 2599/4713/2279
f 2583/4653/2233 2584/4652/2232 2590/4696/2268 2589/4744/2241
f 2563/4624/2209 2564/4618/2205 2572/4655/2234 2571/4654/2223
f 2574/4643/2226 2577/4642/2225 2583/4663/2233 2580/4662/2240
f 2620/4658/2237 2626/4732/2295 2628/4683/2258 2623/4659/2238
f 2693/4745/2302 2687/4746/2303 2684/4747/2304 2690/4748/2305
f 2633/4749/2306 2641/4750/2307 2635/4751/2308 2629/4752/2309
f 2637/4753/2310 2640/4754/2311 2642/4755/2312 2641/4750/2307
f 2633/4756/2306 2630/4757/2313 2636/4758/2314
f 2636/4759/2314 2637/4753/2310 2641/4750/2307 2633/4749/2306
f 2639/4760/2315 2634/4761/2316 2642/4755/2312 2640/4754/2311
f 2673/4762/2317 2674/4763/2318 2679/4764/2319 2680/4765/2320
f 2634/4761/2316 2631/4766/2321 2638/4767/2322 2642/4755/2312
f 2636/4759/2314 2645/4768/2323 2646/4769/2324 2637/4753/2310
f 2630/4757/2313 2643/4770/2325 2645/4771/2323 2636/4758/2314
f 2643/4770/2325 2649/4772/2326 2651/4773/2327 2645/4771/2323
f 2632/4774/2328 2639/4775/2315 2647/4776/2329 2644/4777/2330
f 2644/4777/2330 2647/4776/2329 2653/4778/2331 2650/4779/2332
f 2649/4772/2326 2655/4780/2333 2657/4781/2334 2651/4773/2327
f 2651/4782/2327 2657/4783/2334 2658/4784/2335 2652/4785/2336
f 2645/4768/2323 2651/4782/2327 2652/4785/2336 2646/4769/2324
f 2653/4786/2331 2654/4787/2337 2660/4788/2338 2659/4789/2339
f 2647/4790/2329 2648/4791/2340 2654/4787/2337 2653/4786/2331
f 2657/4783/2334 2663/4792/2341 2664/4793/2342 2658/4784/2335
f 2693/4745/2302 2690/4748/2305 2696/4794/2343 2699/4795/2344
f 2655/4780/2333 2661/4796/2345 2663/4797/2341 2657/4781/2334
f 2656/4798/2346 2659/4799/2339 2665/4800/2347 2662/4801/2348
f 2671/4802/2349 2677/4803/2350 2668/4804/2351
f 2671/4802/2349 2667/4805/2352 2673/4762/2317 2680/4765/2320
f 2641/4750/2307 2642/4755/2312 2638/4767/2322 2635/4751/2308
f 2672/4806/2353 2679/4764/2319 2674/4763/2318 2669/4807/2354
f 2638/4808/2355 2631/4809/2356 2669/4810/2356 2674/4811/2355
f 2694/4812/2357 2697/4813/2358 2703/4814/2359 2700/4815/2360
f 2687/4746/2303 2678/4816/2361 2676/4817/2362 2684/4747/2304
f 2691/4818/2363 2693/4745/2302 2699/4795/2344 2697/4813/2358
f 2697/4813/2358 2699/4795/2344 2704/4819/2364 2703/4814/2359
f 2650/4820/2365 2656/4821/2366 2692/4822/2366 2686/4823/2365
f 2629/4824/2367 2667/4825/2367 2671/4826/2368 2633/4827/2369
f 2665/4828/2370 2666/4829/2371 2702/4830/2372 2701/4831/2373
f 2658/4784/2335 2664/4793/2342 2666/4832/2374 2660/4788/2338
f 2635/4833/2375 2673/4834/2375 2667/4835/2376 2629/4836/2376
f 2680/4765/2320 2679/4764/2319 2676/4817/2362 2678/4816/2361
f 2656/4821/2366 2662/4837/2377 2698/4838/2377 2692/4822/2366
f 2649/4839/2365 2688/4840/2365 2694/4841/2366 2655/4842/2366
f 2663/4843/2378 2703/4844/2378 2704/4845/2379 2664/4846/2379
f 2643/4847/2380 2682/4848/2380 2688/4840/2365 2649/4839/2365
f 2675/4849/2381 2683/4850/2382 2684/4747/2304 2676/4817/2362
f 2634/4851/2383 2632/4852/2384 2670/4853/2384 2672/4854/2385
f 2635/4833/2375 2638/4808/2355 2674/4811/2355 2673/4834/2375
f 2655/4842/2366 2694/4841/2366 2700/4855/2377 2661/4856/2377
f 2662/4857/2386 2665/4828/2370 2701/4831/2373 2698/4858/2386
f 2646/4769/2324 2648/4791/2340 2640/4754/2311 2637/4753/2310
f 2646/4769/2324 2652/4785/2336 2654/4787/2337 2648/4791/2340
f 2681/4859/2387 2686/4860/2388 2689/4861/2389 2683/4850/2382
f 2668/4804/2351 2677/4803/2350 2685/4862/2390 2682/4863/2391
f 2692/4864/2392 2698/4865/2393 2701/4866/2394 2695/4867/2395
f 2695/4867/2395 2701/4866/2394 2702/4868/2396 2696/4794/2343
f 2677/4803/2350 2678/4816/2361 2687/4746/2303 2685/4862/2390
f 2677/4803/2350 2671/4802/2349 2680/4765/2320 2678/4816/2361
f 2633/4827/2369 2671/4826/2368 2668/4869/2384 2630/4870/2384
f 2644/4871/2380 2650/4820/2365 2686/4823/2365 2681/4872/2397
f 2630/4870/2384 2668/4869/2384 2682/4848/2380 2643/4847/2380
f 2675/4849/2381 2676/4817/2362 2679/4764/2319 2672/4806/2353
f 2661/4873/2398 2700/4874/2398 2703/4844/2378 2663/4843/2378
f 2704/4845/2379 2702/4830/2372 2666/4829/2371 2664/4846/2379
f 2652/4785/2336 2658/4784/2335 2660/4788/2338 2654/4787/2337
f 2688/4875/2399 2691/4818/2363 2697/4813/2358 2694/4812/2357
f 2685/4862/2390 2687/4746/2303 2693/4745/2302 2691/4818/2363
f 2682/4863/2391 2685/4862/2390 2691/4818/2363 2688/4875/2399
f 2683/4850/2382 2689/4861/2389 2690/4748/2305 2684/4747/2304
f 2632/4852/2384 2644/4871/2380 2681/4872/2397 2670/4853/2384
f 2670/4876/2400 2681/4859/2387 2683/4850/2382 2675/4849/2381
f 2631/4877/2401 2634/4851/2383 2672/4854/2385 2669/4878/2401
f 2689/4861/2389 2695/4867/2395 2696/4794/2343 2690/4748/2305
f 2634/4879/2316 2639/4775/2315 2632/4774/2328
f 2686/4860/2388 2692/4864/2392 2695/4867/2395 2689/4861/2389
f 2672/4806/2353 2670/4876/2400 2675/4849/2381
f 2659/4789/2339 2660/4788/2338 2666/4832/2374 2665/4880/2347
f 2639/4760/2315 2640/4754/2311 2648/4791/2340 2647/4790/2329
f 2650/4779/2332 2653/4778/2331 2659/4799/2339 2656/4798/2346
f 2696/4794/2343 2702/4868/2396 2704/4819/2364 2699/4795/2344
f 2769/4881/2402 2763/4882/2403 2760/4883/2404 2766/4884/2405
f 2709/4885/2406 2717/4886/2407 2711/4887/2408 2705/4888/2409
f 2713/4889/2410 2716/4890/2411 2718/4891/2412 2717/4886/2407
f 2709/4892/2406 2706/4893/2413 2712/4894/2414
f 2712/4895/2414 2713/4889/2410 2717/4886/2407 2709/4885/2406
f 2715/4896/2415 2710/4897/2416 2718/4891/2412 2716/4890/2411
f 2749/4898/2417 2750/4899/2418 2755/4900/2419 2756/4901/2420
f 2710/4897/2416 2707/4902/2421 2714/4903/2422 2718/4891/2412
f 2712/4895/2414 2721/4904/2423 2722/4905/2424 2713/4889/2410
f 2706/4893/2413 2719/4906/2425 2721/4907/2423 2712/4894/2414
f 2719/4906/2425 2725/4908/2426 2727/4909/2427 2721/4907/2423
f 2708/4910/2428 2715/4911/2415 2723/4912/2429 2720/4913/2430
f 2720/4913/2430 2723/4912/2429 2729/4914/2431 2726/4915/2432
f 2725/4908/2426 2731/4916/2433 2733/4917/2434 2727/4909/2427
f 2727/4918/2427 2733/4919/2434 2734/4920/2435 2728/4921/2436
f 2721/4904/2423 2727/4918/2427 2728/4921/2436 2722/4905/2424
f 2729/4922/2431 2730/4923/2437 2736/4924/2438 2735/4925/2439
f 2723/4926/2429 2724/4927/2440 2730/4923/2437 2729/4922/2431
f 2733/4919/2434 2739/4928/2441 2740/4929/2442 2734/4920/2435
f 2769/4881/2402 2766/4884/2405 2772/4930/2443 2775/4931/2444
f 2731/4916/2433 2737/4932/2445 2739/4933/2441 2733/4917/2434
f 2732/4934/2446 2735/4935/2439 2741/4936/2447 2738/4937/2448
f 2747/4938/2449 2753/4939/2450 2744/4940/2451
f 2747/4938/2449 2743/4941/2452 2749/4898/2417 2756/4901/2420
f 2717/4886/2407 2718/4891/2412 2714/4903/2422 2711/4887/2408
f 2748/4942/2453 2755/4900/2419 2750/4899/2418 2745/4943/2454
f 2714/4944/2455 2707/4945/2456 2745/4946/2456 2750/4947/2455
f 2770/4948/2457 2773/4949/2458 2779/4950/2459 2776/4951/2460
f 2763/4882/2403 2754/4952/2461 2752/4953/2462 2760/4883/2404
f 2767/4954/2463 2769/4881/2402 2775/4931/2444 2773/4949/2458
f 2773/4949/2458 2775/4931/2444 2780/4955/2464 2779/4950/2459
f 2726/4956/2465 2732/4957/2466 2768/4958/2466 2762/4959/2465
f 2705/4960/2467 2743/4961/2467 2747/4962/2468 2709/4963/2469
f 2741/4964/2470 2742/4965/2471 2778/4966/2472 2777/4967/2473
f 2734/4920/2435 2740/4929/2442 2742/4968/2474 2736/4924/2438
f 2711/4969/2475 2749/4970/2475 2743/4971/2476 2705/4972/2476
f 2756/4901/2420 2755/4900/2419 2752/4953/2462 2754/4952/2461
f 2732/4957/2466 2738/4973/2477 2774/4974/2477 2768/4958/2466
f 2725/4975/2478 2764/4976/2478 2770/4977/2466 2731/4978/2466
f 2739/4979/2479 2779/4980/2479 2780/4981/2480 2740/4982/2481
f 2719/4983/2482 2758/4984/2482 2764/4976/2478 2725/4975/2478
f 2751/4985/2483 2759/4986/2484 2760/4883/2404 2752/4953/2462
f 2710/4987/2485 2708/4988/2486 2746/4989/2486 2748/4990/2487
f 2711/4969/2475 2714/4944/2455 2750/4947/2455 2749/4970/2475
f 2731/4978/2466 2770/4977/2466 2776/4991/2477 2737/4992/2477
f 2738/4993/2488 2741/4964/2470 2777/4967/2473 2774/4994/2488
f 2722/4905/2424 2724/4927/2440 2716/4890/2411 2713/4889/2410
f 2722/4905/2424 2728/4921/2436 2730/4923/2437 2724/4927/2440
f 2757/4995/2489 2762/4996/2490 2765/4997/2491 2759/4986/2484
f 2744/4940/2451 2753/4939/2450 2761/4998/2492 2758/4999/2493
f 2768/5000/2494 2774/5001/2495 2777/5002/2496 2771/5003/2497
f 2771/5003/2497 2777/5002/2496 2778/5004/2498 2772/4930/2443
f 2753/4939/2450 2754/4952/2461 2763/4882/2403 2761/4998/2492
f 2753/4939/2450 2747/4938/2449 2756/4901/2420 2754/4952/2461
f 2709/4963/2469 2747/4962/2468 2744/5005/2486 2706/5006/2486
f 2720/5007/2499 2726/4956/2465 2762/4959/2465 2757/5008/2499
f 2706/5006/2486 2744/5005/2486 2758/4984/2482 2719/4983/2482
f 2751/4985/2483 2752/4953/2462 2755/4900/2419 2748/4942/2453
f 2737/5009/2500 2776/5010/2500 2779/4980/2479 2739/4979/2479
f 2780/4981/2480 2778/4966/2472 2742/4965/2471 2740/4982/2481
f 2728/4921/2436 2734/4920/2435 2736/4924/2438 2730/4923/2437
f 2764/5011/2501 2767/4954/2463 2773/4949/2458 2770/4948/2457
f 2761/4998/2492 2763/4882/2403 2769/4881/2402 2767/4954/2463
f 2758/4999/2493 2761/4998/2492 2767/4954/2463 2764/5011/2501
f 2759/4986/2484 2765/4997/2491 2766/4884/2405 2760/4883/2404
f 2708/4988/2486 2720/5007/2499 2757/5008/2499 2746/4989/2486
f 2746/5012/2502 2757/4995/2489 2759/4986/2484 2751/4985/2483
f 2707/5013/2503 2710/4987/2485 2748/4990/2487 2745/5014/2503
f 2765/4997/2491 2771/5003/2497 2772/4930/2443 2766/4884/2405
f 2710/5015/2416 2715/4911/2415 2708/4910/2428
f 2762/4996/2490 2768/5000/2494 2771/5003/2497 2765/4997/2491
f 2748/4942/2453 2746/5012/2502 2751/4985/2483
f 2735/4925/2439 2736/4924/2438 2742/4968/2474 2741/5016/2447
f 2715/4896/2415 2716/4890/2411 2724/4927/2440 2723/4926/2429
f 2726/4915/2432 2729/4914/2431 2735/4935/2439 2732/4934/2446
f 2772/4930/2443 2778/5004/2498 2780/4955/2464 2775/4931/2444
f 2786/5017/2504 2788/5018/2504 2784/5019/2505 2782/5020/2505
f 2788/5018/2504 2786/5017/2504 2787/5021/2506 2790/5022/2506
f 2790/5022/2506 2787/5021/2506 2785/5023/2507 2789/5024/2507
f 2781/5025/2508 2783/5026/2508 2789/5024/2507 2785/5023/2507
f 2796/5027/2509 2792/5028/2510 2794/5029/2510 2798/5030/2509
f 2798/5030/2509 2800/5031/2511 2797/5032/2511 2796/5027/2509
f 2800/5031/2511 2799/5033/2512 2795/5034/2512 2797/5032/2511
f 2791/5035/2513 2795/5034/2512 2799/5033/2512 2793/5036/2513
f 2783/5037/2514 2781/5038/2514 2791/5039/2514 2793/5040/2514
f 2782/5041/2515 2784/5042/2515 2794/5043/2515 2792/5044/2515
f 2788/5045/3 2790/5046/3 2800/5047/3 2798/5048/3
f 2787/5049/12 2786/5050/12 2796/5051/12 2797/5052/12
f 2790/5046/3 2789/5053/3 2799/5054/3 2800/5047/3
f 2785/5055/12 2787/5049/12 2797/5052/12 2795/5056/12
f 2781/5057/12 2785/5055/12 2795/5056/12 2791/5058/12
f 2789/5053/3 2783/5059/3 2793/5060/3 2799/5054/3
f 2786/5050/12 2782/5061/12 2792/5062/12 2796/5051/12
f 2784/5063/3 2788/5045/3 2798/5048/3 2794/5064/3
f 2817/5065/2516 2822/5066/2517 2880/5067/2517 2876/5068/2516
f 2826/5069/4 2829/5070/4 2856/5071/4 2852/5072/4
f 2830/5073/2518 2870/5074/2518 2877/5075/2519 2821/5076/2519
f 2814/5077/2516 2809/5078/2517 2884/5079/2517 2888/5080/2516
f 2868/5081/2520 2872/5082/2521 2829/5083/2521 2826/5084/2520
f 2825/5085/2522 2865/5086/2522 2866/5087/2523 2827/5088/2523
f 2827/5088/2523 2866/5087/2523 2867/5089/2524 2828/5090/2524
f 2828/5090/2524 2867/5089/2524 2868/5081/2520 2826/5084/2520
f 2870/5074/2518 2830/5073/2518 2832/5091/2525 2869/5092/2525
f 2869/5092/2525 2832/5091/2525 2831/5093/2526 2871/5094/2526
f 2871/5095/2526 2831/5096/2526 2829/5083/2521 2872/5082/2521
f 2874/5097/2527 2818/5098/2527 2820/5099/2528 2873/5100/2528
f 2873/5100/2528 2820/5099/2528 2819/5101/2529 2875/5102/2529
f 2875/5102/2529 2819/5101/2529 2817/5065/2516 2876/5068/2516
f 2821/5076/2519 2877/5075/2519 2878/5103/2530 2823/5104/2530
f 2823/5104/2530 2878/5103/2530 2879/5105/2531 2824/5106/2531
f 2824/5106/2531 2879/5105/2531 2880/5067/2517 2822/5066/2517
f 2865/5086/2522 2825/5085/2522 2818/5107/2527 2874/5108/2527
f 2830/5109/4 2821/5110/4 2862/5111/4 2853/5112/4
f 2822/5113/4 2817/5114/4 2860/5115/4 2864/5116/4
f 2829/5070/4 2831/5117/4 2855/5118/4 2856/5071/4
f 2827/5119/4 2828/5120/4 2851/5121/4 2849/5122/4
f 2821/5110/4 2823/5123/4 2861/5124/4 2862/5111/4
f 2831/5117/4 2832/5125/4 2854/5126/4 2855/5118/4
f 2817/5114/4 2819/5127/4 2859/5128/4 2860/5115/4
f 2818/5129/4 2825/5130/4 2850/5131/4 2857/5132/4
f 2825/5130/4 2827/5133/4 2849/5134/4 2850/5131/4
f 2853/5135/2532 2862/5136/2533 2912/5137/2533 2909/5138/2532
f 2852/5139/2534 2856/5140/2535 2905/5141/2535 2911/5142/2534
f 2859/5143/2536 2858/5144/2537 2903/5145/2537 2900/5146/2536
f 2856/5140/2535 2855/5147/2538 2904/5148/2538 2905/5141/2535
f 2849/5149/2539 2851/5150/2540 2910/5151/2540 2907/5152/2539
f 2857/5153/2541 2850/5154/2542 2908/5155/2542 2902/5156/2541
f 2861/5157/2543 2863/5158/2544 2898/5159/2544 2899/5160/2543
f 2854/5161/2545 2853/5135/2532 2909/5138/2532 2906/5162/2545
f 2860/5163/2546 2859/5143/2536 2900/5146/2536 2901/5164/2546
f 2851/5150/2540 2852/5139/2534 2911/5142/2534 2910/5151/2540
f 2858/5144/2537 2857/5165/2541 2902/5166/2541 2903/5145/2537
f 2850/5154/2542 2849/5149/2539 2907/5152/2539 2908/5155/2542
f 2863/5158/2544 2864/5167/2547 2897/5168/2547 2898/5159/2544
f 2855/5147/2538 2854/5169/2545 2906/5170/2545 2904/5148/2538
f 2862/5136/2533 2861/5157/2543 2899/5160/2543 2912/5137/2533
f 2864/5167/2547 2860/5163/2546 2901/5164/2546 2897/5168/2547
f 2828/5120/4 2826/5069/4 2852/5072/4 2851/5121/4
f 2823/5171/4 2824/5172/4 2863/5173/4 2861/5174/4
f 2820/5175/4 2818/5129/4 2857/5132/4 2858/5176/4
f 2824/5172/4 2822/5113/4 2864/5116/4 2863/5173/4
f 2819/5177/4 2820/5175/4 2858/5176/4 2859/5178/4
f 2832/5179/4 2830/5109/4 2853/5112/4 2854/5180/4
f 2810/5181/4 2812/5182/4 2866/5183/4 2865/5184/4
f 2812/5185/4 2811/5186/4 2867/5187/4 2866/5188/4
f 2811/5186/4 2809/5189/4 2868/5190/4 2867/5187/4
f 2815/5191/4 2813/5192/4 2870/5193/4 2869/5194/4
f 2816/5195/4 2815/5191/4 2869/5194/4 2871/5196/4
f 2814/5197/4 2816/5195/4 2871/5196/4 2872/5198/4
f 2803/5199/4 2801/5200/4 2874/5201/4 2873/5202/4
f 2804/5203/4 2803/5199/4 2873/5202/4 2875/5204/4
f 2802/5205/4 2804/5203/4 2875/5204/4 2876/5206/4
f 2806/5207/4 2808/5208/4 2878/5209/4 2877/5210/4
f 2808/5208/4 2807/5211/4 2879/5212/4 2878/5209/4
f 2807/5211/4 2805/5213/4 2880/5214/4 2879/5212/4
f 2801/5215/4 2810/5181/4 2865/5184/4 2874/5216/4
f 2805/5213/4 2802/5205/4 2876/5206/4 2880/5214/4
f 2813/5217/4 2806/5218/4 2877/5219/4 2870/5220/4
f 2809/5189/4 2814/5197/4 2872/5198/4 2868/5190/4
f 2804/5221/2526 2802/5222/2521 2892/5223/2521 2891/5224/2526
f 2811/5225/2531 2812/5226/2530 2882/5227/2530 2883/5228/2531
f 2808/5229/2523 2806/5230/2522 2893/5231/2522 2894/5232/2523
f 2809/5078/2517 2811/5233/2531 2883/5234/2531 2884/5079/2517
f 2807/5235/2524 2808/5236/2523 2894/5237/2523 2895/5238/2524
f 2813/5239/2527 2815/5240/2528 2885/5241/2528 2886/5242/2527
f 2805/5243/2520 2807/5235/2524 2895/5238/2524 2896/5244/2520
f 2815/5240/2528 2816/5245/2529 2887/5246/2529 2885/5241/2528
f 2810/5247/2519 2801/5248/2518 2890/5249/2518 2881/5250/2519
f 2816/5245/2529 2814/5077/2516 2888/5080/2516 2887/5246/2529
f 2802/5222/2521 2805/5243/2520 2896/5244/2520 2892/5223/2521
f 2801/5248/2518 2803/5251/2525 2889/5252/2525 2890/5249/2518
f 2806/5230/2522 2813/5239/2527 2886/5242/2527 2893/5231/2522
f 2803/5251/2525 2804/5221/2526 2891/5224/2526 2889/5252/2525
f 2812/5226/2530 2810/5247/2519 2881/5250/2519 2882/5227/2530
f 2833/5253/38 2834/5254/38 2898/5255/38 2897/5256/38
f 2834/5254/38 2835/5257/38 2899/5258/38 2898/5255/38
f 2836/5259/38 2837/5260/38 2901/5261/38 2900/5262/38
f 2838/5263/38 2839/5264/38 2903/5265/38 2902/5266/38
f 2840/5267/38 2841/5268/38 2905/5269/38 2904/5270/38
f 2842/5271/38 2840/5267/38 2904/5270/38 2906/5272/38
f 2843/5273/38 2844/5274/38 2908/5275/38 2907/5276/38
f 2845/5277/38 2842/5271/38 2906/5272/38 2909/5278/38
f 2846/5279/38 2843/5273/38 2907/5276/38 2910/5280/38
f 2847/5281/38 2846/5279/38 2910/5280/38 2911/5282/38
f 2835/5257/38 2848/5283/38 2912/5284/38 2899/5258/38
f 2839/5264/38 2836/5259/38 2900/5262/38 2903/5265/38
f 2844/5274/38 2838/5263/38 2902/5266/38 2908/5275/38
f 2837/5260/38 2833/5253/38 2897/5256/38 2901/5261/38
f 2848/5283/38 2845/5277/38 2909/5278/38 2912/5284/38
f 2841/5268/38 2847/5281/38 2911/5282/38 2905/5269/38
f 2845/5277/2548 2913/5285/2549 2840/5267/2550 2842/5271/2551
f 2913/5285/2549 2916/5286/2552 2841/5268/2553 2840/5267/2550
f 2916/5286/2552 2919/5287/2554 2847/5281/2555 2841/5268/2553
f 2919/5287/2554 2843/5273/2556 2846/5279/2557 2847/5281/2555
f 2848/5283/2558 2914/5288/2559 2913/5285/2549 2845/5277/2548
f 2914/5288/2559 2917/5289/38 2916/5286/2552 2913/5285/2549
f 2917/5289/38 2920/5290/2560 2919/5287/2554 2916/5286/2552
f 2920/5290/2560 2844/5274/2561 2843/5273/2556 2919/5287/2554
f 2835/5257/2562 2915/5291/2563 2914/5288/2559 2848/5283/2558
f 2915/5291/2563 2918/5292/2564 2917/5289/38 2914/5288/2559
f 2918/5292/2564 2921/5293/2565 2920/5290/2560 2917/5289/38
f 2921/5293/2565 2838/5263/2566 2844/5274/2561 2920/5290/2560
f 2834/5254/2567 2833/5253/2568 2915/5291/2563 2835/5257/2562
f 2833/5253/2568 2837/5260/2569 2918/5292/2564 2915/5291/2563
f 2837/5260/2569 2836/5259/2570 2921/5293/2565 2918/5292/2564
f 2836/5259/2570 2839/5264/2571 2838/5263/2566 2921/5293/2565
f 2881/5294/4 2890/5295/4 2892/5296/4
f 2890/5295/4 2889/5297/4 2892/5296/4
f 2889/5297/4 2891/5298/4 2892/5296/4
f 2892/5296/4 2896/5299/4 2893/5300/4
f 2896/5299/4 2895/5301/4 2893/5300/4
f 2895/5301/4 2894/5302/4 2893/5300/4
f 2893/5300/4 2886/5303/4 2888/5304/4
f 2886/5303/4 2885/5305/4 2888/5304/4
f 2885/5305/4 2887/5306/4 2888/5304/4
f 2888/5304/4 2884/5307/4 2881/5294/4
f 2884/5307/4 2883/5308/4 2881/5294/4
f 2883/5308/4 2882/5309/4 2881/5294/4
f 2893/5300/4 2888/5304/4 2881/5294/4 2892/5296/4
f 2944/5310/4 2947/5311/4 2925/5312/4 2924/5313/4
f 2926/5314/2572 2930/5315/2572 2923/5316/11 2922/5317/11
f 2924/5318/35 2925/5319/35 2940/5320/2573 2934/5321/2573
f 2939/5322/38 2935/5323/38 2938/5324/2574 2941/5325/2574
f 2941/5325/2574 2938/5324/2574 2937/5326/32 2942/5327/32
f 2942/5327/32 2937/5326/32 2936/5328/2575 2943/5329/2575
f 2943/5329/2575 2936/5328/2575 2934/5321/2573 2940/5320/2573
f 2930/5315/2572 2926/5314/2572 2929/5330/2576 2931/5331/2576
f 2931/5331/2576 2929/5330/2576 2928/5332/28 2932/5333/28
f 2932/5333/28 2928/5332/28 2927/5334/2577 2933/5335/2577
f 2933/5335/2577 2927/5334/2577 2935/5323/38 2939/5322/38
f 2936/5336/12 2938/5337/12 2927/5338/12
f 2932/5339/3 2933/5340/3 2941/5341/3
f 2945/5342/35 2946/5343/35 2952/5344/2578 2954/5345/2578
f 2922/5346/4 2923/5347/4 2946/5343/4 2945/5342/4
f 2955/5348/2579 2951/5349/2579 2949/5350/2580 2957/5351/2580
f 2951/5349/2579 2955/5348/2579 2956/5352/43 2953/5353/43
f 2953/5353/43 2956/5352/43 2954/5345/2578 2952/5344/2578
f 2948/5354/2581 2958/5355/2581 2959/5356/7 2950/5357/7
f 2950/5357/7 2959/5356/7 2957/5351/2580 2949/5350/2580
f 2947/5311/11 2944/5310/11 2958/5355/2581 2948/5354/2581
f 2982/5358/4 2962/5359/4 2963/5360/4 2985/5361/4
f 2964/5362/2572 2960/5363/11 2961/5364/11 2968/5365/2572
f 2987/5366/12 2988/5367/12 2978/5368/12
f 2962/5369/35 2972/5370/2573 2978/5371/2573 2963/5372/35
f 2977/5373/38 2979/5374/2574 2976/5375/2574 2973/5376/38
f 2979/5374/2574 2980/5377/32 2975/5378/32 2976/5375/2574
f 2980/5377/32 2981/5379/2575 2974/5380/2575 2975/5378/32
f 2981/5379/2575 2978/5371/2573 2972/5370/2573 2974/5380/2575
f 2968/5365/2572 2969/5381/2576 2967/5382/2576 2964/5362/2572
f 2969/5381/2576 2970/5383/28 2966/5384/28 2967/5382/2576
f 2970/5383/28 2971/5385/2577 2965/5386/2577 2966/5384/28
f 2971/5385/2577 2977/5373/38 2973/5376/38 2965/5386/2577
f 2964/5387/3 2966/5388/3 2973/5389/3
f 2980/5390/12 2979/5391/12 2971/5392/12
f 2993/5393/3 2994/5394/3 2964/5387/3
f 2983/5395/35 2992/5396/2578 2990/5397/2582 2984/5398/35
f 2960/5399/4 2983/5395/4 2984/5398/4 2961/5400/4
f 2993/5401/2579 2995/5402/2580 2987/5403/2580 2989/5404/2579
f 2989/5404/2579 2991/5405/9 2994/5406/43 2993/5401/2579
f 2991/5405/9 2990/5397/2582 2992/5396/2578 2994/5406/43
f 2986/5407/2581 2988/5408/7 2997/5409/7 2996/5410/2581
f 2988/5408/7 2987/5403/2580 2995/5402/2580 2997/5409/7
f 2985/5361/11 2986/5407/2581 2996/5410/2581 2982/5358/11
f 2923/5411/3 2930/5412/3 2953/5413/3
f 2989/5414/12 2987/5366/12 2978/5368/12 2968/5415/12
f 2953/5413/3 2930/5412/3 2951/5416/2583
f 2940/5417/3 2925/5418/3 2950/5419/3
f 2925/5418/3 2947/5420/3 2948/5421/3
f 2925/5418/3 2948/5421/3 2950/5419/3
f 2952/5422/296 2946/5423/3 2923/5411/3
f 2953/5413/3 2952/5422/296 2923/5411/3
f 2940/5417/3 2950/5419/3 2949/5424/3
f 2940/5417/3 2949/5424/3 2951/5416/2583 2930/5412/3
f 2936/5336/12 2937/5425/12 2938/5337/12
f 2938/5337/12 2935/5426/12 2927/5338/12
f 2927/5338/12 2928/5427/12 2936/5336/12
f 2928/5427/12 2929/5428/12 2936/5336/12
f 2933/5340/3 2939/5429/3 2941/5341/3
f 2941/5341/3 2942/5430/296 2943/5431/3
f 2943/5431/3 2940/5417/3 2941/5341/3
f 2978/5368/12 2981/5432/12 2971/5392/12 2968/5415/12
f 2931/5433/3 2932/5339/3 2941/5341/3
f 2924/5434/12 2934/5435/12 2959/5436/12
f 2995/5437/3 2993/5393/3 2964/5387/3 2972/5438/3
f 2959/5436/12 2934/5435/12 2957/5439/12
f 2926/5440/12 2922/5441/12 2956/5442/12
f 2922/5441/12 2945/5443/12 2954/5444/12
f 2922/5441/12 2954/5444/12 2956/5442/12
f 2958/5445/2584 2944/5446/12 2924/5434/12
f 2959/5436/12 2958/5445/2584 2924/5434/12
f 2926/5440/12 2956/5442/12 2955/5447/12
f 2926/5440/12 2955/5447/12 2957/5439/12 2934/5435/12
f 2968/5415/12 2961/5448/12 2991/5449/12
f 2961/5448/12 2984/5450/12 2990/5451/2585
f 2961/5448/12 2990/5451/2585 2991/5449/12
f 2985/5452/12 2963/5453/12 2986/5454/12
f 2963/5453/12 2978/5368/12 2988/5367/12
f 2986/5454/12 2963/5453/12 2988/5367/12
f 2968/5415/12 2991/5449/12 2989/5414/12
f 2974/5455/3 2972/5438/3 2964/5387/3
f 2964/5387/3 2967/5456/296 2966/5388/3
f 2966/5388/3 2965/5457/3 2973/5389/3
f 2973/5389/3 2976/5458/2586 2975/5459/3
f 2975/5459/3 2974/5455/3 2973/5389/3
f 2974/5455/3 2964/5387/3 2973/5389/3
f 2979/5391/12 2977/5460/12 2971/5392/12
f 2971/5392/12 2970/5461/2587 2969/5462/12
f 2969/5462/12 2968/5415/12 2971/5392/12
f 2981/5432/12 2980/5390/12 2971/5392/12
f 2930/5412/3 2931/5433/3 2941/5341/3 2940/5417/3
f 2972/5438/3 2962/5463/3 2997/5464/3
f 2962/5463/3 2982/5465/3 2996/5466/296
f 2962/5463/3 2996/5466/296 2997/5464/3
f 2983/5467/3 2960/5468/3 2992/5469/299
f 2960/5468/3 2964/5387/3 2994/5394/3
f 2992/5469/299 2960/5468/3 2994/5394/3
f 2972/5438/3 2997/5464/3 2995/5437/3
f 2929/5428/12 2926/5440/12 2934/5435/12 2936/5336/12
f 3020/5470/4 3023/5471/4 3001/5472/4 3000/5473/4
f 3002/5474/2588 3006/5475/2588 2999/5476/12 2998/5477/12
f 3000/5478/3 3001/5479/3 3016/5480/2589 3010/5481/2589
f 3015/5482/38 3011/5483/38 3014/5484/2590 3017/5485/2590
f 3017/5485/2590 3014/5484/2590 3013/5486/2591 3018/5487/2591
f 3018/5487/2591 3013/5486/2591 3012/5488/2592 3019/5489/2592
f 3019/5489/2592 3012/5488/2592 3010/5481/2589 3016/5480/2589
f 3006/5475/2588 3002/5474/2588 3005/5490/2593 3007/5491/2593
f 3007/5491/2593 3005/5490/2593 3004/5492/2594 3008/5493/2594
f 3008/5493/2594 3004/5492/2594 3003/5494/2595 3009/5495/2595
f 3009/5495/2595 3003/5494/2595 3011/5483/38 3015/5482/38
f 3012/5496/35 3014/5497/35 3003/5498/35
f 3008/5499/11 3009/5500/11 3017/5501/11
f 3021/5502/3 3022/5503/3 3028/5504/2596 3030/5505/2596
f 2998/5506/4 2999/5507/4 3022/5503/4 3021/5502/4
f 3031/5508/2597 3027/5509/2597 3025/5510/2598 3033/5511/2598
f 3027/5509/2597 3031/5508/2597 3032/5512/2599 3029/5513/2599
f 3029/5513/2599 3032/5512/2599 3030/5505/2596 3028/5504/2596
f 3024/5514/2600 3034/5515/2600 3035/5516/2601 3026/5517/2601
f 3026/5517/2601 3035/5516/2601 3033/5511/2598 3025/5510/2598
f 3023/5471/12 3020/5470/12 3034/5515/2600 3024/5514/2600
f 3058/5518/4 3038/5519/4 3039/5520/4 3061/5521/4
f 3040/5522/2588 3036/5523/12 3037/5524/12 3044/5525/2588
f 3063/5526/35 3064/5527/35 3054/5528/35
f 3038/5529/3 3048/5530/2589 3054/5531/2589 3039/5532/3
f 3053/5533/38 3055/5534/2590 3052/5535/2590 3049/5536/38
f 3055/5534/2590 3056/5537/2591 3051/5538/2591 3052/5535/2590
f 3056/5537/2591 3057/5539/2592 3050/5540/2592 3051/5538/2591
f 3057/5539/2592 3054/5531/2589 3048/5530/2589 3050/5540/2592
f 3044/5525/2588 3045/5541/2593 3043/5542/2593 3040/5522/2588
f 3045/5541/2593 3046/5543/2594 3042/5544/2594 3043/5542/2593
f 3046/5543/2594 3047/5545/2595 3041/5546/2595 3042/5544/2594
f 3047/5545/2595 3053/5533/38 3049/5536/38 3041/5546/2595
f 3050/5547/11 3040/5548/11 3049/5549/11
f 3069/5550/11 3070/5551/11 3040/5548/11
f 3059/5552/3 3068/5553/2596 3066/5554/2596 3060/5555/3
f 3036/5556/4 3059/5552/4 3060/5555/4 3037/5557/4
f 3069/5558/2597 3071/5559/2598 3063/5560/2598 3065/5561/2597
f 3065/5561/2597 3067/5562/2599 3070/5563/2599 3069/5558/2597
f 3067/5562/2599 3066/5554/2596 3068/5553/2596 3070/5563/2599
f 3062/5564/2600 3064/5565/2601 3073/5566/2601 3072/5567/2600
f 3064/5565/2601 3063/5560/2598 3071/5559/2598 3073/5566/2601
f 3061/5521/12 3062/5564/2600 3072/5567/2600 3058/5518/12
f 2999/5568/11 3006/5569/11 3029/5570/11
f 3002/5571/35 3031/5572/35 3033/5573/35 3010/5574/35
f 3029/5570/11 3006/5569/11 3027/5575/11
f 3016/5576/11 3001/5577/11 3026/5578/11
f 3001/5577/11 3023/5579/11 3024/5580/11
f 3001/5577/11 3024/5580/11 3026/5578/11
f 3028/5581/11 3022/5582/11 2999/5568/11
f 3029/5570/11 3028/5581/11 2999/5568/11
f 3016/5576/11 3026/5578/11 3025/5583/11
f 3016/5576/11 3025/5583/11 3027/5575/11 3006/5569/11
f 3012/5496/35 3013/5584/35 3014/5497/35
f 3014/5497/35 3011/5585/35 3003/5498/35
f 3003/5498/35 3004/5586/35 3012/5496/35
f 3004/5586/35 3005/5587/35 3012/5496/35
f 3009/5500/11 3015/5588/11 3017/5501/11
f 3017/5501/11 3018/5589/11 3019/5590/11
f 3019/5590/11 3016/5576/11 3017/5501/11
f 3047/5591/35 3045/5592/35 3054/5528/35 3057/5593/35
f 3007/5594/11 3008/5499/11 3017/5501/11
f 3000/5595/35 3010/5574/35 3035/5596/35
f 3065/5597/35 3063/5526/35 3054/5528/35 3044/5598/35
f 3035/5596/35 3010/5574/35 3033/5573/35
f 3002/5571/35 2998/5599/35 3032/5600/35
f 2998/5599/35 3021/5601/35 3030/5602/35
f 2998/5599/35 3030/5602/35 3032/5600/35
f 3034/5603/35 3020/5604/35 3000/5595/35
f 3035/5596/35 3034/5603/35 3000/5595/35
f 3002/5571/35 3032/5600/35 3031/5572/35
f 3071/5605/11 3069/5550/11 3040/5548/11 3048/5606/11
f 3044/5598/35 3037/5607/35 3067/5608/35
f 3037/5607/35 3060/5609/35 3066/5610/35
f 3037/5607/35 3066/5610/35 3067/5608/35
f 3061/5611/35 3039/5612/35 3062/5613/35
f 3039/5612/35 3054/5528/35 3064/5527/35
f 3062/5613/35 3039/5612/35 3064/5527/35
f 3044/5598/35 3067/5608/35 3065/5597/35
f 3050/5547/11 3048/5606/11 3040/5548/11
f 3040/5548/11 3043/5614/11 3042/5615/11
f 3042/5615/11 3041/5616/11 3040/5548/11
f 3041/5616/11 3049/5549/11 3040/5548/11
f 3049/5549/11 3052/5617/11 3051/5618/11
f 3051/5618/11 3050/5547/11 3049/5549/11
f 3055/5619/35 3053/5620/2602 3047/5591/35
f 3047/5591/35 3046/5621/35 3045/5592/35
f 3045/5592/35 3044/5598/35 3054/5528/35
f 3057/5593/35 3056/5622/35 3047/5591/35
f 3056/5622/35 3055/5619/35 3047/5591/35
f 3006/5569/11 3007/5594/11 3017/5501/11 3016/5576/11
f 3048/5606/11 3038/5623/11 3073/5624/11
f 3038/5623/11 3058/5625/11 3072/5626/11
f 3038/5623/11 3072/5626/11 3073/5624/11
f 3059/5627/11 3036/5628/11 3068/5629/11
f 3036/5628/11 3040/5548/11 3070/5551/11
f 3068/5629/11 3036/5628/11 3070/5551/11
f 3048/5606/11 3073/5624/11 3071/5605/11
f 3005/5587/35 3002/5571/35 3010/5574/35 3012/5496/35
f 3083/5630/2603 3085/5631/2604 3103/5632/2604 3101/5633/2603
f 3100/5634/2605 3117/5635/2605 3121/5636/2606 3102/5637/2606
f 3119/5638/2607 3118/5639/2608 3078/5640/2609 3080/5641/2609
f 3085/5631/2604 3075/5642/2610 3095/5643/2610 3103/5632/2604
f 3079/5644/12 3077/5645/12 3122/5646/12 3124/5647/12
f 3120/5648/2611 3119/5638/2611 3080/5641/2612 3082/5649/2612
f 3121/5636/2613 3120/5648/2613 3082/5649/2614 3084/5650/2614
f 3117/5635/2615 3116/5651/2615 3120/5648/2613 3121/5636/2613
f 3087/5652/38 3133/5653/2616 3144/5654/2616 3135/5655/38
f 3085/5656/3 3083/5657/3 3126/5658/3 3127/5659/3
f 3077/5645/2617 3075/5660/2617 3123/5661/2617 3122/5646/2617
f 3081/5662/2618 3079/5644/2618 3124/5647/2618 3125/5663/2618
f 3075/5660/2619 3085/5656/2619 3127/5659/2619 3123/5661/2619
f 3083/5657/2620 3081/5664/2620 3125/5665/2620 3126/5658/2620
f 3078/5640/2621 3095/5666/2621 3094/5667/2622 3076/5668/2622
f 3076/5668/2622 3094/5667/2622 3097/5669/2623 3106/5670/2623
f 3106/5670/2623 3097/5669/2623 3099/5671/2624 3110/5672/2624
f 3110/5673/2624 3099/5674/2624 3101/5675/2625 3114/5676/2625
f 3114/5676/2625 3101/5675/2625 3103/5677/2626 3118/5639/2626
f 3118/5639/2626 3103/5677/2626 3095/5666/2621 3078/5640/2621
f 3102/5637/2606 3121/5636/2606 3084/5650/2627 3092/5678/2627
f 3081/5679/2628 3083/5630/2603 3101/5633/2603 3099/5680/2628
f 3075/5642/2610 3077/5681/2629 3094/5682/2629 3095/5643/2610
f 3079/5683/2630 3081/5684/2628 3099/5685/2628 3097/5686/2630
f 3077/5681/2629 3079/5683/2630 3097/5686/2630 3094/5682/2629
f 3116/5651/2631 3115/5687/2631 3119/5638/2611 3120/5648/2611
f 3115/5687/2632 3114/5676/2632 3118/5639/2608 3119/5638/2607
f 3098/5688/2633 3113/5689/2633 3117/5635/2605 3100/5634/2605
f 3113/5689/2634 3112/5690/2634 3116/5651/2615 3117/5635/2615
f 3112/5690/2635 3111/5691/2635 3115/5687/2631 3116/5651/2631
f 3111/5691/2636 3110/5673/2636 3114/5676/2632 3115/5687/2632
f 3096/5692/2637 3109/5693/2637 3113/5694/2633 3098/5695/2633
f 3109/5693/2638 3108/5696/2638 3112/5697/2634 3113/5694/2634
f 3108/5696/2639 3107/5698/2639 3111/5699/2635 3112/5697/2635
f 3107/5698/2640 3106/5670/2640 3110/5672/2636 3111/5699/2636
f 3093/5700/2641 3105/5701/2642 3109/5693/2637 3096/5692/2637
f 3105/5701/2643 3104/5702/2643 3108/5696/2638 3109/5693/2638
f 3104/5702/2644 3074/5703/2644 3107/5698/2639 3108/5696/2639
f 3074/5703/2645 3076/5668/2646 3106/5670/2640 3107/5698/2640
f 3092/5678/2627 3084/5650/2627 3105/5701/2642 3093/5700/2641
f 3084/5650/2614 3082/5649/2614 3104/5702/2643 3105/5701/2643
f 3082/5649/2612 3080/5641/2612 3074/5703/2644 3104/5702/2644
f 3080/5641/2609 3078/5640/2609 3076/5668/2646 3074/5703/2645
f 3128/5704/35 3122/5705/35 3123/5706/35
f 3129/5707/35 3124/5708/35 3122/5705/35
f 3130/5709/35 3125/5710/35 3124/5708/35
f 3131/5711/35 3126/5712/35 3125/5710/35
f 3132/5713/35 3127/5714/35 3126/5712/35
f 3133/5715/35 3123/5706/35 3127/5714/35
f 3128/5716/2620 3087/5717/38 3135/5718/38 3134/5719/2620
f 3089/5720/4 3130/5721/2619 3138/5722/2619 3141/5723/4
f 3132/5724/12 3090/5725/2647 3143/5726/2647 3142/5727/12
f 3129/5728/3 3086/5729/2648 3137/5730/2648 3136/5731/3
f 3090/5725/2647 3131/5732/2649 3140/5733/2649 3143/5726/2647
f 3133/5653/2616 3091/5734/2650 3145/5735/2650 3144/5654/2616
f 3086/5729/2648 3128/5716/2620 3134/5719/2620 3137/5730/2648
f 3130/5721/2619 3088/5736/2651 3139/5737/2651 3138/5722/2619
f 3091/5734/2650 3132/5724/12 3142/5727/12 3145/5735/2650
f 3088/5736/2651 3129/5728/3 3136/5731/3 3139/5737/2651
f 3131/5732/2649 3089/5720/4 3141/5723/4 3140/5733/2649
f 3155/5738/2652 3173/5739/2652 3175/5740/2653 3157/5741/2653
f 3172/5742/2654 3174/5743/2655 3193/5744/2655 3189/5745/2656
f 3191/5746/2657 3152/5747/2612 3150/5748/2612 3190/5749/2657
f 3157/5741/2653 3175/5740/2653 3167/5750/2658 3147/5751/2658
f 3151/5752/12 3196/5753/12 3194/5754/12 3149/5755/12
f 3192/5756/2607 3154/5757/2609 3152/5747/2609 3191/5746/2607
f 3193/5744/2626 3156/5758/2659 3154/5757/2659 3192/5756/2626
f 3189/5745/2625 3193/5744/2626 3192/5756/2626 3188/5759/2625
f 3159/5760/38 3207/5761/38 3216/5762/2616 3205/5763/2616
f 3157/5764/2583 3199/5765/2583 3198/5766/2583 3155/5767/2583
f 3149/5768/2617 3194/5769/2617 3195/5770/2617 3147/5771/2617
f 3153/5772/2616 3197/5773/2616 3196/5753/2616 3151/5752/2616
f 3147/5771/2619 3195/5770/2619 3199/5774/2619 3157/5775/2619
f 3155/5767/2620 3198/5766/2620 3197/5776/2620 3153/5777/2620
f 3150/5748/2614 3148/5778/2643 3166/5779/2643 3167/5780/2614
f 3148/5778/2643 3178/5781/2660 3169/5782/2660 3166/5779/2643
f 3178/5781/2660 3182/5783/2634 3171/5784/2634 3169/5782/2660
f 3182/5785/2634 3186/5786/2615 3173/5787/2615 3171/5788/2634
f 3186/5786/2615 3190/5749/2613 3175/5789/2613 3173/5787/2615
f 3190/5749/2613 3150/5748/2614 3167/5780/2614 3175/5789/2613
f 3174/5743/2655 3164/5790/2661 3156/5758/2661 3193/5744/2655
f 3153/5791/2662 3171/5792/2662 3173/5739/2652 3155/5738/2652
f 3147/5751/2658 3167/5750/2658 3166/5793/2663 3149/5794/2663
f 3151/5795/2664 3169/5796/2664 3171/5797/2662 3153/5798/2662
f 3149/5794/2663 3166/5793/2663 3169/5796/2664 3151/5795/2664
f 3188/5759/2632 3192/5756/2607 3191/5746/2607 3187/5799/2632
f 3187/5799/2665 3191/5746/2657 3190/5749/2657 3186/5786/2631
f 3170/5800/2666 3172/5742/2654 3189/5745/2656 3185/5801/2666
f 3185/5801/2624 3189/5745/2625 3188/5759/2625 3184/5802/2624
f 3184/5802/2636 3188/5759/2632 3187/5799/2632 3183/5803/2636
f 3183/5803/2667 3187/5799/2665 3186/5786/2631 3182/5785/2667
f 3168/5804/2668 3170/5805/2666 3185/5806/2666 3181/5807/2668
f 3181/5807/2623 3185/5806/2624 3184/5808/2624 3180/5809/2623
f 3180/5809/2640 3184/5808/2636 3183/5810/2636 3179/5811/2640
f 3179/5811/2669 3183/5810/2667 3182/5783/2667 3178/5781/2669
f 3165/5812/2670 3168/5804/2668 3181/5807/2668 3177/5813/2670
f 3177/5813/2671 3181/5807/2623 3180/5809/2623 3176/5814/2671
f 3176/5814/2645 3180/5809/2640 3179/5811/2640 3146/5815/2645
f 3146/5815/2672 3179/5811/2669 3178/5781/2669 3148/5778/2672
f 3164/5790/2661 3165/5812/2670 3177/5813/2670 3156/5758/2661
f 3156/5758/2659 3177/5813/2671 3176/5814/2671 3154/5757/2659
f 3154/5757/2609 3176/5814/2645 3146/5815/2645 3152/5747/2609
f 3152/5747/2612 3146/5815/2672 3148/5778/2672 3150/5748/2612
f 3194/5816/11 3158/5817/11 3200/5818/11
f 3196/5819/11 3160/5820/11 3201/5821/11
f 3197/5822/11 3161/5823/11 3202/5824/11
f 3198/5825/11 3162/5826/11 3203/5827/11
f 3199/5828/11 3163/5829/11 3204/5830/11
f 3195/5831/11 3159/5832/11 3205/5833/11
f 3200/5834/2620 3206/5835/2620 3207/5836/38 3159/5837/38
f 3161/5838/4 3213/5839/4 3210/5840/2619 3202/5841/2619
f 3204/5842/12 3214/5843/12 3215/5844/2647 3162/5845/2647
f 3201/5846/3 3208/5847/3 3209/5848/2648 3158/5849/2648
f 3162/5845/2647 3215/5844/2647 3212/5850/2649 3203/5851/2649
f 3205/5763/2616 3216/5762/2616 3217/5852/2650 3163/5853/2650
f 3158/5849/2648 3209/5848/2648 3206/5835/2620 3200/5834/2620
f 3202/5841/2619 3210/5840/2619 3211/5854/2651 3160/5855/2651
f 3163/5853/2650 3217/5852/2650 3214/5843/12 3204/5842/12
f 3160/5855/2651 3211/5854/2651 3208/5847/3 3201/5846/3
f 3203/5851/2649 3212/5850/2649 3213/5839/4 3161/5838/4
f 3102/5856/11 3092/5857/11 3093/5858/11
f 3093/5858/11 3096/5859/11 3098/5860/11
f 3216/5861/11 3206/5862/11 3210/5863/11 3214/5864/11
f 3123/5706/35 3087/5865/35 3128/5704/35
f 3128/5704/35 3086/5866/35 3122/5705/35
f 3122/5705/35 3086/5866/35 3129/5707/35
f 3129/5707/35 3088/5867/35 3124/5708/35
f 3124/5708/35 3088/5867/35 3130/5709/35
f 3130/5709/35 3089/5868/35 3125/5710/35
f 3125/5710/35 3089/5868/35 3131/5711/35
f 3131/5711/35 3090/5869/35 3126/5712/35
f 3126/5712/35 3090/5869/35 3132/5713/35
f 3132/5713/35 3091/5870/35 3127/5714/35
f 3127/5714/35 3091/5870/35 3133/5715/35
f 3133/5715/35 3087/5865/35 3123/5706/35
f 3136/5871/35 3137/5872/35 3134/5873/35
f 3134/5873/35 3135/5874/35 3144/5875/35
f 3144/5875/35 3145/5876/35 3140/5877/35
f 3145/5876/35 3142/5878/35 3140/5877/35
f 3142/5878/35 3143/5879/35 3140/5877/35
f 3140/5877/35 3141/5880/35 3138/5881/35
f 3138/5881/35 3139/5882/35 3136/5871/35
f 3136/5871/35 3134/5873/35 3144/5875/35
f 3093/5858/11 3098/5860/11 3100/5883/11 3102/5856/11
f 3174/5884/35 3172/5885/35 3170/5886/35
f 3170/5886/35 3168/5887/35 3165/5888/35
f 3200/5818/11 3159/5832/11 3195/5831/11
f 3195/5831/11 3194/5816/11 3200/5818/11
f 3201/5821/11 3158/5817/11 3194/5816/11
f 3194/5816/11 3196/5819/11 3201/5821/11
f 3202/5824/11 3160/5820/11 3196/5819/11
f 3196/5819/11 3197/5822/11 3202/5824/11
f 3203/5827/11 3161/5823/11 3197/5822/11
f 3197/5822/11 3198/5825/11 3203/5827/11
f 3204/5830/11 3162/5826/11 3198/5825/11
f 3198/5825/11 3199/5828/11 3204/5830/11
f 3205/5833/11 3163/5829/11 3199/5828/11
f 3199/5828/11 3195/5831/11 3205/5833/11
f 3206/5862/11 3209/5889/11 3210/5863/11
f 3209/5889/11 3208/5890/11 3210/5863/11
f 3208/5890/11 3211/5891/11 3210/5863/11
f 3210/5863/11 3213/5892/11 3212/5893/11
f 3212/5893/11 3215/5894/11 3214/5864/11
f 3214/5864/11 3217/5895/11 3216/5861/11
f 3216/5861/11 3207/5896/11 3206/5862/11
f 3210/5863/11 3212/5893/11 3214/5864/11
f 3144/5875/35 3140/5877/35 3138/5881/35 3136/5871/35
f 3174/5884/35 3170/5886/35 3165/5888/35 3164/5897/35
f 3349/5898/2673 3306/5899/2674 3243/5900/2675 3276/5901/2676
f 3306/5899/2674 3310/5902/2677 3255/5903/2678 3243/5900/2675
f 3243/5900/2675 3255/5903/2678 3311/5904/2679 3307/5905/2680
f 3276/5901/2676 3243/5900/2675 3307/5905/2680 3350/5906/2681
f 3350/5906/2681 3307/5905/2680 3248/5907/2682 3280/5908/2683
f 3307/5905/2680 3311/5904/2679 3258/5909/2684 3248/5907/2682
f 3248/5910/2682 3258/5911/2684 3312/5912/2685 3308/5913/2686
f 3280/5914/2683 3248/5910/2682 3308/5913/2686 3351/5915/2687
f 3351/5915/2687 3308/5913/2686 3250/5916/2688 3260/5917/2689
f 3308/5913/2686 3312/5912/2685 3259/5918/2690 3250/5916/2688
f 3235/5919/2691 3236/5920/2692 3314/5921/2693 3310/5902/2677
f 3234/5922/2694 3235/5919/2691 3310/5902/2677 3306/5899/2674
f 3237/5923/2695 3322/5924/2696 3318/5925/2697 3267/5926/2698
f 3348/5927/2699 3352/5928/2700 3274/5929/2701 3247/5930/2702
f 3250/5916/2688 3259/5918/2690 3313/5931/2703 3309/5932/2704
f 3260/5917/2689 3250/5916/2688 3309/5932/2704 3352/5928/2700
f 3310/5902/2677 3314/5921/2693 3261/5933/2705 3255/5903/2678
f 3255/5903/2678 3261/5933/2705 3315/5934/2706 3311/5904/2679
f 3311/5904/2679 3315/5934/2706 3263/5935/2707 3258/5909/2684
f 3258/5911/2684 3263/5936/2707 3316/5937/2708 3312/5912/2685
f 3312/5912/2685 3316/5937/2708 3265/5938/2709 3259/5918/2690
f 3236/5920/2692 3267/5926/2698 3318/5925/2697 3314/5921/2693
f 3329/5939/2710 3336/5940/2711 3242/5941/2712 3293/5942/2713
f 3259/5918/2690 3265/5938/2709 3317/5943/2714 3313/5931/2703
f 3314/5921/2693 3318/5925/2697 3268/5944/2715 3261/5933/2705
f 3261/5933/2705 3268/5944/2715 3319/5945/2716 3315/5934/2706
f 3315/5934/2706 3319/5945/2716 3270/5946/2717 3263/5935/2707
f 3263/5936/2707 3270/5947/2717 3320/5948/2718 3316/5937/2708
f 3316/5937/2708 3320/5948/2718 3272/5949/2719 3265/5938/2709
f 3352/5928/2700 3309/5932/2704 3234/5950/2694 3274/5929/2701
f 3262/5951/2720 3269/5952/2721 3338/5953/2722 3334/5954/2723
f 3265/5938/2709 3272/5949/2719 3321/5955/2724 3317/5943/2714
f 3318/5925/2697 3322/5924/2696 3277/5956/2725 3268/5944/2715
f 3268/5944/2715 3277/5956/2725 3323/5957/2726 3319/5945/2716
f 3319/5945/2716 3323/5957/2726 3281/5958/2727 3270/5946/2717
f 3270/5947/2717 3281/5959/2727 3324/5960/2728 3320/5948/2718
f 3320/5948/2718 3324/5960/2728 3252/5961/2729 3272/5949/2719
f 3237/5923/2695 3291/5962/2730 3328/5963/2731 3322/5924/2696
f 3340/5964/2732 3344/5965/2733 3246/5966/2734 3244/5967/2735
f 3252/5961/2729 3325/5968/2736 3321/5955/2724 3272/5949/2719
f 3322/5924/2696 3328/5963/2731 3292/5969/2737 3277/5956/2725
f 3277/5956/2725 3292/5969/2737 3330/5970/2738 3323/5957/2726
f 3323/5957/2726 3330/5970/2738 3297/5971/2739 3281/5958/2727
f 3281/5959/2727 3297/5972/2739 3331/5973/2740 3324/5960/2728
f 3324/5960/2728 3331/5973/2740 3290/5974/2741 3252/5961/2729
f 3242/5975/2712 3333/5976/2742 3326/5977/2743 3293/5978/2713
f 3313/5931/2703 3317/5943/2714 3236/5979/2692 3235/5980/2691
f 3252/5961/2729 3290/5974/2741 3354/5981/2744 3325/5968/2736
f 3221/5982/2745 3293/5983/2713 3326/5984/2743 3282/5985/2746
f 3326/5977/2743 3333/5976/2742 3262/5951/2720 3294/5986/2747
f 3262/5951/2720 3334/5954/2723 3332/5987/2748 3294/5986/2747
f 3282/5985/2746 3326/5984/2743 3294/5988/2747 3222/5989/2749
f 3224/5990/2750 3296/5991/2751 3327/5992/2752 3286/5993/2753
f 3327/5994/2752 3335/5995/2754 3266/5996/2755 3295/5997/2756
f 3242/5975/2712 3244/5998/2735 3337/5999/2757 3333/5976/2742
f 3286/5993/2753 3327/5992/2752 3295/6000/2756 3226/6001/2758
f 3224/6002/2750 3225/6003/2759 3285/6004/2760 3284/6005/2761
f 3291/6006/2730 3220/6007/2762 3283/6008/2763 3328/6009/2731
f 3328/6009/2731 3283/6008/2763 3223/6010/2764 3292/6011/2737
f 3226/6001/2758 3295/6000/2756 3329/6012/2710 3289/6013/2765
f 3336/5940/2711 3340/5964/2732 3244/5967/2735 3242/5941/2712
f 3266/5996/2755 3336/5940/2711 3329/5939/2710 3295/5997/2756
f 3289/6013/2765 3329/6012/2710 3293/6014/2713 3221/6015/2745
f 3292/6011/2737 3223/6010/2764 3285/6004/2760 3330/6016/2738
f 3330/6016/2738 3285/6004/2760 3225/6003/2759 3297/6017/2739
f 3297/6018/2739 3225/6019/2759 3287/6020/2766 3331/6021/2740
f 3331/6021/2740 3287/6020/2766 3227/6022/2767 3290/6023/2741
f 3222/5989/2749 3294/5988/2747 3332/6024/2748 3284/6005/2761
f 3332/5987/2748 3334/5954/2723 3264/6025/2768 3296/6026/2751
f 3264/6027/2768 3335/5995/2754 3327/5994/2752 3296/6028/2751
f 3284/6005/2761 3332/6024/2748 3296/6029/2751 3224/6002/2750
f 3333/5976/2742 3337/5999/2757 3269/5952/2721 3262/5951/2720
f 3264/6027/2768 3271/6030/2769 3339/6031/2770 3335/5995/2754
f 3334/5954/2723 3338/5953/2722 3271/6032/2769 3264/6025/2768
f 3321/5955/2724 3325/5968/2736 3237/6033/2695 3267/6034/2698
f 3335/5995/2754 3339/6031/2770 3273/6035/2771 3266/5996/2755
f 3244/5998/2735 3246/6036/2734 3341/6037/2772 3337/5999/2757
f 3344/5965/2733 3348/5927/2699 3247/5930/2702 3246/5966/2734
f 3266/5996/2755 3273/6035/2771 3340/5964/2732 3336/5940/2711
f 3337/5999/2757 3341/6037/2772 3279/6038/2773 3269/5952/2721
f 3271/6030/2769 3278/6039/2774 3343/6040/2775 3339/6031/2770
f 3338/5953/2722 3342/6041/2776 3278/6042/2774 3271/6032/2769
f 3339/6031/2770 3343/6040/2775 3257/6043/2777 3273/6035/2771
f 3246/6036/2734 3247/6044/2702 3345/6045/2778 3341/6037/2772
f 3269/5952/2721 3279/6038/2773 3342/6041/2776 3338/5953/2722
f 3257/6043/2777 3344/5965/2733 3340/5964/2732 3273/6035/2771
f 3341/6037/2772 3345/6045/2778 3275/6046/2779 3279/6038/2773
f 3275/6046/2779 3346/6047/2780 3342/6041/2776 3279/6038/2773
f 3342/6041/2776 3346/6047/2780 3249/6048/2781 3278/6042/2774
f 3249/6049/2781 3347/6050/2782 3343/6040/2775 3278/6039/2774
f 3343/6040/2775 3347/6050/2782 3253/6051/2783 3257/6043/2777
f 3247/6044/2702 3274/6052/2701 3349/5898/2673 3345/6045/2778
f 3317/5943/2714 3321/5955/2724 3267/6034/2698 3236/5979/2692
f 3253/6051/2783 3348/5927/2699 3344/5965/2733 3257/6043/2777
f 3345/6045/2778 3349/5898/2673 3276/5901/2676 3275/6046/2779
f 3275/6046/2779 3276/5901/2676 3350/5906/2681 3346/6047/2780
f 3346/6047/2780 3350/5906/2681 3280/5908/2683 3249/6048/2781
f 3309/5932/2704 3313/5931/2703 3235/5980/2691 3234/5950/2694
f 3347/6050/2782 3351/5915/2687 3260/5917/2689 3253/6051/2783
f 3325/5968/2736 3354/5981/2744 3291/6053/2730 3237/6033/2695
f 3249/6049/2781 3280/5914/2683 3351/5915/2687 3347/6050/2782
f 3253/6051/2783 3260/5917/2689 3352/5928/2700 3348/5927/2699
f 3221/5982/2745 3282/5985/2746 3353/6054/2784 3305/6055/2785
f 3222/5989/2749 3254/6056/2786 3353/6054/2784 3282/5985/2746
f 3219/6057/2787 3305/6055/2785 3353/6054/2784 3254/6056/2786
f 3226/6001/2758 3227/6022/2767 3287/6020/2766 3286/5993/2753
f 3284/6005/2761 3285/6004/2760 3223/6010/2764 3222/5989/2749
f 3226/6001/2758 3238/6058/2788 3239/6059/2789 3227/6022/2767
f 3286/5993/2753 3287/6020/2766 3225/6019/2759 3224/5990/2750
f 3290/6023/2741 3227/6022/2767 3288/6060/2790 3354/6061/2744
f 3354/6061/2744 3288/6060/2790 3220/6062/2762 3291/6063/2730
f 3298/6064/2791 3301/6065/2792 3219/6057/2787 3218/6066/2793
f 3228/6067/2794 3302/6068/2795 3303/6069/2796 3229/6070/2797
f 3220/6062/2762 3288/6060/2790 3355/6071/2798 3241/6072/2799
f 3227/6022/2767 3239/6059/2789 3355/6071/2798 3288/6060/2790
f 3229/6070/2797 3241/6072/2799 3355/6071/2798 3239/6059/2789
f 3239/6059/2789 3238/6058/2788 3228/6067/2794 3229/6070/2797
f 3222/5989/2749 3223/6010/2764 3240/6073/2800 3254/6056/2786
f 3254/6056/2786 3240/6073/2800 3218/6066/2793 3219/6057/2787
f 3356/6074/2801 3303/6069/2796 3231/6075/2802 3300/6076/2803
f 3298/6064/2791 3356/6077/2801 3300/6078/2803 3232/6079/2804
f 3301/6065/2792 3298/6064/2791 3232/6079/2804 3233/6080/2805
f 3230/6081/2806 3299/6082/2807 3300/6076/2803 3231/6075/2802
f 3251/6083/2808 3357/6084/2809 3302/6068/2795 3228/6067/2794
f 3300/6078/2803 3299/6085/2807 3233/6080/2805 3232/6079/2804
f 3357/6086/2809 3301/6065/2792 3233/6080/2805 3299/6085/2807
f 3302/6068/2795 3357/6084/2809 3299/6082/2807 3230/6081/2806
f 3303/6069/2796 3302/6068/2795 3230/6081/2806 3231/6075/2802
f 3229/6070/2797 3303/6069/2796 3356/6074/2801 3256/6087/2810
f 3226/6001/2758 3289/6013/2765 3358/6088/2811 3238/6058/2788
f 3221/6015/2745 3304/6089/2812 3358/6088/2811 3289/6013/2765
f 3228/6067/2794 3238/6058/2788 3358/6088/2811 3304/6089/2812
f 3223/6010/2764 3283/6008/2763 3359/6090/2813 3240/6073/2800
f 3220/6007/2762 3245/6091/2814 3359/6090/2813 3283/6008/2763
f 3218/6066/2793 3240/6073/2800 3359/6090/2813 3245/6091/2814
f 3228/6067/2794 3304/6089/2812 3360/6092/2815 3251/6083/2808
f 3221/6015/2745 3305/6093/2785 3360/6092/2815 3304/6089/2812
f 3219/6057/2787 3251/6094/2808 3360/6095/2815 3305/6055/2785
f 3220/6007/2762 3241/6096/2799 3361/6097/2816 3245/6091/2814
f 3229/6070/2797 3256/6087/2810 3361/6098/2816 3241/6072/2799
f 3218/6066/2793 3245/6091/2814 3361/6097/2816 3256/6099/2810
f 3274/6052/2701 3234/5922/2694 3306/5899/2674 3349/5898/2673
f 3256/6099/2810 3356/6077/2801 3298/6064/2791 3218/6066/2793
f 3362/6100/2817 3457/6101/2818 3455/6102/2819
f 3363/6103/2820 3457/6101/2818 3362/6100/2817
f 3363/6103/2820 3364/6104/2821 3457/6101/2818
f 3456/6105/2822 3364/6104/2821 3363/6103/2820
f 3370/6106/2823 3368/6107/2824 3365/6108/2825
f 3370/6106/2823 3369/6109/2826 3368/6107/2824
f 3367/6110/2827 3369/6109/2826 3370/6106/2823
f 3367/6110/2827 3366/6111/2828 3369/6109/2826
f 3365/6112/2825 3371/6113/2829 3376/6114/2830 3370/6115/2823
f 3368/6116/2824 3372/6117/2831 3371/6113/2829 3365/6112/2825
f 3369/6118/2826 3373/6119/2832 3372/6117/2831 3368/6116/2824
f 3366/6120/2828 3374/6121/2833 3373/6122/2832 3369/6123/2826
f 3367/6124/2827 3375/6125/2834 3374/6121/2833 3366/6120/2828
f 3370/6115/2823 3376/6114/2830 3375/6125/2834 3367/6124/2827
f 3371/6113/2829 3377/6126/2835 3382/6127/2836 3376/6114/2830
f 3372/6117/2831 3378/6128/2837 3377/6126/2835 3371/6113/2829
f 3373/6119/2832 3379/6129/2838 3378/6128/2837 3372/6117/2831
f 3374/6121/2833 3380/6130/2839 3379/6131/2838 3373/6122/2832
f 3375/6125/2834 3381/6132/2840 3380/6130/2839 3374/6121/2833
f 3376/6114/2830 3382/6127/2836 3381/6132/2840 3375/6125/2834
f 3377/6126/2835 3383/6133/2841 3388/6134/2648 3382/6127/2836
f 3378/6128/2837 3384/6135/2842 3383/6133/2841 3377/6126/2835
f 3379/6129/2838 3385/6136/2647 3384/6135/2842 3378/6128/2837
f 3380/6130/2839 3386/6137/2843 3385/6138/2647 3379/6131/2838
f 3381/6132/2840 3387/6139/2844 3386/6137/2843 3380/6130/2839
f 3382/6127/2836 3388/6134/2648 3387/6139/2844 3381/6132/2840
f 3383/6133/2841 3389/6140/2845 3394/6141/3 3388/6134/2648
f 3384/6135/2842 3390/6142/2846 3389/6140/2845 3383/6133/2841
f 3385/6136/2647 3391/6143/12 3390/6142/2846 3384/6135/2842
f 3386/6137/2843 3392/6144/2847 3391/6145/12 3385/6138/2647
f 3387/6139/2844 3393/6146/2848 3392/6144/2847 3386/6137/2843
f 3388/6134/2648 3394/6141/3 3393/6146/2848 3387/6139/2844
f 3389/6140/2845 3395/6147/2849 3400/6148/2651 3394/6141/3
f 3390/6142/2846 3396/6149/2850 3395/6147/2849 3389/6140/2845
f 3391/6143/12 3397/6150/2650 3396/6149/2850 3390/6142/2846
f 3392/6144/2847 3398/6151/2851 3397/6152/2650 3391/6145/12
f 3393/6146/2848 3399/6153/2852 3398/6151/2851 3392/6144/2847
f 3394/6141/3 3400/6148/2651 3399/6153/2852 3393/6146/2848
f 3395/6147/2849 3401/6154/2853 3406/6155/2854 3400/6148/2651
f 3396/6149/2850 3402/6156/2855 3401/6154/2853 3395/6147/2849
f 3397/6150/2650 3403/6157/2856 3402/6156/2855 3396/6149/2850
f 3398/6151/2851 3404/6158/2857 3403/6159/2856 3397/6152/2650
f 3399/6153/2852 3405/6160/2858 3404/6158/2857 3398/6151/2851
f 3400/6148/2651 3406/6155/2854 3405/6160/2858 3399/6153/2852
f 3401/6154/2853 3407/6161/2859 3412/6162/2860 3406/6155/2854
f 3402/6156/2855 3408/6163/2861 3407/6161/2859 3401/6154/2853
f 3403/6157/2856 3409/6164/2862 3408/6163/2861 3402/6156/2855
f 3404/6158/2857 3410/6165/2863 3409/6166/2862 3403/6159/2856
f 3405/6160/2858 3411/6167/2864 3410/6165/2863 3404/6158/2857
f 3406/6155/2854 3412/6162/2860 3411/6167/2864 3405/6160/2858
f 3407/6161/2859 3413/6168/2865 3418/6169/2866 3412/6162/2860
f 3408/6163/2861 3414/6170/2867 3413/6168/2865 3407/6161/2859
f 3409/6164/2862 3415/6171/2868 3414/6170/2867 3408/6163/2861
f 3410/6165/2863 3416/6172/2869 3415/6173/2868 3409/6166/2862
f 3411/6167/2864 3417/6174/2870 3416/6172/2869 3410/6165/2863
f 3412/6162/2860 3418/6169/2866 3417/6174/2870 3411/6167/2864
f 3413/6168/2865 3419/6175/2871 3424/6176/2872 3418/6169/2866
f 3414/6170/2867 3420/6177/2873 3419/6175/2871 3413/6168/2865
f 3415/6171/2868 3421/6178/2874 3420/6177/2873 3414/6170/2867
f 3416/6172/2869 3422/6179/2875 3421/6180/2874 3415/6173/2868
f 3417/6174/2870 3423/6181/2876 3422/6179/2875 3416/6172/2869
f 3418/6169/2866 3424/6176/2872 3423/6181/2876 3417/6174/2870
f 3419/6175/2871 3425/6182/2877 3430/6183/2647 3424/6176/2872
f 3420/6177/2873 3426/6184/2878 3425/6182/2877 3419/6175/2871
f 3421/6178/2874 3427/6185/2648 3426/6184/2878 3420/6177/2873
f 3422/6179/2875 3428/6186/2879 3427/6187/2648 3421/6180/2874
f 3423/6181/2876 3429/6188/2880 3428/6186/2879 3422/6179/2875
f 3424/6176/2872 3430/6183/2647 3429/6188/2880 3423/6181/2876
f 3425/6182/2877 3431/6189/2881 3436/6190/12 3430/6183/2647
f 3426/6184/2878 3432/6191/2882 3431/6189/2881 3425/6182/2877
f 3427/6185/2648 3433/6192/3 3432/6191/2882 3426/6184/2878
f 3428/6186/2879 3434/6193/2883 3433/6194/3 3427/6187/2648
f 3429/6188/2880 3435/6195/2884 3434/6193/2883 3428/6186/2879
f 3430/6183/2647 3436/6190/12 3435/6195/2884 3429/6188/2880
f 3431/6189/2881 3437/6196/2885 3442/6197/2650 3436/6190/12
f 3432/6191/2882 3438/6198/2886 3437/6196/2885 3431/6189/2881
f 3433/6192/3 3439/6199/2651 3438/6198/2886 3432/6191/2882
f 3434/6193/2883 3440/6200/2887 3439/6201/2651 3433/6194/3
f 3435/6195/2884 3441/6202/2888 3440/6200/2887 3434/6193/2883
f 3436/6190/12 3442/6197/2650 3441/6202/2888 3435/6195/2884
f 3437/6196/2885 3443/6203/2889 3448/6204/2890 3442/6197/2650
f 3438/6198/2886 3444/6205/2891 3443/6203/2889 3437/6196/2885
f 3439/6199/2651 3445/6206/2892 3444/6205/2891 3438/6198/2886
f 3440/6200/2887 3446/6207/2893 3445/6208/2892 3439/6201/2651
f 3441/6202/2888 3447/6209/2894 3446/6207/2893 3440/6200/2887
f 3442/6197/2650 3448/6204/2890 3447/6209/2894 3441/6202/2888
f 3443/6203/2889 3449/6210/2895 3454/6211/2896 3448/6204/2890
f 3444/6205/2891 3450/6212/2897 3449/6210/2895 3443/6203/2889
f 3445/6206/2892 3451/6213/2898 3450/6212/2897 3444/6205/2891
f 3446/6207/2893 3452/6214/2899 3451/6215/2898 3445/6208/2892
f 3447/6209/2894 3453/6216/2900 3452/6214/2899 3446/6207/2893
f 3448/6204/2890 3454/6211/2896 3453/6216/2900 3447/6209/2894
f 3449/6210/2895 3455/6217/2819 3457/6218/2818 3454/6211/2896
f 3450/6212/2897 3362/6219/2817 3455/6217/2819 3449/6210/2895
f 3451/6213/2898 3363/6220/2820 3362/6219/2817 3450/6212/2897
f 3452/6214/2899 3456/6221/2822 3363/6222/2820 3451/6215/2898
f 3453/6216/2900 3364/6223/2821 3456/6221/2822 3452/6214/2899
f 3454/6211/2896 3457/6218/2818 3364/6223/2821 3453/6216/2900
f 3512/6224/2901 3460/6225/2902 3459/6226/2903 3511/6227/2904
f 3511/6228/2904 3459/6229/2903 3458/6230/2905 3510/6231/2906
f 3513/6232/2907 3461/6233/2908 3460/6225/2902 3512/6224/2901
f 3461/6233/2908 3465/6234/2909 3464/6235/2910 3460/6225/2902
f 3459/6229/2903 3463/6236/2911 3462/6237/2912 3458/6230/2905
f 3460/6225/2902 3464/6235/2910 3463/6238/2911 3459/6226/2903
f 3462/6237/2912 3466/6239/2913 3469/6240/2525 3465/6234/2909
f 3465/6234/2909 3469/6240/2525 3468/6241/2914 3464/6235/2910
f 3463/6236/2911 3467/6242/2915 3466/6239/2913 3462/6237/2912
f 3464/6235/2910 3468/6241/2914 3467/6243/2915 3463/6238/2911
f 3466/6239/2913 3470/6244/2916 3473/6245/3 3469/6240/2525
f 3469/6240/2525 3473/6245/3 3472/6246/2917 3468/6241/2914
f 3467/6242/2915 3471/6247/12 3470/6244/2916 3466/6239/2913
f 3468/6241/2914 3472/6246/2917 3471/6248/12 3467/6243/2915
f 3473/6249/3 3477/6250/2530 3476/6251/2918 3472/6252/2917
f 3510/6231/2906 3458/6230/2905 3461/6233/2908 3513/6232/2907
f 3471/6253/12 3475/6254/2919 3474/6255/2920 3470/6256/2916
f 3472/6252/2917 3476/6251/2918 3475/6257/2919 3471/6258/12
f 3474/6255/2920 3478/6259/2921 3481/6260/2922 3477/6250/2530
f 3477/6250/2530 3481/6260/2922 3480/6261/2923 3476/6251/2918
f 3475/6254/2919 3479/6262/2924 3478/6259/2921 3474/6255/2920
f 3476/6251/2918 3480/6261/2923 3479/6263/2924 3475/6257/2919
f 3478/6259/2921 3482/6264/2925 3485/6265/2926 3481/6260/2922
f 3482/6264/2925 3486/6266/2927 3489/6267/2928 3485/6265/2926
f 3479/6262/2924 3483/6268/2929 3482/6264/2925 3478/6259/2921
f 3480/6261/2923 3484/6269/2930 3483/6270/2929 3479/6263/2924
f 3470/6256/2916 3474/6255/2920 3477/6250/2530 3473/6249/3
f 3485/6265/2926 3489/6267/2928 3488/6271/2931 3484/6269/2930
f 3483/6268/2929 3487/6272/2932 3486/6266/2927 3482/6264/2925
f 3484/6269/2930 3488/6271/2931 3487/6273/2932 3483/6270/2929
f 3486/6266/2927 3490/6274/2933 3493/6275/2934 3489/6267/2928
f 3489/6267/2928 3493/6275/2934 3492/6276/2935 3488/6271/2931
f 3487/6272/2932 3491/6277/2936 3490/6274/2933 3486/6266/2927
f 3488/6271/2931 3492/6276/2935 3491/6278/2936 3487/6273/2932
f 3490/6274/2933 3494/6279/2937 3497/6280/2528 3493/6275/2934
f 3493/6275/2934 3497/6280/2528 3496/6281/2938 3492/6276/2935
f 3491/6277/2936 3495/6282/2939 3494/6279/2937 3490/6274/2933
f 3492/6276/2935 3496/6281/2938 3495/6283/2939 3491/6278/2936
f 3494/6279/2937 3498/6284/2940 3501/6285/12 3497/6280/2528
f 3497/6280/2528 3501/6285/12 3500/6286/2941 3496/6281/2938
f 3495/6282/2939 3499/6287/3 3498/6284/2940 3494/6279/2937
f 3496/6281/2938 3500/6286/2941 3499/6288/3 3495/6283/2939
f 3498/6289/2940 3502/6290/2942 3505/6291/2523 3501/6292/12
f 3501/6292/12 3505/6291/2523 3504/6293/2943 3500/6294/2941
f 3499/6295/3 3503/6296/2944 3502/6290/2942 3498/6289/2940
f 3500/6294/2941 3504/6293/2943 3503/6297/2944 3499/6298/3
f 3502/6290/2942 3506/6299/2945 3509/6300/2946 3505/6291/2523
f 3505/6291/2523 3509/6300/2946 3508/6301/2947 3504/6293/2943
f 3503/6296/2944 3507/6302/2948 3506/6299/2945 3502/6290/2942
f 3504/6293/2943 3508/6301/2947 3507/6303/2948 3503/6297/2944
f 3506/6299/2945 3510/6231/2906 3513/6232/2907 3509/6300/2946
f 3509/6300/2946 3513/6232/2907 3512/6224/2901 3508/6301/2947
f 3507/6302/2948 3511/6228/2904 3510/6231/2906 3506/6299/2945
f 3508/6301/2947 3512/6224/2901 3511/6227/2904 3507/6303/2948
f 3481/6260/2922 3485/6265/2926 3484/6269/2930 3480/6261/2923
f 3458/6230/2905 3462/6237/2912 3465/6234/2909 3461/6233/2908
f 3568/6304/2901 3516/6305/2902 3515/6306/2903 3567/6307/2904
f 3567/6308/2904 3515/6309/2903 3514/6310/2905 3566/6311/2906
f 3569/6312/2907 3517/6313/2908 3516/6305/2902 3568/6304/2901
f 3517/6313/2908 3521/6314/2909 3520/6315/2910 3516/6305/2902
f 3515/6309/2903 3519/6316/2911 3518/6317/2912 3514/6310/2905
f 3516/6305/2902 3520/6315/2910 3519/6318/2911 3515/6306/2903
f 3518/6317/2912 3522/6319/2913 3525/6320/2525 3521/6314/2909
f 3521/6314/2909 3525/6320/2525 3524/6321/2914 3520/6315/2910
f 3519/6316/2911 3523/6322/2915 3522/6319/2913 3518/6317/2912
f 3520/6315/2910 3524/6321/2914 3523/6323/2915 3519/6318/2911
f 3522/6319/2913 3526/6324/2916 3529/6325/3 3525/6320/2525
f 3525/6320/2525 3529/6325/3 3528/6326/2917 3524/6321/2914
f 3523/6322/2915 3527/6327/12 3526/6324/2916 3522/6319/2913
f 3524/6321/2914 3528/6326/2917 3527/6328/12 3523/6323/2915
f 3529/6329/3 3533/6330/2530 3532/6331/2918 3528/6332/2917
f 3566/6311/2906 3514/6310/2905 3517/6313/2908 3569/6312/2907
f 3527/6333/12 3531/6334/2919 3530/6335/2920 3526/6336/2916
f 3528/6332/2917 3532/6331/2918 3531/6337/2919 3527/6338/12
f 3530/6335/2920 3534/6339/2921 3537/6340/2922 3533/6330/2530
f 3533/6330/2530 3537/6340/2922 3536/6341/2923 3532/6331/2918
f 3531/6334/2919 3535/6342/2924 3534/6339/2921 3530/6335/2920
f 3532/6331/2918 3536/6341/2923 3535/6343/2924 3531/6337/2919
f 3534/6339/2921 3538/6344/2925 3541/6345/2926 3537/6340/2922
f 3538/6344/2925 3542/6346/2927 3545/6347/2928 3541/6345/2926
f 3535/6342/2924 3539/6348/2929 3538/6344/2925 3534/6339/2921
f 3536/6341/2923 3540/6349/2930 3539/6350/2929 3535/6343/2924
f 3526/6336/2916 3530/6335/2920 3533/6330/2530 3529/6329/3
f 3541/6345/2926 3545/6347/2928 3544/6351/2931 3540/6349/2930
f 3539/6348/2929 3543/6352/2932 3542/6346/2927 3538/6344/2925
f 3540/6349/2930 3544/6351/2931 3543/6353/2932 3539/6350/2929
f 3542/6346/2927 3546/6354/2933 3549/6355/2934 3545/6347/2928
f 3545/6347/2928 3549/6355/2934 3548/6356/2935 3544/6351/2931
f 3543/6352/2932 3547/6357/2936 3546/6354/2933 3542/6346/2927
f 3544/6351/2931 3548/6356/2935 3547/6358/2936 3543/6353/2932
f 3546/6354/2933 3550/6359/2937 3553/6360/2528 3549/6355/2934
f 3549/6355/2934 3553/6360/2528 3552/6361/2938 3548/6356/2935
f 3547/6357/2936 3551/6362/2939 3550/6359/2937 3546/6354/2933
f 3548/6356/2935 3552/6361/2938 3551/6363/2939 3547/6358/2936
f 3550/6359/2937 3554/6364/2940 3557/6365/12 3553/6360/2528
f 3553/6360/2528 3557/6365/12 3556/6366/2941 3552/6361/2938
f 3551/6362/2939 3555/6367/3 3554/6364/2940 3550/6359/2937
f 3552/6361/2938 3556/6366/2941 3555/6368/3 3551/6363/2939
f 3554/6369/2940 3558/6370/2942 3561/6371/2523 3557/6372/12
f 3557/6372/12 3561/6371/2523 3560/6373/2943 3556/6374/2941
f 3555/6375/3 3559/6376/2944 3558/6370/2942 3554/6369/2940
f 3556/6374/2941 3560/6373/2943 3559/6377/2944 3555/6378/3
f 3558/6370/2942 3562/6379/2945 3565/6380/2946 3561/6371/2523
f 3561/6371/2523 3565/6380/2946 3564/6381/2947 3560/6373/2943
f 3559/6376/2944 3563/6382/2948 3562/6379/2945 3558/6370/2942
f 3560/6373/2943 3564/6381/2947 3563/6383/2948 3559/6377/2944
f 3562/6379/2945 3566/6311/2906 3569/6312/2907 3565/6380/2946
f 3565/6380/2946 3569/6312/2907 3568/6304/2901 3564/6381/2947
f 3563/6382/2948 3567/6308/2904 3566/6311/2906 3562/6379/2945
f 3564/6381/2947 3568/6304/2901 3567/6307/2904 3563/6383/2948
f 3537/6340/2922 3541/6345/2926 3540/6349/2930 3536/6341/2923
f 3514/6310/2905 3518/6317/2912 3521/6314/2909 3517/6313/2908
f 3624/6384/2901 3572/6385/2902 3571/6386/2903 3623/6387/2904
f 3623/6388/2904 3571/6389/2903 3570/6390/2905 3622/6391/2906
f 3625/6392/2907 3573/6393/2908 3572/6385/2902 3624/6384/2901
f 3573/6393/2908 3577/6394/2909 3576/6395/2910 3572/6385/2902
f 3571/6389/2903 3575/6396/2911 3574/6397/2912 3570/6390/2905
f 3572/6385/2902 3576/6395/2910 3575/6398/2911 3571/6386/2903
f 3574/6397/2912 3578/6399/2913 3581/6400/2525 3577/6394/2909
f 3577/6394/2909 3581/6400/2525 3580/6401/2914 3576/6395/2910
f 3575/6396/2911 3579/6402/2915 3578/6399/2913 3574/6397/2912
f 3576/6395/2910 3580/6401/2914 3579/6403/2915 3575/6398/2911
f 3578/6399/2913 3582/6404/2916 3585/6405/3 3581/6400/2525
f 3581/6400/2525 3585/6405/3 3584/6406/2917 3580/6401/2914
f 3579/6402/2915 3583/6407/12 3582/6404/2916 3578/6399/2913
f 3580/6401/2914 3584/6406/2917 3583/6408/12 3579/6403/2915
f 3585/6409/3 3589/6410/2530 3588/6411/2918 3584/6412/2917
f 3622/6391/2906 3570/6390/2905 3573/6393/2908 3625/6392/2907
f 3583/6413/12 3587/6414/2919 3586/6415/2949 3582/6416/2916
f 3584/6412/2917 3588/6411/2918 3587/6417/2919 3583/6418/12
f 3586/6415/2949 3590/6419/2921 3593/6420/2922 3589/6410/2530
f 3589/6410/2530 3593/6420/2922 3592/6421/2923 3588/6411/2918
f 3587/6414/2919 3591/6422/2924 3590/6419/2921 3586/6415/2949
f 3588/6411/2918 3592/6421/2923 3591/6423/2924 3587/6417/2919
f 3590/6419/2921 3594/6424/2925 3597/6425/2926 3593/6420/2922
f 3594/6424/2925 3598/6426/2927 3601/6427/2928 3597/6425/2926
f 3591/6422/2924 3595/6428/2929 3594/6424/2925 3590/6419/2921
f 3592/6421/2923 3596/6429/2930 3595/6430/2929 3591/6423/2924
f 3582/6416/2916 3586/6415/2949 3589/6410/2530 3585/6409/3
f 3597/6425/2926 3601/6427/2928 3600/6431/2931 3596/6429/2930
f 3595/6428/2929 3599/6432/2932 3598/6426/2927 3594/6424/2925
f 3596/6429/2930 3600/6431/2931 3599/6433/2932 3595/6430/2929
f 3598/6426/2927 3602/6434/2933 3605/6435/2934 3601/6427/2928
f 3601/6427/2928 3605/6435/2934 3604/6436/2935 3600/6431/2931
f 3599/6432/2932 3603/6437/2936 3602/6434/2933 3598/6426/2927
f 3600/6431/2931 3604/6436/2935 3603/6438/2936 3599/6433/2932
f 3602/6434/2933 3606/6439/2937 3609/6440/2528 3605/6435/2934
f 3605/6435/2934 3609/6440/2528 3608/6441/2938 3604/6436/2935
f 3603/6437/2936 3607/6442/2939 3606/6439/2937 3602/6434/2933
f 3604/6436/2935 3608/6441/2938 3607/6443/2939 3603/6438/2936
f 3606/6439/2937 3610/6444/2940 3613/6445/12 3609/6440/2528
f 3609/6440/2528 3613/6445/12 3612/6446/2941 3608/6441/2938
f 3607/6442/2939 3611/6447/3 3610/6444/2940 3606/6439/2937
f 3608/6441/2938 3612/6446/2941 3611/6448/3 3607/6443/2939
f 3610/6449/2940 3614/6450/2942 3617/6451/2523 3613/6452/12
f 3613/6452/12 3617/6451/2523 3616/6453/2950 3612/6454/2941
f 3611/6455/3 3615/6456/2944 3614/6450/2942 3610/6449/2940
f 3612/6454/2941 3616/6453/2950 3615/6457/2944 3611/6458/3
f 3614/6450/2942 3618/6459/2945 3621/6460/2946 3617/6451/2523
f 3617/6451/2523 3621/6460/2946 3620/6461/2947 3616/6453/2950
f 3615/6456/2944 3619/6462/2948 3618/6459/2945 3614/6450/2942
f 3616/6453/2950 3620/6461/2947 3619/6463/2948 3615/6457/2944
f 3618/6459/2945 3622/6391/2906 3625/6392/2907 3621/6460/2946
f 3621/6460/2946 3625/6392/2907 3624/6384/2901 3620/6461/2947
f 3619/6462/2948 3623/6388/2904 3622/6391/2906 3618/6459/2945
f 3620/6461/2947 3624/6384/2901 3623/6387/2904 3619/6463/2948
f 3593/6420/2922 3597/6425/2926 3596/6429/2930 3592/6421/2923
f 3570/6390/2905 3574/6397/2912 3577/6394/2909 3573/6393/2908
f 3680/6464/2901 3628/6465/2902 3627/6466/2903 3679/6467/2904
f 3679/6468/2904 3627/6469/2903 3626/6470/2905 3678/6471/2906
f 3681/6472/2907 3629/6473/2908 3628/6465/2902 3680/6464/2901
f 3629/6473/2908 3633/6474/2909 3632/6475/2910 3628/6465/2902
f 3627/6469/2903 3631/6476/2911 3630/6477/2912 3626/6470/2905
f 3628/6465/2902 3632/6475/2910 3631/6478/2911 3627/6466/2903
f 3630/6477/2912 3634/6479/2913 3637/6480/2525 3633/6474/2909
f 3633/6474/2909 3637/6480/2525 3636/6481/2951 3632/6475/2910
f 3631/6476/2911 3635/6482/2915 3634/6479/2913 3630/6477/2912
f 3632/6475/2910 3636/6481/2951 3635/6483/2915 3631/6478/2911
f 3634/6479/2913 3638/6484/2916 3641/6485/3 3637/6480/2525
f 3637/6480/2525 3641/6485/3 3640/6486/2917 3636/6481/2951
f 3635/6482/2915 3639/6487/12 3638/6484/2916 3634/6479/2913
f 3636/6481/2951 3640/6486/2917 3639/6488/12 3635/6483/2915
f 3641/6489/3 3645/6490/2530 3644/6491/2918 3640/6492/2917
f 3678/6471/2906 3626/6470/2905 3629/6473/2908 3681/6472/2907
f 3639/6493/12 3643/6494/2919 3642/6495/2949 3638/6496/2916
f 3640/6492/2917 3644/6491/2918 3643/6497/2919 3639/6498/12
f 3642/6495/2949 3646/6499/2921 3649/6500/2922 3645/6490/2530
f 3645/6490/2530 3649/6500/2922 3648/6501/2923 3644/6491/2918
f 3643/6494/2919 3647/6502/2924 3646/6499/2921 3642/6495/2949
f 3644/6491/2918 3648/6501/2923 3647/6503/2924 3643/6497/2919
f 3646/6499/2921 3650/6504/2925 3653/6505/2926 3649/6500/2922
f 3650/6504/2925 3654/6506/2927 3657/6507/2928 3653/6505/2926
f 3647/6502/2924 3651/6508/2929 3650/6504/2925 3646/6499/2921
f 3648/6501/2923 3652/6509/2930 3651/6510/2929 3647/6503/2924
f 3638/6496/2916 3642/6495/2949 3645/6490/2530 3641/6489/3
f 3653/6505/2926 3657/6507/2928 3656/6511/2931 3652/6509/2930
f 3651/6508/2929 3655/6512/2932 3654/6506/2927 3650/6504/2925
f 3652/6509/2930 3656/6511/2931 3655/6513/2932 3651/6510/2929
f 3654/6506/2927 3658/6514/2933 3661/6515/2934 3657/6507/2928
f 3657/6507/2928 3661/6515/2934 3660/6516/2935 3656/6511/2931
f 3655/6512/2932 3659/6517/2936 3658/6514/2933 3654/6506/2927
f 3656/6511/2931 3660/6516/2935 3659/6518/2936 3655/6513/2932
f 3658/6514/2933 3662/6519/2937 3665/6520/2528 3661/6515/2934
f 3661/6515/2934 3665/6520/2528 3664/6521/2938 3660/6516/2935
f 3659/6517/2936 3663/6522/2939 3662/6519/2937 3658/6514/2933
f 3660/6516/2935 3664/6521/2938 3663/6523/2939 3659/6518/2936
f 3662/6519/2937 3666/6524/2940 3669/6525/12 3665/6520/2528
f 3665/6520/2528 3669/6525/12 3668/6526/2941 3664/6521/2938
f 3663/6522/2939 3667/6527/3 3666/6524/2940 3662/6519/2937
f 3664/6521/2938 3668/6526/2941 3667/6528/3 3663/6523/2939
f 3666/6529/2940 3670/6530/2942 3673/6531/2523 3669/6532/12
f 3669/6532/12 3673/6531/2523 3672/6533/2950 3668/6534/2941
f 3667/6535/3 3671/6536/2944 3670/6530/2942 3666/6529/2940
f 3668/6534/2941 3672/6533/2950 3671/6537/2944 3667/6538/3
f 3670/6530/2942 3674/6539/2945 3677/6540/2946 3673/6531/2523
f 3673/6531/2523 3677/6540/2946 3676/6541/2947 3672/6533/2950
f 3671/6536/2944 3675/6542/2948 3674/6539/2945 3670/6530/2942
f 3672/6533/2950 3676/6541/2947 3675/6543/2948 3671/6537/2944
f 3674/6539/2945 3678/6471/2906 3681/6472/2907 3677/6540/2946
f 3677/6540/2946 3681/6472/2907 3680/6464/2901 3676/6541/2947
f 3675/6542/2948 3679/6468/2904 3678/6471/2906 3674/6539/2945
f 3676/6541/2947 3680/6464/2901 3679/6467/2904 3675/6543/2948
f 3649/6500/2922 3653/6505/2926 3652/6509/2930 3648/6501/2923
f 3626/6470/2905 3630/6477/2912 3633/6474/2909 3629/6473/2908
f 3736/6544/2901 3684/6545/2902 3683/6546/2903 3735/6547/2904
f 3735/6548/2904 3683/6549/2903 3682/6550/2905 3734/6551/2906
f 3737/6552/2907 3685/6553/2908 3684/6545/2902 3736/6544/2901
f 3685/6553/2908 3689/6554/2909 3688/6555/2910 3684/6545/2902
f 3683/6549/2903 3687/6556/2911 3686/6557/2912 3682/6550/2905
f 3684/6545/2902 3688/6555/2910 3687/6558/2911 3683/6546/2903
f 3686/6557/2912 3690/6559/2913 3693/6560/2525 3689/6554/2909
f 3689/6554/2909 3693/6560/2525 3692/6561/2914 3688/6555/2910
f 3687/6556/2911 3691/6562/2915 3690/6559/2913 3686/6557/2912
f 3688/6555/2910 3692/6561/2914 3691/6563/2915 3687/6558/2911
f 3690/6559/2913 3694/6564/2916 3697/6565/3 3693/6560/2525
f 3693/6560/2525 3697/6565/3 3696/6566/2917 3692/6561/2914
f 3691/6562/2915 3695/6567/12 3694/6564/2916 3690/6559/2913
f 3692/6561/2914 3696/6566/2917 3695/6568/12 3691/6563/2915
f 3697/6569/3 3701/6570/2530 3700/6571/2918 3696/6572/2917
f 3734/6551/2906 3682/6550/2905 3685/6553/2908 3737/6552/2907
f 3695/6573/12 3699/6574/2919 3698/6575/2920 3694/6576/2916
f 3696/6572/2917 3700/6571/2918 3699/6577/2919 3695/6578/12
f 3698/6575/2920 3702/6579/2921 3705/6580/2922 3701/6570/2530
f 3701/6570/2530 3705/6580/2922 3704/6581/2923 3700/6571/2918
f 3699/6574/2919 3703/6582/2924 3702/6579/2921 3698/6575/2920
f 3700/6571/2918 3704/6581/2923 3703/6583/2924 3699/6577/2919
f 3702/6579/2921 3706/6584/2925 3709/6585/2926 3705/6580/2922
f 3706/6584/2925 3710/6586/2927 3713/6587/2928 3709/6585/2926
f 3703/6582/2924 3707/6588/2929 3706/6584/2925 3702/6579/2921
f 3704/6581/2923 3708/6589/2930 3707/6590/2929 3703/6583/2924
f 3694/6576/2916 3698/6575/2920 3701/6570/2530 3697/6569/3
f 3709/6585/2926 3713/6587/2928 3712/6591/2931 3708/6589/2930
f 3707/6588/2929 3711/6592/2932 3710/6586/2927 3706/6584/2925
f 3708/6589/2930 3712/6591/2931 3711/6593/2932 3707/6590/2929
f 3710/6586/2927 3714/6594/2933 3717/6595/2934 3713/6587/2928
f 3713/6587/2928 3717/6595/2934 3716/6596/2935 3712/6591/2931
f 3711/6592/2932 3715/6597/2936 3714/6594/2933 3710/6586/2927
f 3712/6591/2931 3716/6596/2935 3715/6598/2936 3711/6593/2932
f 3714/6594/2933 3718/6599/2937 3721/6600/2528 3717/6595/2934
f 3717/6595/2934 3721/6600/2528 3720/6601/2938 3716/6596/2935
f 3715/6597/2936 3719/6602/2939 3718/6599/2937 3714/6594/2933
f 3716/6596/2935 3720/6601/2938 3719/6603/2939 3715/6598/2936
f 3718/6599/2937 3722/6604/2940 3725/6605/12 3721/6600/2528
f 3721/6600/2528 3725/6605/12 3724/6606/2941 3720/6601/2938
f 3719/6602/2939 3723/6607/3 3722/6604/2940 3718/6599/2937
f 3720/6601/2938 3724/6606/2941 3723/6608/3 3719/6603/2939
f 3722/6609/2940 3726/6610/2942 3729/6611/2523 3725/6612/12
f 3725/6612/12 3729/6611/2523 3728/6613/2950 3724/6614/2941
f 3723/6615/3 3727/6616/2944 3726/6610/2942 3722/6609/2940
f 3724/6614/2941 3728/6613/2950 3727/6617/2944 3723/6618/3
f 3726/6610/2942 3730/6619/2945 3733/6620/2946 3729/6611/2523
f 3729/6611/2523 3733/6620/2946 3732/6621/2947 3728/6613/2950
f 3727/6616/2944 3731/6622/2948 3730/6619/2945 3726/6610/2942
f 3728/6613/2950 3732/6621/2947 3731/6623/2948 3727/6617/2944
f 3730/6619/2945 3734/6551/2906 3737/6552/2907 3733/6620/2946
f 3733/6620/2946 3737/6552/2907 3736/6544/2901 3732/6621/2947
f 3731/6622/2948 3735/6548/2904 3734/6551/2906 3730/6619/2945
f 3732/6621/2947 3736/6544/2901 3735/6547/2904 3731/6623/2948
f 3705/6580/2922 3709/6585/2926 3708/6589/2930 3704/6581/2923
f 3682/6550/2905 3686/6557/2912 3689/6554/2909 3685/6553/2908
f 3792/6624/2952 3740/6625/2953 3739/6626/2954 3791/6627/2955
f 3791/6628/2955 3739/6629/2954 3738/6630/2956 3790/6631/2957
f 3793/6632/2958 3741/6633/2959 3740/6625/2953 3792/6624/2952
f 3741/6633/2959 3745/6634/2960 3744/6635/2961 3740/6625/2953
f 3739/6629/2954 3743/6636/2962 3742/6637/2963 3738/6630/2956
f 3740/6625/2953 3744/6635/2961 3743/6638/2962 3739/6626/2954
f 3742/6637/2963 3746/6639/2964 3749/6640/2651 3745/6634/2960
f 3745/6634/2960 3749/6640/2651 3748/6641/2965 3744/6635/2961
f 3743/6636/2962 3747/6642/2966 3746/6639/2964 3742/6637/2963
f 3744/6635/2961 3748/6641/2965 3747/6643/2966 3743/6638/2962
f 3746/6639/2964 3750/6644/2967 3753/6645/3 3749/6640/2651
f 3749/6640/2651 3753/6645/3 3752/6646/2968 3748/6641/2965
f 3747/6642/2966 3751/6647/12 3750/6644/2967 3746/6639/2964
f 3748/6641/2965 3752/6646/2968 3751/6648/12 3747/6643/2966
f 3753/6649/3 3757/6650/2648 3756/6651/2969 3752/6652/2968
f 3790/6631/2957 3738/6630/2956 3741/6633/2959 3793/6632/2958
f 3751/6653/12 3755/6654/2970 3754/6655/2971 3750/6656/2967
f 3752/6652/2968 3756/6651/2969 3755/6657/2970 3751/6658/12
f 3754/6655/2971 3758/6659/2972 3761/6660/2973 3757/6650/2648
f 3757/6650/2648 3761/6660/2973 3760/6661/2974 3756/6651/2969
f 3755/6654/2970 3759/6662/2975 3758/6659/2972 3754/6655/2971
f 3756/6651/2969 3760/6661/2974 3759/6663/2975 3755/6657/2970
f 3758/6659/2972 3762/6664/2976 3765/6665/2977 3761/6660/2973
f 3762/6664/2976 3766/6666/2978 3769/6667/2979 3765/6665/2977
f 3759/6662/2975 3763/6668/2980 3762/6664/2976 3758/6659/2972
f 3760/6661/2974 3764/6669/2981 3763/6670/2980 3759/6663/2975
f 3750/6656/2967 3754/6655/2971 3757/6650/2648 3753/6649/3
f 3765/6665/2977 3769/6667/2979 3768/6671/2982 3764/6669/2981
f 3763/6668/2980 3767/6672/2983 3766/6666/2978 3762/6664/2976
f 3764/6669/2981 3768/6671/2982 3767/6673/2983 3763/6670/2980
f 3766/6666/2978 3770/6674/2984 3773/6675/2985 3769/6667/2979
f 3769/6667/2979 3773/6675/2985 3772/6676/2986 3768/6671/2982
f 3767/6672/2983 3771/6677/2987 3770/6674/2984 3766/6666/2978
f 3768/6671/2982 3772/6676/2986 3771/6678/2987 3767/6673/2983
f 3770/6674/2984 3774/6679/2988 3777/6680/2650 3773/6675/2985
f 3773/6675/2985 3777/6680/2650 3776/6681/2989 3772/6676/2986
f 3771/6677/2987 3775/6682/2990 3774/6679/2988 3770/6674/2984
f 3772/6676/2986 3776/6681/2989 3775/6683/2990 3771/6678/2987
f 3774/6679/2988 3778/6684/2991 3781/6685/12 3777/6680/2650
f 3777/6680/2650 3781/6685/12 3780/6686/2992 3776/6681/2989
f 3775/6682/2990 3779/6687/3 3778/6684/2991 3774/6679/2988
f 3776/6681/2989 3780/6686/2992 3779/6688/3 3775/6683/2990
f 3778/6689/2991 3782/6690/2993 3785/6691/2647 3781/6692/12
f 3781/6692/12 3785/6691/2647 3784/6693/2994 3780/6694/2992
f 3779/6695/3 3783/6696/2995 3782/6690/2993 3778/6689/2991
f 3780/6694/2992 3784/6693/2994 3783/6697/2995 3779/6698/3
f 3782/6690/2993 3786/6699/2996 3789/6700/2997 3785/6691/2647
f 3785/6691/2647 3789/6700/2997 3788/6701/2998 3784/6693/2994
f 3783/6696/2995 3787/6702/2999 3786/6699/2996 3782/6690/2993
f 3784/6693/2994 3788/6701/2998 3787/6703/2999 3783/6697/2995
f 3786/6699/2996 3790/6631/2957 3793/6632/2958 3789/6700/2997
f 3789/6700/2997 3793/6632/2958 3792/6624/2952 3788/6701/2998
f 3787/6702/2999 3791/6628/2955 3790/6631/2957 3786/6699/2996
f 3788/6701/2998 3792/6624/2952 3791/6627/2955 3787/6703/2999
f 3761/6660/2973 3765/6665/2977 3764/6669/2981 3760/6661/2974
f 3738/6630/2956 3742/6637/2963 3745/6634/2960 3741/6633/2959
f 3848/6704/2952 3796/6705/2953 3795/6706/2954 3847/6707/2955
f 3847/6708/2955 3795/6709/2954 3794/6710/2956 3846/6711/2957
f 3849/6712/2958 3797/6713/2959 3796/6705/2953 3848/6704/2952
f 3797/6713/2959 3801/6714/2960 3800/6715/2961 3796/6705/2953
f 3795/6709/2954 3799/6716/2962 3798/6717/2963 3794/6710/2956
f 3796/6705/2953 3800/6715/2961 3799/6718/2962 3795/6706/2954
f 3798/6717/2963 3802/6719/2964 3805/6720/2651 3801/6714/2960
f 3801/6714/2960 3805/6720/2651 3804/6721/2965 3800/6715/2961
f 3799/6716/2962 3803/6722/2966 3802/6719/2964 3798/6717/2963
f 3800/6715/2961 3804/6721/2965 3803/6723/2966 3799/6718/2962
f 3802/6719/2964 3806/6724/2967 3809/6725/3 3805/6720/2651
f 3805/6720/2651 3809/6725/3 3808/6726/2968 3804/6721/2965
f 3803/6722/2966 3807/6727/12 3806/6724/2967 3802/6719/2964
f 3804/6721/2965 3808/6726/2968 3807/6728/12 3803/6723/2966
f 3809/6729/3 3813/6730/2648 3812/6731/2969 3808/6732/2968
f 3846/6711/2957 3794/6710/2956 3797/6713/2959 3849/6712/2958
f 3807/6733/12 3811/6734/2970 3810/6735/2971 3806/6736/2967
f 3808/6732/2968 3812/6731/2969 3811/6737/2970 3807/6738/12
f 3810/6735/2971 3814/6739/2972 3817/6740/2973 3813/6730/2648
f 3813/6730/2648 3817/6740/2973 3816/6741/2974 3812/6731/2969
f 3811/6734/2970 3815/6742/2975 3814/6739/2972 3810/6735/2971
f 3812/6731/2969 3816/6741/2974 3815/6743/2975 3811/6737/2970
f 3814/6739/2972 3818/6744/2976 3821/6745/2977 3817/6740/2973
f 3818/6744/2976 3822/6746/2978 3825/6747/2979 3821/6745/2977
f 3815/6742/2975 3819/6748/2980 3818/6744/2976 3814/6739/2972
f 3816/6741/2974 3820/6749/2981 3819/6750/2980 3815/6743/2975
f 3806/6736/2967 3810/6735/2971 3813/6730/2648 3809/6729/3
f 3821/6745/2977 3825/6747/2979 3824/6751/2982 3820/6749/2981
f 3819/6748/2980 3823/6752/2983 3822/6746/2978 3818/6744/2976
f 3820/6749/2981 3824/6751/2982 3823/6753/2983 3819/6750/2980
f 3822/6746/2978 3826/6754/2984 3829/6755/2985 3825/6747/2979
f 3825/6747/2979 3829/6755/2985 3828/6756/2986 3824/6751/2982
f 3823/6752/2983 3827/6757/3000 3826/6754/2984 3822/6746/2978
f 3824/6751/2982 3828/6756/2986 3827/6758/3000 3823/6753/2983
f 3826/6754/2984 3830/6759/2988 3833/6760/2650 3829/6755/2985
f 3829/6755/2985 3833/6760/2650 3832/6761/2989 3828/6756/2986
f 3827/6757/3000 3831/6762/2990 3830/6759/2988 3826/6754/2984
f 3828/6756/2986 3832/6761/2989 3831/6763/2990 3827/6758/3000
f 3830/6759/2988 3834/6764/2991 3837/6765/12 3833/6760/2650
f 3833/6760/2650 3837/6765/12 3836/6766/2992 3832/6761/2989
f 3831/6762/2990 3835/6767/3 3834/6764/2991 3830/6759/2988
f 3832/6761/2989 3836/6766/2992 3835/6768/3 3831/6763/2990
f 3834/6769/2991 3838/6770/2993 3841/6771/2647 3837/6772/12
f 3837/6772/12 3841/6771/2647 3840/6773/2994 3836/6774/2992
f 3835/6775/3 3839/6776/2995 3838/6770/2993 3834/6769/2991
f 3836/6774/2992 3840/6773/2994 3839/6777/2995 3835/6778/3
f 3838/6770/2993 3842/6779/2996 3845/6780/2997 3841/6771/2647
f 3841/6771/2647 3845/6780/2997 3844/6781/2998 3840/6773/2994
f 3839/6776/2995 3843/6782/2999 3842/6779/2996 3838/6770/2993
f 3840/6773/2994 3844/6781/2998 3843/6783/2999 3839/6777/2995
f 3842/6779/2996 3846/6711/2957 3849/6712/2958 3845/6780/2997
f 3845/6780/2997 3849/6712/2958 3848/6704/2952 3844/6781/2998
f 3843/6782/2999 3847/6708/2955 3846/6711/2957 3842/6779/2996
f 3844/6781/2998 3848/6704/2952 3847/6707/2955 3843/6783/2999
f 3817/6740/2973 3821/6745/2977 3820/6749/2981 3816/6741/2974
f 3794/6710/2956 3798/6717/2963 3801/6714/2960 3797/6713/2959
f 3904/6784/2952 3852/6785/2953 3851/6786/2954 3903/6787/2955
f 3903/6788/2955 3851/6789/2954 3850/6790/2956 3902/6791/2957
f 3905/6792/2958 3853/6793/2959 3852/6785/2953 3904/6784/2952
f 3853/6793/2959 3857/6794/2960 3856/6795/2961 3852/6785/2953
f 3851/6789/2954 3855/6796/2962 3854/6797/2963 3850/6790/2956
f 3852/6785/2953 3856/6795/2961 3855/6798/2962 3851/6786/2954
f 3854/6797/2963 3858/6799/2964 3861/6800/2651 3857/6794/2960
f 3857/6794/2960 3861/6800/2651 3860/6801/3001 3856/6795/2961
f 3855/6796/2962 3859/6802/2966 3858/6799/2964 3854/6797/2963
f 3856/6795/2961 3860/6801/3001 3859/6803/2966 3855/6798/2962
f 3858/6799/2964 3862/6804/2967 3865/6805/3 3861/6800/2651
f 3861/6800/2651 3865/6805/3 3864/6806/2968 3860/6801/3001
f 3859/6802/2966 3863/6807/12 3862/6804/2967 3858/6799/2964
f 3860/6801/3001 3864/6806/2968 3863/6808/12 3859/6803/2966
f 3865/6809/3 3869/6810/2648 3868/6811/2969 3864/6812/2968
f 3902/6791/2957 3850/6790/2956 3853/6793/2959 3905/6792/2958
f 3863/6813/12 3867/6814/2970 3866/6815/3002 3862/6816/2967
f 3864/6812/2968 3868/6811/2969 3867/6817/2970 3863/6818/12
f 3866/6815/3002 3870/6819/2972 3873/6820/2973 3869/6810/2648
f 3869/6810/2648 3873/6820/2973 3872/6821/2974 3868/6811/2969
f 3867/6814/2970 3871/6822/2975 3870/6819/2972 3866/6815/3002
f 3868/6811/2969 3872/6821/2974 3871/6823/2975 3867/6817/2970
f 3870/6819/2972 3874/6824/2976 3877/6825/2977 3873/6820/2973
f 3874/6824/2976 3878/6826/2978 3881/6827/2979 3877/6825/2977
f 3871/6822/2975 3875/6828/2980 3874/6824/2976 3870/6819/2972
f 3872/6821/2974 3876/6829/2981 3875/6830/2980 3871/6823/2975
f 3862/6816/2967 3866/6815/3002 3869/6810/2648 3865/6809/3
f 3877/6825/2977 3881/6827/2979 3880/6831/2982 3876/6829/2981
f 3875/6828/2980 3879/6832/2983 3878/6826/2978 3874/6824/2976
f 3876/6829/2981 3880/6831/2982 3879/6833/2983 3875/6830/2980
f 3878/6826/2978 3882/6834/2984 3885/6835/2985 3881/6827/2979
f 3881/6827/2979 3885/6835/2985 3884/6836/2986 3880/6831/2982
f 3879/6832/2983 3883/6837/3000 3882/6834/2984 3878/6826/2978
f 3880/6831/2982 3884/6836/2986 3883/6838/3000 3879/6833/2983
f 3882/6834/2984 3886/6839/2988 3889/6840/2650 3885/6835/2985
f 3885/6835/2985 3889/6840/2650 3888/6841/2989 3884/6836/2986
f 3883/6837/3000 3887/6842/2990 3886/6839/2988 3882/6834/2984
f 3884/6836/2986 3888/6841/2989 3887/6843/2990 3883/6838/3000
f 3886/6839/2988 3890/6844/2991 3893/6845/12 3889/6840/2650
f 3889/6840/2650 3893/6845/12 3892/6846/2992 3888/6841/2989
f 3887/6842/2990 3891/6847/3 3890/6844/2991 3886/6839/2988
f 3888/6841/2989 3892/6846/2992 3891/6848/3 3887/6843/2990
f 3890/6849/2991 3894/6850/2993 3897/6851/2647 3893/6852/12
f 3893/6852/12 3897/6851/2647 3896/6853/2994 3892/6854/2992
f 3891/6855/3 3895/6856/2995 3894/6850/2993 3890/6849/2991
f 3892/6854/2992 3896/6853/2994 3895/6857/2995 3891/6858/3
f 3894/6850/2993 3898/6859/2996 3901/6860/2997 3897/6851/2647
f 3897/6851/2647 3901/6860/2997 3900/6861/2998 3896/6853/2994
f 3895/6856/2995 3899/6862/2999 3898/6859/2996 3894/6850/2993
f 3896/6853/2994 3900/6861/2998 3899/6863/2999 3895/6857/2995
f 3898/6859/2996 3902/6791/2957 3905/6792/2958 3901/6860/2997
f 3901/6860/2997 3905/6792/2958 3904/6784/2952 3900/6861/2998
f 3899/6862/2999 3903/6788/2955 3902/6791/2957 3898/6859/2996
f 3900/6861/2998 3904/6784/2952 3903/6787/2955 3899/6863/2999
f 3873/6820/2973 3877/6825/2977 3876/6829/2981 3872/6821/2974
f 3850/6790/2956 3854/6797/2963 3857/6794/2960 3853/6793/2959
f 3960/6864/2952 3908/6865/2953 3907/6866/2954 3959/6867/2955
f 3959/6868/2955 3907/6869/2954 3906/6870/2956 3958/6871/2957
f 3961/6872/2958 3909/6873/2959 3908/6865/2953 3960/6864/2952
f 3909/6873/2959 3913/6874/2960 3912/6875/2961 3908/6865/2953
f 3907/6869/2954 3911/6876/2962 3910/6877/2963 3906/6870/2956
f 3908/6865/2953 3912/6875/2961 3911/6878/2962 3907/6866/2954
f 3910/6877/2963 3914/6879/2964 3917/6880/2651 3913/6874/2960
f 3913/6874/2960 3917/6880/2651 3916/6881/2965 3912/6875/2961
f 3911/6876/2962 3915/6882/2966 3914/6879/2964 3910/6877/2963
f 3912/6875/2961 3916/6881/2965 3915/6883/2966 3911/6878/2962
f 3914/6879/2964 3918/6884/2967 3921/6885/3 3917/6880/2651
f 3917/6880/2651 3921/6885/3 3920/6886/2968 3916/6881/2965
f 3915/6882/2966 3919/6887/12 3918/6884/2967 3914/6879/2964
f 3916/6881/2965 3920/6886/2968 3919/6888/12 3915/6883/2966
f 3921/6889/3 3925/6890/2648 3924/6891/2969 3920/6892/2968
f 3958/6871/2957 3906/6870/2956 3909/6873/2959 3961/6872/2958
f 3919/6893/12 3923/6894/2970 3922/6895/2971 3918/6896/2967
f 3920/6892/2968 3924/6891/2969 3923/6897/2970 3919/6898/12
f 3922/6895/2971 3926/6899/2972 3929/6900/2973 3925/6890/2648
f 3925/6890/2648 3929/6900/2973 3928/6901/2974 3924/6891/2969
f 3923/6894/2970 3927/6902/2975 3926/6899/2972 3922/6895/2971
f 3924/6891/2969 3928/6901/2974 3927/6903/2975 3923/6897/2970
f 3926/6899/2972 3930/6904/2976 3933/6905/2977 3929/6900/2973
f 3930/6904/2976 3934/6906/2978 3937/6907/2979 3933/6905/2977
f 3927/6902/2975 3931/6908/2980 3930/6904/2976 3926/6899/2972
f 3928/6901/2974 3932/6909/2981 3931/6910/2980 3927/6903/2975
f 3918/6896/2967 3922/6895/2971 3925/6890/2648 3921/6889/3
f 3933/6905/2977 3937/6907/2979 3936/6911/2982 3932/6909/2981
f 3931/6908/2980 3935/6912/2983 3934/6906/2978 3930/6904/2976
f 3932/6909/2981 3936/6911/2982 3935/6913/2983 3931/6910/2980
f 3934/6906/2978 3938/6914/2984 3941/6915/2985 3937/6907/2979
f 3937/6907/2979 3941/6915/2985 3940/6916/2986 3936/6911/2982
f 3935/6912/2983 3939/6917/3000 3938/6914/2984 3934/6906/2978
f 3936/6911/2982 3940/6916/2986 3939/6918/3000 3935/6913/2983
f 3938/6914/2984 3942/6919/2988 3945/6920/2650 3941/6915/2985
f 3941/6915/2985 3945/6920/2650 3944/6921/2989 3940/6916/2986
f 3939/6917/3000 3943/6922/2990 3942/6919/2988 3938/6914/2984
f 3940/6916/2986 3944/6921/2989 3943/6923/2990 3939/6918/3000
f 3942/6919/2988 3946/6924/2991 3949/6925/12 3945/6920/2650
f 3945/6920/2650 3949/6925/12 3948/6926/2992 3944/6921/2989
f 3943/6922/2990 3947/6927/3 3946/6924/2991 3942/6919/2988
f 3944/6921/2989 3948/6926/2992 3947/6928/3 3943/6923/2990
f 3946/6929/2991 3950/6930/2993 3953/6931/2647 3949/6932/12
f 3949/6932/12 3953/6931/2647 3952/6933/2994 3948/6934/2992
f 3947/6935/3 3951/6936/2995 3950/6930/2993 3946/6929/2991
f 3948/6934/2992 3952/6933/2994 3951/6937/2995 3947/6938/3
f 3950/6930/2993 3954/6939/2996 3957/6940/2997 3953/6931/2647
f 3953/6931/2647 3957/6940/2997 3956/6941/2998 3952/6933/2994
f 3951/6936/2995 3955/6942/2999 3954/6939/2996 3950/6930/2993
f 3952/6933/2994 3956/6941/2998 3955/6943/2999 3951/6937/2995
f 3954/6939/2996 3958/6871/2957 3961/6872/2958 3957/6940/2997
f 3957/6940/2997 3961/6872/2958 3960/6864/2952 3956/6941/2998
f 3955/6942/2999 3959/6868/2955 3958/6871/2957 3954/6939/2996
f 3956/6941/2998 3960/6864/2952 3959/6867/2955 3955/6943/2999
f 3929/6900/2973 3933/6905/2977 3932/6909/2981 3928/6901/2974
f 3906/6870/2956 3910/6877/2963 3913/6874/2960 3909/6873/2959
f 4016/6944/2952 3964/6945/2953 3963/6946/2954 4015/6947/2955
f 4015/6948/2955 3963/6949/2954 3962/6950/2956 4014/6951/2957
f 4017/6952/2958 3965/6953/2959 3964/6945/2953 4016/6944/2952
f 3965/6953/2959 3969/6954/2960 3968/6955/2961 3964/6945/2953
f 3963/6949/2954 3967/6956/2962 3966/6957/2963 3962/6950/2956
f 3964/6945/2953 3968/6955/2961 3967/6958/2962 3963/6946/2954
f 3966/6957/2963 3970/6959/2964 3973/6960/2651 3969/6954/2960
f 3969/6954/2960 3973/6960/2651 3972/6961/2965 3968/6955/2961
f 3967/6956/2962 3971/6962/2966 3970/6959/2964 3966/6957/2963
f 3968/6955/2961 3972/6961/2965 3971/6963/2966 3967/6958/2962
f 3970/6959/2964 3974/6964/2967 3977/6965/3 3973/6960/2651
f 3973/6960/2651 3977/6965/3 3976/6966/2968 3972/6961/2965
f 3971/6962/2966 3975/6967/12 3974/6964/2967 3970/6959/2964
f 3972/6961/2965 3976/6966/2968 3975/6968/12 3971/6963/2966
f 3977/6969/3 3981/6970/2648 3980/6971/2969 3976/6972/2968
f 4014/6951/2957 3962/6950/2956 3965/6953/2959 4017/6952/2958
f 3975/6973/12 3979/6974/2970 3978/6975/2971 3974/6976/2967
f 3976/6972/2968 3980/6971/2969 3979/6977/2970 3975/6978/12
f 3978/6975/2971 3982/6979/2972 3985/6980/2973 3981/6970/2648
f 3981/6970/2648 3985/6980/2973 3984/6981/2974 3980/6971/2969
f 3979/6974/2970 3983/6982/2975 3982/6979/2972 3978/6975/2971
f 3980/6971/2969 3984/6981/2974 3983/6983/2975 3979/6977/2970
f 3982/6979/2972 3986/6984/2976 3989/6985/2977 3985/6980/2973
f 3986/6984/2976 3990/6986/2978 3993/6987/2979 3989/6985/2977
f 3983/6982/2975 3987/6988/2980 3986/6984/2976 3982/6979/2972
f 3984/6981/2974 3988/6989/2981 3987/6990/2980 3983/6983/2975
f 3974/6976/2967 3978/6975/2971 3981/6970/2648 3977/6969/3
f 3989/6985/2977 3993/6987/2979 3992/6991/2982 3988/6989/2981
f 3987/6988/2980 3991/6992/2983 3990/6986/2978 3986/6984/2976
f 3988/6989/2981 3992/6991/2982 3991/6993/2983 3987/6990/2980
f 3990/6986/2978 3994/6994/2984 3997/6995/2985 3993/6987/2979
f 3993/6987/2979 3997/6995/2985 3996/6996/2986 3992/6991/2982
f 3991/6992/2983 3995/6997/3000 3994/6994/2984 3990/6986/2978
f 3992/6991/2982 3996/6996/2986 3995/6998/3000 3991/6993/2983
f 3994/6994/2984 3998/6999/2988 4001/7000/2650 3997/6995/2985
f 3997/6995/2985 4001/7000/2650 4000/7001/2989 3996/6996/2986
f 3995/6997/3000 3999/7002/2990 3998/6999/2988 3994/6994/2984
f 3996/6996/2986 4000/7001/2989 3999/7003/2990 3995/6998/3000
f 3998/6999/2988 4002/7004/2991 4005/7005/12 4001/7000/2650
f 4001/7000/2650 4005/7005/12 4004/7006/2992 4000/7001/2989
f 3999/7002/2990 4003/7007/3 4002/7004/2991 3998/6999/2988
f 4000/7001/2989 4004/7006/2992 4003/7008/3 3999/7003/2990
f 4002/7009/2991 4006/7010/2993 4009/7011/2647 4005/7012/12
f 4005/7012/12 4009/7011/2647 4008/7013/2994 4004/7014/2992
f 4003/7015/3 4007/7016/2995 4006/7010/2993 4002/7009/2991
f 4004/7014/2992 4008/7013/2994 4007/7017/2995 4003/7018/3
f 4006/7010/2993 4010/7019/2996 4013/7020/2997 4009/7011/2647
f 4009/7011/2647 4013/7020/2997 4012/7021/2998 4008/7013/2994
f 4007/7016/2995 4011/7022/2999 4010/7019/2996 4006/7010/2993
f 4008/7013/2994 4012/7021/2998 4011/7023/2999 4007/7017/2995
f 4010/7019/2996 4014/6951/2957 4017/6952/2958 4013/7020/2997
f 4013/7020/2997 4017/6952/2958 4016/6944/2952 4012/7021/2998
f 4011/7022/2999 4015/6948/2955 4014/6951/2957 4010/7019/2996
f 4012/7021/2998 4016/6944/2952 4015/6947/2955 4011/7023/2999
f 3985/6980/2973 3989/6985/2977 3988/6989/2981 3984/6981/2974
f 3962/6950/2956 3966/6957/2963 3969/6954/2960 3965/6953/2959
f 4088/7024/3003 4035/7025/3004 4018/7026/35 4037/7027/3005
f 4043/7028/3006 4020/7029/3007 4021/7030/26 4046/7031/3008
f 4046/7031/3008 4021/7030/26 4022/7032/3009 4049/7033/3010
f 4049/7033/3010 4022/7032/3009 4023/7034/3011 4052/7035/3012
f 4052/7035/3012 4023/7034/3011 4024/7036/34 4055/7037/3013
f 4055/7037/3013 4024/7036/34 4025/7038/3014 4058/7039/3015
f 4058/7039/3015 4025/7038/3014 4026/7040/3016 4061/7041/3017
f 4061/7041/3017 4026/7040/3016 4027/7042/11 4064/7043/3018
f 4064/7043/3018 4027/7042/11 4028/7044/3019 4067/7045/3020
f 4067/7045/3020 4028/7044/3019 4029/7046/3021 4070/7047/3022
f 4070/7047/3022 4029/7046/3021 4030/7048/6 4073/7049/3023
f 4073/7049/3023 4030/7048/6 4031/7050/3024 4076/7051/3025
f 4076/7051/3025 4031/7050/3024 4032/7052/3026 4079/7053/3027
f 4079/7053/3027 4032/7052/3026 4033/7054/30 4082/7055/3028
f 4082/7055/3028 4033/7054/30 4034/7056/3029 4085/7057/3030
f 4085/7057/3030 4034/7056/3029 4035/7025/3004 4088/7024/3003
f 4040/7058/3031 4019/7059/3032 4020/7029/3007 4043/7028/3006
f 4037/7027/3005 4018/7026/35 4019/7060/3032 4040/7061/3031
f 4037/7062/3005 4040/7063/3031 4041/7064/3033 4038/7065/3034
f 4038/7065/3034 4041/7064/3033 4090/7066/3035 4091/7067/3036
f 4040/7063/3031 4043/7068/3006 4044/7069/3037 4041/7064/3033
f 4041/7064/3033 4044/7069/3037 4092/7070/3038 4090/7066/3035
f 4043/7068/3006 4046/7071/3008 4047/7072/3039 4044/7069/3037
f 4044/7069/3037 4047/7072/3039 4093/7073/3040 4092/7070/3038
f 4046/7071/3008 4049/7074/3010 4050/7075/3041 4047/7072/3039
f 4047/7072/3039 4050/7075/3041 4094/7076/3042 4093/7073/3040
f 4049/7074/3010 4052/7077/3012 4053/7078/3043 4050/7075/3041
f 4050/7075/3041 4053/7078/3043 4095/7079/3044 4094/7076/3042
f 4052/7077/3012 4055/7080/3013 4056/7081/3045 4053/7078/3043
f 4053/7078/3043 4056/7081/3045 4096/7082/3046 4095/7079/3044
f 4055/7080/3013 4058/7083/3015 4059/7084/3047 4056/7081/3045
f 4056/7081/3045 4059/7084/3047 4097/7085/3048 4096/7082/3046
f 4058/7083/3015 4061/7086/3017 4062/7087/3049 4059/7084/3047
f 4059/7084/3047 4062/7087/3049 4098/7088/3050 4097/7085/3048
f 4061/7086/3017 4064/7089/3018 4065/7090/3051 4062/7087/3049
f 4062/7087/3049 4065/7090/3051 4099/7091/3052 4098/7088/3050
f 4064/7089/3018 4067/7092/3020 4068/7093/3053 4065/7090/3051
f 4065/7090/3051 4068/7093/3053 4100/7094/3054 4099/7091/3052
f 4067/7092/3020 4070/7095/3022 4071/7096/3055 4068/7093/3053
f 4068/7093/3053 4071/7096/3055 4101/7097/3056 4100/7094/3054
f 4070/7095/3022 4073/7098/3023 4074/7099/3057 4071/7096/3055
f 4071/7096/3055 4074/7099/3057 4102/7100/3058 4101/7097/3056
f 4073/7098/3023 4076/7101/3025 4077/7102/3059 4074/7099/3057
f 4074/7099/3057 4077/7102/3059 4103/7103/3060 4102/7100/3058
f 4076/7101/3025 4079/7104/3027 4080/7105/3061 4077/7102/3059
f 4077/7102/3059 4080/7105/3061 4104/7106/3062 4103/7103/3060
f 4079/7104/3027 4082/7107/3028 4083/7108/3063 4080/7105/3061
f 4080/7105/3061 4083/7108/3063 4105/7109/3064 4104/7106/3062
f 4082/7107/3028 4085/7110/3030 4086/7111/3065 4083/7108/3063
f 4083/7108/3063 4086/7111/3065 4106/7112/3066 4105/7109/3064
f 4085/7110/3030 4088/7113/3003 4089/7114/3067 4086/7111/3065
f 4086/7111/3065 4089/7114/3067 4107/7115/3068 4106/7112/3066
f 4088/7113/3003 4037/7062/3005 4038/7065/3034 4089/7114/3067
f 4089/7114/3067 4038/7065/3034 4091/7067/3036 4107/7115/3068
f 4042/7116/3021 4045/7117/6 4111/7118/6 4110/7119/3021
f 4039/7120/3069 4036/7121/3070 4091/7067/3070 4090/7066/3069
f 4042/7122/3071 4039/7120/3069 4090/7066/3069 4092/7070/3071
f 4045/7123/3072 4042/7122/3071 4092/7070/3071 4093/7073/3072
f 4048/7124/3073 4045/7123/3072 4093/7073/3072 4094/7076/3073
f 4051/7125/3074 4048/7124/3073 4094/7076/3073 4095/7079/3074
f 4054/7126/3075 4051/7125/3074 4095/7079/3074 4096/7082/3075
f 4057/7127/3076 4054/7126/3075 4096/7082/3075 4097/7085/3076
f 4060/7128/3077 4057/7127/3076 4097/7085/3076 4098/7088/3077
f 4063/7129/3078 4060/7128/3077 4098/7088/3077 4099/7091/3078
f 4066/7130/3079 4063/7129/3078 4099/7091/3078 4100/7094/3079
f 4069/7131/3080 4066/7130/3079 4100/7094/3079 4101/7097/3080
f 4072/7132/3081 4069/7131/3080 4101/7097/3080 4102/7100/3081
f 4075/7133/3082 4072/7132/3081 4102/7100/3081 4103/7103/3082
f 4078/7134/3083 4075/7133/3082 4103/7103/3082 4104/7106/3083
f 4081/7135/3084 4078/7134/3083 4104/7106/3083 4105/7109/3084
f 4084/7136/3085 4081/7135/3084 4105/7109/3084 4106/7112/3085
f 4087/7137/3086 4084/7136/3085 4106/7112/3085 4107/7115/3086
f 4036/7121/3070 4087/7137/3086 4107/7115/3086 4091/7067/3070
f 4087/7138/3016 4036/7139/11 4109/7140/11 4125/7141/3016
f 4066/7142/3032 4069/7143/3007 4119/7144/3007 4118/7145/3032
f 4045/7117/6 4048/7146/3024 4112/7147/3024 4111/7118/6
f 4069/7143/3007 4072/7148/26 4120/7149/26 4119/7144/3007
f 4048/7146/3024 4051/7150/3026 4113/7151/3026 4112/7147/3024
f 4072/7148/26 4075/7152/3009 4121/7153/3009 4120/7149/26
f 4051/7150/3026 4054/7154/30 4114/7155/30 4113/7151/3026
f 4075/7156/3009 4078/7157/3011 4122/7158/3011 4121/7159/3009
f 4054/7154/30 4057/7160/3029 4115/7161/3029 4114/7155/30
f 4078/7157/3011 4081/7162/34 4123/7163/34 4122/7158/3011
f 4057/7160/3029 4060/7164/3004 4116/7165/3004 4115/7161/3029
f 4036/7139/11 4039/7166/3019 4108/7167/3019 4109/7140/11
f 4081/7162/34 4084/7168/3014 4124/7169/3014 4123/7163/34
f 4060/7164/3004 4063/7170/35 4117/7171/35 4116/7165/3004
f 4039/7166/3019 4042/7116/3021 4110/7119/3021 4108/7167/3019
f 4084/7168/3014 4087/7138/3016 4125/7141/3016 4124/7169/3014
f 4063/7170/35 4066/7142/3032 4118/7145/3032 4117/7171/35
f 4020/7172/3 4019/7173/3 4018/7174/3
f 4018/7174/3 4035/7175/3 4034/7176/3
f 4034/7176/3 4033/7177/3 4030/7178/3
f 4033/7177/3 4032/7179/3 4030/7178/3
f 4032/7179/3 4031/7180/3 4030/7178/3
f 4030/7178/3 4029/7181/3 4028/7182/3
f 4028/7182/3 4027/7183/3 4030/7178/3
f 4027/7183/3 4026/7184/3 4030/7178/3
f 4026/7184/3 4025/7185/3 4024/7186/3
f 4024/7186/3 4023/7187/3 4022/7188/3
f 4022/7188/3 4021/7189/3 4020/7172/3
f 4020/7172/3 4018/7174/3 4034/7176/3
f 4026/7184/3 4024/7186/3 4022/7188/3
f 4022/7188/3 4020/7172/3 4026/7184/3
f 4125/7190/12 4109/7191/12 4108/7192/12
f 4108/7192/12 4110/7193/12 4111/7194/12
f 4111/7194/12 4112/7195/12 4113/7196/12
f 4113/7196/12 4114/7197/12 4115/7198/12
f 4115/7198/12 4116/7199/12 4117/7200/12
f 4117/7200/12 4118/7201/12 4115/7198/12
f 4118/7201/12 4119/7202/12 4115/7198/12
f 4119/7202/12 4120/7203/12 4123/7204/12
f 4120/7203/12 4121/7205/12 4123/7204/12
f 4121/7205/12 4122/7206/12 4123/7204/12
f 4123/7204/12 4124/7207/12 4125/7190/12
f 4125/7190/12 4108/7192/12 4111/7194/12
f 4111/7194/12 4113/7196/12 4115/7198/12
f 4123/7204/12 4125/7190/12 4111/7194/12
f 4034/7176/3 4030/7178/3 4026/7184/3 4020/7172/3
f 4119/7202/12 4123/7204/12 4111/7194/12 4115/7198/12
f 4126/7208/3087 4130/7209/3088 4133/7210/3089 4129/7211/3090
f 4127/7212/3091 4131/7213/3092 4130/7209/3088 4126/7208/3087
f 4128/7214/3093 4132/7215/3094 4131/7213/3092 4127/7212/3091
f 4129/7211/3090 4133/7210/3089 4132/7216/3094 4128/7217/3093
f 4130/7209/3088 4134/7218/3095 4137/7219/3096 4133/7210/3089
f 4131/7213/3092 4135/7220/3097 4134/7218/3095 4130/7209/3088
f 4132/7215/3094 4136/7221/3098 4135/7220/3097 4131/7213/3092
f 4133/7210/3089 4137/7219/3096 4136/7222/3098 4132/7216/3094
f 4134/7218/3095 4138/7223/3099 4141/7224/3100 4137/7219/3096
f 4135/7220/3097 4139/7225/3101 4138/7223/3099 4134/7218/3095
f 4136/7221/3098 4140/7226/3102 4139/7225/3101 4135/7220/3097
f 4137/7219/3096 4141/7224/3100 4140/7227/3102 4136/7222/3098
f 4138/7223/3099 4142/7228/3103 4145/7229/3104 4141/7224/3100
f 4139/7225/3101 4143/7230/3105 4142/7228/3103 4138/7223/3099
f 4140/7226/3102 4144/7231/3106 4143/7230/3105 4139/7225/3101
f 4141/7224/3100 4145/7229/3104 4144/7232/3106 4140/7227/3102
f 4142/7228/3103 4146/7233/3107 4149/7234/3108 4145/7229/3104
f 4143/7230/3105 4147/7235/3109 4146/7233/3107 4142/7228/3103
f 4144/7231/3106 4148/7236/3110 4147/7235/3109 4143/7230/3105
f 4145/7229/3104 4149/7234/3108 4148/7237/3110 4144/7232/3106
f 4146/7233/3107 4150/7238/3111 4153/7239/3112 4149/7234/3108
f 4147/7235/3109 4151/7240/3113 4150/7238/3111 4146/7233/3107
f 4148/7236/3110 4152/7241/3114 4151/7240/3113 4147/7235/3109
f 4149/7234/3108 4153/7239/3112 4152/7242/3114 4148/7237/3110
f 4150/7238/3111 4154/7243/3115 4157/7244/3116 4153/7239/3112
f 4151/7240/3113 4155/7245/3117 4154/7243/3115 4150/7238/3111
f 4152/7241/3114 4156/7246/3118 4155/7245/3117 4151/7240/3113
f 4153/7239/3112 4157/7244/3116 4156/7247/3118 4152/7242/3114
f 4154/7243/3115 4158/7248/3119 4161/7249/3120 4157/7244/3116
f 4155/7245/3117 4159/7250/3121 4158/7248/3119 4154/7243/3115
f 4156/7246/3118 4160/7251/3122 4159/7250/3121 4155/7245/3117
f 4157/7244/3116 4161/7249/3120 4160/7252/3122 4156/7247/3118
f 4158/7248/3119 4162/7253/3123 4165/7254/3124 4161/7249/3120
f 4159/7250/3121 4163/7255/3125 4162/7253/3123 4158/7248/3119
f 4160/7251/3122 4164/7256/3126 4163/7255/3125 4159/7250/3121
f 4161/7249/3120 4165/7254/3124 4164/7257/3126 4160/7252/3122
f 4162/7253/3123 4166/7258/3127 4169/7259/3128 4165/7254/3124
f 4163/7255/3125 4167/7260/3129 4166/7258/3127 4162/7253/3123
f 4164/7256/3126 4168/7261/3130 4167/7260/3129 4163/7255/3125
f 4165/7254/3124 4169/7259/3128 4168/7262/3130 4164/7257/3126
f 4166/7258/3127 4170/7263/3131 4173/7264/3132 4169/7259/3128
f 4167/7260/3129 4171/7265/3133 4170/7263/3131 4166/7258/3127
f 4168/7261/3130 4172/7266/3134 4171/7265/3133 4167/7260/3129
f 4169/7259/3128 4173/7264/3132 4172/7267/3134 4168/7262/3130
f 4170/7263/3131 4174/7268/3135 4177/7269/3136 4173/7264/3132
f 4171/7265/3133 4175/7270/3137 4174/7268/3135 4170/7263/3131
f 4172/7266/3134 4176/7271/3138 4175/7270/3137 4171/7265/3133
f 4173/7264/3132 4177/7269/3136 4176/7272/3138 4172/7267/3134
f 4174/7268/3135 4178/7273/3139 4181/7274/3140 4177/7269/3136
f 4175/7270/3137 4179/7275/3141 4178/7273/3139 4174/7268/3135
f 4176/7271/3138 4180/7276/3142 4179/7275/3141 4175/7270/3137
f 4177/7269/3136 4181/7274/3140 4180/7277/3142 4176/7272/3138
f 4178/7273/3139 4182/7278/3143 4185/7279/3144 4181/7274/3140
f 4179/7275/3141 4183/7280/3145 4182/7278/3143 4178/7273/3139
f 4180/7276/3142 4184/7281/3146 4183/7280/3145 4179/7275/3141
f 4181/7274/3140 4185/7279/3144 4184/7282/3146 4180/7277/3142
f 4182/7278/3143 4186/7283/3147 4189/7284/3148 4185/7279/3144
f 4183/7280/3145 4187/7285/3149 4186/7283/3147 4182/7278/3143
f 4184/7281/3146 4188/7286/3150 4187/7285/3149 4183/7280/3145
f 4185/7279/3144 4189/7284/3148 4188/7287/3150 4184/7282/3146
f 4186/7283/3147 4190/7288/3151 4193/7289/3152 4189/7284/3148
f 4187/7285/3149 4191/7290/3153 4190/7288/3151 4186/7283/3147
f 4188/7286/3150 4192/7291/3154 4191/7290/3153 4187/7285/3149
f 4189/7284/3148 4193/7289/3152 4192/7292/3154 4188/7287/3150
f 4190/7293/3151 4194/7294/3155 4197/7295/3156 4193/7296/3152
f 4191/7297/3153 4195/7298/3157 4194/7294/3155 4190/7293/3151
f 4192/7299/3154 4196/7300/3158 4195/7298/3157 4191/7297/3153
f 4193/7296/3152 4197/7295/3156 4196/7301/3158 4192/7302/3154
f 4194/7294/3155 4198/7303/3159 4201/7304/3160 4197/7295/3156
f 4195/7298/3157 4199/7305/3161 4198/7303/3159 4194/7294/3155
f 4196/7300/3158 4200/7306/3162 4199/7305/3161 4195/7298/3157
f 4197/7295/3156 4201/7304/3160 4200/7307/3162 4196/7301/3158
f 4198/7303/3159 4202/7308/3163 4205/7309/3164 4201/7304/3160
f 4199/7305/3161 4203/7310/3165 4202/7308/3163 4198/7303/3159
f 4200/7306/3162 4204/7311/3166 4203/7310/3165 4199/7305/3161
f 4201/7304/3160 4205/7309/3164 4204/7312/3166 4200/7307/3162
f 4202/7308/3163 4206/7313/3167 4209/7314/3168 4205/7309/3164
f 4203/7310/3165 4207/7315/3169 4206/7313/3167 4202/7308/3163
f 4204/7311/3166 4208/7316/3170 4207/7315/3169 4203/7310/3165
f 4205/7309/3164 4209/7314/3168 4208/7317/3170 4204/7312/3166
f 4206/7313/3167 4210/7318/3171 4213/7319/3172 4209/7314/3168
f 4207/7315/3169 4211/7320/3173 4210/7318/3171 4206/7313/3167
f 4208/7316/3170 4212/7321/3174 4211/7320/3173 4207/7315/3169
f 4209/7314/3168 4213/7319/3172 4212/7322/3174 4208/7317/3170
f 4210/7318/3171 4214/7323/3175 4217/7324/3176 4213/7319/3172
f 4211/7320/3173 4215/7325/3177 4214/7323/3175 4210/7318/3171
f 4212/7321/3174 4216/7326/3178 4215/7325/3177 4211/7320/3173
f 4213/7319/3172 4217/7324/3176 4216/7327/3178 4212/7322/3174
f 4214/7323/3175 4218/7328/3179 4221/7329/3180 4217/7324/3176
f 4215/7325/3177 4219/7330/3181 4218/7328/3179 4214/7323/3175
f 4216/7326/3178 4220/7331/3182 4219/7330/3181 4215/7325/3177
f 4217/7324/3176 4221/7329/3180 4220/7332/3182 4216/7327/3178
f 4218/7328/3179 4222/7333/3183 4225/7334/3184 4221/7329/3180
f 4219/7330/3181 4223/7335/3185 4222/7333/3183 4218/7328/3179
f 4220/7331/3182 4224/7336/3186 4223/7335/3185 4219/7330/3181
f 4221/7329/3180 4225/7334/3184 4224/7337/3186 4220/7332/3182
f 4231/7338/3187 4233/7339/3188 4230/7340/3188 4229/7341/3187
f 4233/7339/3188 4232/7342/3189 4228/7343/3189 4230/7340/3188
f 4237/7344/3190 4235/7345/3190 4236/7346/3191 4239/7347/3191
f 4239/7347/3191 4236/7346/3191 4234/7348/3192 4238/7349/3192
f 4243/7350/4 4267/7351/3193 4272/7352/3193 4263/7353/4
f 4240/7354/3194 4226/7355/3195 4227/7356/3195 4241/7357/3194
f 4229/7341/3187 4240/7354/3194 4241/7357/3194 4231/7338/3187
f 4238/7349/3192 4234/7348/3192 4228/7343/3189 4232/7342/3189
f 4244/7358/3196 4243/7359/3196 4242/7360/3197 4245/7361/3197
f 4235/7345/3190 4237/7344/3190 4245/7361/3197 4242/7360/3197
f 4251/7362/3198 4249/7363/3198 4250/7364/3199 4253/7365/3199
f 4253/7365/3199 4250/7364/3199 4248/7366/3200 4252/7367/3200
f 4257/7368/3201 4259/7369/3202 4256/7370/3202 4255/7371/3201
f 4259/7369/3202 4258/7372/3203 4254/7373/3203 4256/7370/3202
f 4260/7374/3204 4261/7375/3204 4247/7376/3205 4246/7377/3205
f 4249/7363/3198 4251/7362/3198 4261/7375/3204 4260/7374/3204
f 4258/7372/3203 4252/7367/3200 4248/7366/3200 4254/7373/3203
f 4264/7378/3206 4265/7379/3207 4262/7380/3207 4263/7381/3206
f 4255/7371/3201 4262/7380/3207 4265/7379/3207 4257/7368/3201
f 4227/7382/3208 4226/7383/3208 4246/7384/3208 4247/7385/3208
f 4266/7386/3209 4268/7387/3209 4267/7388/3209
f 4226/7389/4 4240/7390/4 4260/7391/4 4246/7392/4
f 4241/7393/38 4227/7394/38 4247/7395/38 4261/7396/38
f 4229/7397/4 4230/7398/4 4250/7399/4 4249/7400/4
f 4240/7390/4 4229/7397/4 4249/7400/4 4260/7391/4
f 4230/7398/4 4228/7401/4 4248/7402/4 4250/7399/4
f 4237/7403/38 4239/7404/38 4259/7405/38 4257/7406/38
f 4236/7407/4 4235/7408/4 4255/7409/4 4256/7410/4
f 4239/7404/38 4238/7411/38 4258/7412/38 4259/7405/38
f 4234/7413/4 4236/7407/4 4256/7410/4 4254/7414/4
f 4233/7415/38 4231/7416/38 4251/7417/38 4253/7418/38
f 4232/7419/38 4233/7415/38 4253/7418/38 4252/7420/38
f 4231/7416/38 4241/7393/38 4261/7396/38 4251/7417/38
f 4238/7411/38 4232/7419/38 4252/7420/38 4258/7412/38
f 4228/7401/4 4234/7413/4 4254/7414/4 4248/7402/4
f 4244/7421/38 4245/7422/38 4265/7423/38 4264/7424/38
f 4242/7425/4 4243/7350/4 4263/7353/4 4262/7426/4
f 4235/7408/4 4242/7425/4 4262/7426/4 4255/7409/4
f 4245/7422/38 4237/7403/38 4257/7406/38 4265/7423/38
f 4269/7427/3210 4244/7421/38 4264/7424/38 4276/7428/3210
f 4264/7378/3206 4275/7429/3211 4276/7430/3211
f 4266/7431/3212 4273/7432/3212 4274/7433/3213 4268/7434/3214
f 4268/7434/3214 4274/7433/3213 4272/7352/3193 4267/7351/3193
f 4269/7427/3210 4276/7428/3210 4277/7435/3215 4271/7436/3216
f 4271/7437/3216 4277/7438/3215 4275/7439/3217 4270/7440/3217
f 4266/7431/3212 4270/7440/3217 4275/7439/3217 4273/7432/3212
f 4267/7388/3209 4243/7359/3196 4266/7386/3209
f 4273/7441/3211 4275/7429/3211 4264/7378/3206 4263/7381/3206
f 4244/7358/3196 4269/7442/3209 4270/7443/3209
f 4269/7442/3209 4271/7444/3209 4270/7443/3209
f 4263/7381/3206 4272/7445/3211 4273/7441/3211
f 4272/7445/3211 4274/7446/3211 4273/7441/3211
f 4275/7429/3211 4277/7447/3211 4276/7430/3211
f 4270/7443/3209 4266/7386/3209 4243/7359/3196 4244/7358/3196
f 3219/6057/2787 3301/6065/2792 3357/6086/2809 3251/6094/2808
f 4281/7448/3218 4358/7449/3219 4285/7450/3220 4286/7451/3221
f 4280/7452/3222 4279/7453/3223 4283/7454/3224 4284/7455/3225
f 4287/7456/3226 4395/7457/3227 4398/7458/3228 4292/7459/3229
f 4322/7460/12 4281/7448/3218 4286/7451/3221
f 4358/7449/3219 4280/7452/3222 4284/7455/3225 4285/7450/3220
f 4279/7453/3223 4278/7461/3230 4282/7462/3231 4283/7454/3224
f 4284/7455/3225 4283/7454/3224 4288/7463/3232 4289/7464/3233
f 4392/7465/3234 4436/7466/3235 4390/7467/3236 4360/7468/3237
f 4322/7460/12 4286/7451/3221 4291/7469/3238
f 4285/7450/3220 4284/7455/3225 4289/7464/3233 4290/7470/3239
f 4283/7454/3224 4282/7462/3231 4287/7456/3226 4288/7463/3232
f 4286/7451/3221 4285/7450/3220 4290/7470/3239 4291/7469/3238
f 4322/7460/12 4291/7469/3238 4296/7471/3240
f 4290/7470/3239 4289/7464/3233 4294/7472/3241 4295/7473/3242
f 4288/7463/3232 4287/7456/3226 4292/7459/3229 4293/7474/3243
f 4291/7469/3238 4290/7470/3239 4295/7473/3242 4296/7471/3240
f 4289/7464/3233 4288/7463/3232 4293/7474/3243 4294/7472/3241
f 4397/7475/3244 4394/7476/3245 4362/7477/3246 4364/7478/3247
f 4293/7474/3243 4292/7459/3229 4297/7479/3248 4298/7480/3249
f 4296/7471/3240 4295/7473/3242 4300/7481/3250 4301/7482/3251
f 4294/7472/3241 4293/7474/3243 4298/7480/3249 4299/7483/3252
f 4400/7484/3253 4397/7475/3244 4364/7478/3247 4366/7485/3254
f 4322/7460/12 4296/7471/3240 4301/7482/3251
f 4295/7473/3242 4294/7472/3241 4299/7483/3252 4300/7481/3250
f 4301/7486/3251 4300/7487/3250 4305/7488/3255 4306/7489/3256
f 4299/7490/3252 4298/7491/3249 4303/7492/3257 4304/7493/3258
f 4403/7494/3259 4400/7495/3253 4366/7496/3254 4368/7497/3260
f 4322/7498/12 4301/7486/3251 4306/7489/3256
f 4300/7487/3250 4299/7490/3252 4304/7493/3258 4305/7488/3255
f 4298/7491/3249 4297/7499/3248 4302/7500/3261 4303/7492/3257
f 4406/7501/3262 4403/7494/3259 4368/7497/3260 4370/7502/3263
f 4322/7498/12 4306/7489/3256 4311/7503/3264
f 4305/7488/3255 4304/7493/3258 4309/7504/3265 4310/7505/3266
f 4303/7492/3257 4302/7500/3261 4307/7506/3267 4308/7507/3268
f 4306/7489/3256 4305/7488/3255 4310/7505/3266 4311/7503/3264
f 4304/7493/3258 4303/7492/3257 4308/7507/3268 4309/7504/3265
f 4322/7498/12 4311/7503/3264 4316/7508/3269
f 4310/7505/3266 4309/7504/3265 4314/7509/3270 4315/7510/3271
f 4308/7507/3268 4307/7506/3267 4312/7511/3272 4313/7512/3273
f 4311/7503/3264 4310/7505/3266 4315/7510/3271 4316/7508/3269
f 4309/7504/3265 4308/7507/3268 4313/7512/3273 4314/7509/3270
f 4409/7513/3274 4406/7501/3262 4370/7502/3263 4372/7514/3275
f 4316/7508/3269 4315/7510/3271 4320/7515/3276 4321/7516/3277
f 4314/7509/3270 4313/7512/3273 4318/7517/3278 4319/7518/3279
f 4412/7519/3280 4409/7513/3274 4372/7514/3275 4374/7520/3281
f 4322/7498/12 4316/7508/3269 4321/7516/3277
f 4315/7510/3271 4314/7509/3270 4319/7518/3279 4320/7515/3276
f 4313/7512/3273 4312/7511/3272 4317/7521/3282 4318/7517/3278
f 4321/7522/3277 4320/7523/3276 4326/7524/3283 4327/7525/3284
f 4319/7526/3279 4318/7527/3278 4324/7528/3285 4325/7529/3286
f 4415/7530/3287 4412/7531/3280 4374/7532/3281 4376/7533/3288
f 4297/7499/3248 4401/7534/3289 4404/7535/3290 4302/7500/3261
f 4322/7536/12 4321/7522/3277 4327/7525/3284
f 4320/7523/3276 4319/7526/3279 4325/7529/3286 4326/7524/3283
f 4318/7527/3278 4317/7537/3282 4323/7538/3291 4324/7528/3285
f 4317/7537/3282 4413/7539/3292 4416/7540/3293 4323/7538/3291
f 4333/7541/3294 4422/7542/3295 4425/7543/3296 4338/7544/3297
f 4322/7536/12 4327/7525/3284 4332/7545/3298
f 4326/7524/3283 4325/7529/3286 4330/7546/3299 4331/7547/3300
f 4324/7528/3285 4323/7538/3291 4328/7548/3301 4329/7549/3302
f 4394/7476/3245 4392/7465/3234 4360/7468/3237 4362/7477/3246
f 4327/7525/3284 4326/7524/3283 4331/7547/3300 4332/7545/3298
f 4325/7529/3286 4324/7528/3285 4329/7549/3302 4330/7546/3299
f 4418/7550/3303 4415/7530/3287 4376/7533/3288 4378/7551/3304
f 4331/7547/3300 4330/7546/3299 4335/7552/3305 4336/7553/3306
f 4329/7549/3302 4328/7548/3301 4333/7554/3294 4334/7555/3307
f 4338/7544/3297 4425/7543/3296 4428/7556/3308 4343/7557/3309
f 4332/7545/3298 4331/7547/3300 4336/7553/3306 4337/7558/3310
f 4330/7546/3299 4329/7549/3302 4334/7555/3307 4335/7552/3305
f 4421/7559/3311 4418/7550/3303 4378/7551/3304 4380/7560/3312
f 4312/7511/3272 4410/7561/3313 4413/7562/3292 4317/7521/3282
f 4322/7536/12 4332/7545/3298 4337/7558/3310
f 4337/7563/3310 4336/7564/3306 4341/7565/3314 4342/7566/3315
f 4335/7567/3305 4334/7568/3307 4339/7569/3316 4340/7570/3317
f 4424/7571/3318 4421/7572/3311 4380/7573/3312 4382/7574/3319
f 4292/7459/3229 4398/7458/3228 4401/7575/3289 4297/7479/3248
f 4322/7576/12 4337/7563/3310 4342/7566/3315
f 4336/7564/3306 4335/7567/3305 4340/7570/3317 4341/7565/3314
f 4334/7568/3307 4333/7541/3294 4338/7544/3297 4339/7569/3316
f 4278/7461/3230 4437/7577/3320 4391/7578/3321 4282/7462/3231
f 4340/7570/3317 4339/7569/3316 4344/7579/3322 4345/7580/3323
f 4427/7581/3324 4424/7571/3318 4382/7574/3319 4384/7582/3325
f 4353/7583/3326 4434/7584/3327 4437/7585/3320 4278/7586/3230
f 4322/7576/12 4342/7566/3315 4347/7587/3328
f 4341/7565/3314 4340/7570/3317 4345/7580/3323 4346/7588/3329
f 4339/7569/3316 4338/7544/3297 4343/7557/3309 4344/7579/3322
f 4342/7566/3315 4341/7565/3314 4346/7588/3329 4347/7587/3328
f 4322/7576/12 4347/7587/3328 4352/7589/3330
f 4346/7588/3329 4345/7580/3323 4350/7590/3331 4351/7591/3332
f 4344/7579/3322 4343/7557/3309 4348/7592/3333 4349/7593/3334
f 4323/7538/3291 4416/7540/3293 4419/7594/3335 4328/7548/3301
f 4347/7587/3328 4346/7588/3329 4351/7591/3332 4352/7589/3330
f 4345/7580/3323 4344/7579/3322 4349/7593/3334 4350/7590/3331
f 4430/7595/3336 4427/7581/3324 4384/7582/3325 4386/7596/3337
f 4307/7506/3267 4407/7597/3338 4410/7561/3313 4312/7511/3272
f 4349/7593/3334 4348/7592/3333 4353/7583/3326 4354/7598/3339
f 4328/7548/3301 4419/7594/3335 4422/7599/3295 4333/7554/3294
f 4352/7589/3330 4351/7591/3332 4356/7600/3340 4357/7601/3341
f 4350/7590/3331 4349/7593/3334 4354/7598/3339 4355/7602/3342
f 4433/7603/3343 4430/7595/3336 4386/7596/3337 4388/7604/3344
f 4348/7592/3333 4431/7605/3345 4434/7584/3327 4353/7583/3326
f 4322/7576/12 4352/7589/3330 4357/7601/3341
f 4351/7591/3332 4350/7590/3331 4355/7602/3342 4356/7600/3340
f 4357/7601/3341 4356/7600/3340 4358/7606/3219 4281/7607/3218
f 4355/7602/3342 4354/7598/3339 4279/7608/3223 4280/7609/3222
f 4436/7610/3235 4433/7603/3343 4388/7604/3344 4390/7611/3236
f 4343/7557/3309 4428/7556/3308 4431/7605/3345 4348/7592/3333
f 4322/7576/12 4357/7601/3341 4281/7607/3218
f 4356/7600/3340 4355/7602/3342 4280/7609/3222 4358/7606/3219
f 4354/7598/3339 4353/7583/3326 4278/7586/3230 4279/7608/3223
f 4302/7500/3261 4404/7535/3290 4407/7597/3338 4307/7506/3267
f 4390/7467/3236 4389/7612/3346 4359/7613/3347 4360/7468/3237
f 4360/7468/3237 4359/7613/3347 4361/7614/3348 4362/7477/3246
f 4362/7477/3246 4361/7614/3348 4363/7615/3349 4364/7478/3247
f 4364/7478/3247 4363/7615/3349 4365/7616/3350 4366/7485/3254
f 4366/7496/3254 4365/7617/3350 4367/7618/3351 4368/7497/3260
f 4368/7497/3260 4367/7618/3351 4369/7619/3352 4370/7502/3263
f 4370/7502/3263 4369/7619/3352 4371/7620/3353 4372/7514/3275
f 4372/7514/3275 4371/7620/3353 4373/7621/3354 4374/7520/3281
f 4374/7532/3281 4373/7622/3354 4375/7623/3355 4376/7533/3288
f 4376/7533/3288 4375/7623/3355 4377/7624/3356 4378/7551/3304
f 4378/7551/3304 4377/7624/3356 4379/7625/3357 4380/7560/3312
f 4380/7573/3312 4379/7626/3357 4381/7627/3358 4382/7574/3319
f 4382/7574/3319 4381/7627/3358 4383/7628/3359 4384/7582/3325
f 4384/7582/3325 4383/7628/3359 4385/7629/3360 4386/7596/3337
f 4385/7630/3360 4383/7631/3359 4381/7632/3358 4379/7633/3357 4377/7634/3356 4375/7635/3355 4373/7636/3354 4371/7637/3353 4369/7638/3352 4367/7639/3351 4365/7640/3350 4363/7641/3349 4361/7642/3348 4359/7643/3347 4389/7644/3346 4387/7645/3361
f 4386/7596/3337 4385/7629/3360 4387/7646/3361 4388/7604/3344
f 4388/7604/3344 4387/7646/3361 4389/7647/3346 4390/7611/3236
f 4392/7465/3234 4394/7476/3245 4396/7648/3362 4393/7649/3363
f 4393/7649/3363 4396/7648/3362 4395/7457/3227 4391/7578/3321
f 4398/7458/3228 4395/7457/3227 4396/7648/3362 4399/7650/3364
f 4399/7650/3364 4396/7648/3362 4394/7476/3245 4397/7475/3244
f 4401/7575/3289 4398/7458/3228 4399/7650/3364 4402/7651/3365
f 4402/7651/3365 4399/7650/3364 4397/7475/3244 4400/7484/3253
f 4400/7495/3253 4403/7494/3259 4405/7652/3366 4402/7653/3365
f 4402/7653/3365 4405/7652/3366 4404/7535/3290 4401/7534/3289
f 4403/7494/3259 4406/7501/3262 4408/7654/3367 4405/7652/3366
f 4405/7652/3366 4408/7654/3367 4407/7597/3338 4404/7535/3290
f 4410/7561/3313 4407/7597/3338 4408/7654/3367 4411/7655/3368
f 4411/7655/3368 4408/7654/3367 4406/7501/3262 4409/7513/3274
f 4413/7562/3292 4410/7561/3313 4411/7655/3368 4414/7656/3369
f 4414/7656/3369 4411/7655/3368 4409/7513/3274 4412/7519/3280
f 4412/7531/3280 4415/7530/3287 4417/7657/3370 4414/7658/3369
f 4414/7658/3369 4417/7657/3370 4416/7540/3293 4413/7539/3292
f 4419/7594/3335 4416/7540/3293 4417/7657/3370 4420/7659/3371
f 4420/7659/3371 4417/7657/3370 4415/7530/3287 4418/7550/3303
f 4422/7599/3295 4419/7594/3335 4420/7659/3371 4423/7660/3372
f 4423/7660/3372 4420/7659/3371 4418/7550/3303 4421/7559/3311
f 4421/7572/3311 4424/7571/3318 4426/7661/3373 4423/7662/3372
f 4423/7662/3372 4426/7661/3373 4425/7543/3296 4422/7542/3295
f 4424/7571/3318 4427/7581/3324 4429/7663/3374 4426/7661/3373
f 4426/7661/3373 4429/7663/3374 4428/7556/3308 4425/7543/3296
f 4431/7605/3345 4428/7556/3308 4429/7663/3374 4432/7664/3375
f 4432/7664/3375 4429/7663/3374 4427/7581/3324 4430/7595/3336
f 4434/7584/3327 4431/7605/3345 4432/7664/3375 4435/7665/3376
f 4435/7665/3376 4432/7664/3375 4430/7595/3336 4433/7603/3343
f 4433/7603/3343 4436/7610/3235 4438/7666/3377 4435/7665/3376
f 4435/7665/3376 4438/7666/3377 4437/7585/3320 4434/7584/3327
f 4391/7578/3321 4437/7577/3320 4438/7667/3377 4393/7649/3363
f 4393/7649/3363 4438/7667/3377 4436/7466/3235 4392/7465/3234
f 4282/7462/3231 4391/7578/3321 4395/7457/3227 4287/7456/3226
usemtl hanging_industrial_lamp_glass
f 4457/7668/3378 4481/7669/3378 4482/7670/3379 4458/7671/3379
f 4450/7672/3380 4474/7673/3380 4475/7674/3381 4451/7675/3381
f 4443/7676/3382 4467/7677/3382 4468/7678/3383 4444/7679/3383
f 4458/7671/3379 4482/7670/3379 4483/7680/3384 4459/7681/3384
f 4451/7682/3381 4475/7683/3381 4476/7684/3385 4452/7685/3385
f 4444/7679/3383 4468/7678/3383 4469/7686/3386 4445/7687/3386
f 4459/7681/3384 4483/7680/3384 4484/7688/3387 4460/7689/3387
f 4452/7685/3385 4476/7684/3385 4477/7690/3388 4453/7691/3388
f 4445/7692/3386 4469/7693/3386 4470/7694/3389 4446/7695/3389
f 4460/7689/3387 4484/7688/3387 4485/7696/3390 4461/7697/3390
f 4453/7691/3388 4477/7690/3388 4478/7698/3391 4454/7699/3391
f 4446/7695/3389 4470/7694/3389 4471/7700/3392 4447/7701/3392
f 4461/7697/3390 4485/7696/3390 4486/7702/3393 4462/7703/3393
f 4439/7704/3394 4463/7705/3394 4464/7706/3395 4440/7707/3395
f 4454/7699/3391 4478/7698/3391 4479/7708/3396 4455/7709/3396
f 4447/7701/3392 4471/7700/3392 4472/7710/3397 4448/7711/3397
f 4462/7703/3393 4486/7702/3393 4463/7712/3394 4439/7713/3394
f 4440/7707/3395 4464/7706/3395 4465/7714/3398 4441/7715/3398
f 4455/7709/3396 4479/7708/3396 4480/7716/3399 4456/7717/3399
f 4448/7711/3397 4472/7710/3397 4473/7718/3400 4449/7719/3400
f 4441/7715/3398 4465/7714/3398 4466/7720/3401 4442/7721/3401
f 4456/7717/3399 4480/7716/3399 4481/7722/3378 4457/7723/3378
f 4449/7719/3400 4473/7718/3400 4474/7673/3380 4450/7672/3380
f 4442/7721/3401 4466/7720/3401 4467/7677/3382 4443/7676/3382
f 4522/7724/3402 4490/7725/3402 4489/7726/3403 4521/7727/3403
f 4544/7728/3404 4505/7729/3404 4504/7730/3405 4543/7731/3405
f 4566/7732/3406 4498/7733/3406 4497/7734/3407 4565/7735/3407
f 4577/7736/3408 4491/7737/3408 4490/7725/3402 4522/7724/3402
f 4588/7738/3409 4506/7739/3409 4505/7740/3404 4544/7741/3404
f 4599/7742/3410 4499/7743/3410 4498/7733/3406 4566/7732/3406
f 4610/7744/3411 4492/7745/3411 4491/7737/3408 4577/7736/3408
f 4621/7746/3412 4507/7747/3412 4506/7739/3409 4588/7738/3409
f 4632/7748/3413 4500/7749/3413 4499/7750/3410 4599/7751/3410
f 4643/7752/3414 4493/7753/3414 4492/7745/3411 4610/7744/3411
f 4654/7754/3415 4508/7755/3415 4507/7747/3412 4621/7746/3412
f 4665/7756/3416 4501/7757/3416 4500/7749/3413 4632/7748/3413
f 4676/7758/3417 4494/7759/3417 4493/7760/3414 4643/7761/3414
f 4687/7762/3418 4509/7763/3418 4508/7755/3415 4654/7754/3415
f 4698/7764/3419 4502/7765/3419 4501/7757/3416 4665/7756/3416
f 4709/7766/3420 4495/7767/3420 4494/7759/3417 4676/7758/3417
f 4720/7768/3421 4510/7769/3421 4509/7763/3418 4687/7762/3418
f 4742/7770/3422 4488/7771/3422 4487/7772/3423 4741/7773/3423
f 4753/7774/3424 4503/7775/3424 4502/7765/3419 4698/7764/3419
f 4764/7776/3425 4496/7777/3425 4495/7767/3420 4709/7766/3420
f 4741/7778/3423 4487/7779/3423 4510/7769/3421 4720/7768/3421
f 4521/7727/3403 4489/7726/3403 4488/7771/3422 4742/7770/3422
f 4543/7731/3405 4504/7730/3405 4503/7775/3424 4753/7774/3424
f 4565/7735/3407 4497/7734/3407 4496/7777/3425 4764/7776/3425
f 4449/7780/3426 4555/7781/3426 4774/7782/3427 4448/7783/3427
f 4555/7781/3428 4556/7784/3428 4773/7785/3429 4774/7782/3429
f 4556/7784/3430 4557/7786/3430 4772/7787/3431 4773/7785/3431
f 4557/7786/3432 4558/7788/3432 4771/7789/3433 4772/7787/3433
f 4558/7788/3434 4559/7790/3434 4770/7791/3435 4771/7789/3435
f 4559/7790/3436 4560/7792/3436 4769/7793/3437 4770/7791/3437
f 4560/7792/3438 4561/7794/3438 4768/7795/3439 4769/7793/3439
f 4561/7794/3440 4562/7796/3440 4767/7797/3441 4768/7795/3441
f 4562/7796/3442 4563/7798/3442 4766/7799/3443 4767/7797/3443
f 4563/7798/3444 4564/7800/3444 4765/7801/3445 4766/7799/3445
f 4564/7800/3446 4565/7735/3446 4764/7776/3447 4765/7801/3447
f 4456/7802/3448 4533/7803/3448 4763/7804/3449 4455/7805/3449
f 4533/7803/3450 4534/7806/3450 4762/7807/3451 4763/7804/3451
f 4534/7806/3452 4535/7808/3452 4761/7809/3453 4762/7807/3453
f 4535/7808/3454 4536/7810/3454 4760/7811/3455 4761/7809/3455
f 4536/7810/3456 4537/7812/3456 4759/7813/3457 4760/7811/3457
f 4537/7812/3458 4538/7814/3458 4758/7815/3459 4759/7813/3459
f 4538/7814/3460 4539/7816/3460 4757/7817/3461 4758/7815/3461
f 4539/7816/3462 4540/7818/3462 4756/7819/3463 4757/7817/3463
f 4540/7818/3464 4541/7820/3464 4755/7821/3465 4756/7819/3465
f 4541/7820/3466 4542/7822/3466 4754/7823/3467 4755/7821/3467
f 4542/7822/3468 4543/7731/3468 4753/7774/3469 4754/7823/3469
f 4441/7824/3470 4511/7825/3470 4752/7826/3471 4440/7827/3471
f 4511/7825/3472 4512/7828/3472 4751/7829/3473 4752/7826/3473
f 4512/7828/3474 4513/7830/3474 4750/7831/3475 4751/7829/3475
f 4513/7830/3476 4514/7832/3476 4749/7833/3477 4750/7831/3477
f 4514/7832/3478 4515/7834/3478 4748/7835/3479 4749/7833/3479
f 4515/7834/3480 4516/7836/3480 4747/7837/3481 4748/7835/3481
f 4516/7836/3482 4517/7838/3482 4746/7839/3483 4747/7837/3483
f 4517/7838/3484 4518/7840/3484 4745/7841/3485 4746/7839/3485
f 4518/7840/3486 4519/7842/3486 4744/7843/3487 4745/7841/3487
f 4519/7842/3488 4520/7844/3488 4743/7845/3489 4744/7843/3489
f 4520/7844/3490 4521/7727/3490 4742/7770/3491 4743/7845/3491
f 4439/7846/3492 4731/7847/3492 4730/7848/3493 4462/7849/3493
f 4731/7847/3494 4732/7850/3494 4729/7851/3495 4730/7848/3495
f 4732/7850/3496 4733/7852/3496 4728/7853/3497 4729/7851/3497
f 4733/7852/3498 4734/7854/3498 4727/7855/3499 4728/7853/3499
f 4734/7854/3500 4735/7856/3500 4726/7857/3501 4727/7855/3501
f 4735/7856/3502 4736/7858/3502 4725/7859/3503 4726/7857/3503
f 4736/7858/3504 4737/7860/3504 4724/7861/3505 4725/7859/3505
f 4737/7860/3506 4738/7862/3506 4723/7863/3507 4724/7861/3507
f 4738/7862/3508 4739/7864/3508 4722/7865/3509 4723/7863/3509
f 4739/7864/3510 4740/7866/3510 4721/7867/3511 4722/7865/3511
f 4740/7866/3512 4741/7778/3512 4720/7768/3513 4721/7867/3513
f 4448/7783/3427 4774/7782/3427 4719/7868/3514 4447/7869/3514
f 4774/7782/3429 4773/7785/3429 4718/7870/3515 4719/7868/3515
f 4773/7785/3431 4772/7787/3431 4717/7871/3516 4718/7870/3516
f 4772/7787/3433 4771/7789/3433 4716/7872/3517 4717/7871/3517
f 4771/7789/3435 4770/7791/3435 4715/7873/3518 4716/7872/3518
f 4770/7791/3437 4769/7793/3437 4714/7874/3519 4715/7873/3519
f 4769/7793/3439 4768/7795/3439 4713/7875/3520 4714/7874/3520
f 4768/7795/3441 4767/7797/3441 4712/7876/3521 4713/7875/3521
f 4767/7797/3443 4766/7799/3443 4711/7877/3522 4712/7876/3522
f 4766/7799/3445 4765/7801/3445 4710/7878/3523 4711/7877/3523
f 4765/7801/3447 4764/7776/3447 4709/7766/3524 4710/7878/3524
f 4455/7805/3449 4763/7804/3449 4708/7879/3525 4454/7880/3525
f 4763/7804/3451 4762/7807/3451 4707/7881/3526 4708/7879/3526
f 4762/7807/3453 4761/7809/3453 4706/7882/3527 4707/7881/3527
f 4761/7809/3455 4760/7811/3455 4705/7883/3528 4706/7882/3528
f 4760/7811/3457 4759/7813/3457 4704/7884/3529 4705/7883/3529
f 4759/7813/3459 4758/7815/3459 4703/7885/3530 4704/7884/3530
f 4758/7815/3461 4757/7817/3461 4702/7886/3531 4703/7885/3531
f 4757/7817/3463 4756/7819/3463 4701/7887/3532 4702/7886/3532
f 4756/7819/3465 4755/7821/3465 4700/7888/3533 4701/7887/3533
f 4755/7821/3467 4754/7823/3467 4699/7889/3534 4700/7888/3534
f 4754/7823/3469 4753/7774/3469 4698/7764/3535 4699/7889/3535
f 4440/7827/3471 4752/7826/3471 4731/7890/3492 4439/7891/3492
f 4752/7826/3473 4751/7829/3473 4732/7892/3494 4731/7890/3494
f 4751/7829/3475 4750/7831/3475 4733/7893/3496 4732/7892/3496
f 4750/7831/3477 4749/7833/3477 4734/7894/3498 4733/7893/3498
f 4749/7833/3479 4748/7835/3479 4735/7895/3500 4734/7894/3500
f 4748/7835/3481 4747/7837/3481 4736/7896/3502 4735/7895/3502
f 4747/7837/3483 4746/7839/3483 4737/7897/3504 4736/7896/3504
f 4746/7839/3485 4745/7841/3485 4738/7898/3506 4737/7897/3506
f 4745/7841/3487 4744/7843/3487 4739/7899/3508 4738/7898/3508
f 4744/7843/3489 4743/7845/3489 4740/7900/3510 4739/7899/3510
f 4743/7845/3491 4742/7770/3491 4741/7773/3512 4740/7900/3512
f 4462/7849/3493 4730/7848/3493 4697/7901/3536 4461/7902/3536
f 4730/7848/3495 4729/7851/3495 4696/7903/3537 4697/7901/3537
f 4729/7851/3497 4728/7853/3497 4695/7904/3538 4696/7903/3538
f 4728/7853/3499 4727/7855/3499 4694/7905/3539 4695/7904/3539
f 4727/7855/3501 4726/7857/3501 4693/7906/3540 4694/7905/3540
f 4726/7857/3503 4725/7859/3503 4692/7907/3541 4693/7906/3541
f 4725/7859/3505 4724/7861/3505 4691/7908/3542 4692/7907/3542
f 4724/7861/3507 4723/7863/3507 4690/7909/3543 4691/7908/3543
f 4723/7863/3509 4722/7865/3509 4689/7910/3544 4690/7909/3544
f 4722/7865/3511 4721/7867/3511 4688/7911/3545 4689/7910/3545
f 4721/7867/3513 4720/7768/3513 4687/7762/3546 4688/7911/3546
f 4447/7869/3514 4719/7868/3514 4686/7912/3547 4446/7913/3547
f 4719/7868/3515 4718/7870/3515 4685/7914/3548 4686/7912/3548
f 4718/7870/3516 4717/7871/3516 4684/7915/3549 4685/7914/3549
f 4717/7871/3517 4716/7872/3517 4683/7916/3550 4684/7915/3550
f 4716/7872/3518 4715/7873/3518 4682/7917/3551 4683/7916/3551
f 4715/7873/3519 4714/7874/3519 4681/7918/3552 4682/7917/3552
f 4714/7874/3520 4713/7875/3520 4680/7919/3553 4681/7918/3553
f 4713/7875/3521 4712/7876/3521 4679/7920/3554 4680/7919/3554
f 4712/7876/3522 4711/7877/3522 4678/7921/3555 4679/7920/3555
f 4711/7877/3523 4710/7878/3523 4677/7922/3556 4678/7921/3556
f 4710/7878/3524 4709/7766/3524 4676/7758/3557 4677/7922/3557
f 4454/7880/3525 4708/7879/3525 4675/7923/3558 4453/7924/3558
f 4708/7879/3526 4707/7881/3526 4674/7925/3559 4675/7923/3559
f 4707/7881/3527 4706/7882/3527 4673/7926/3560 4674/7925/3560
f 4706/7882/3528 4705/7883/3528 4672/7927/3561 4673/7926/3561
f 4705/7883/3529 4704/7884/3529 4671/7928/3562 4672/7927/3562
f 4704/7884/3530 4703/7885/3530 4670/7929/3563 4671/7928/3563
f 4703/7885/3531 4702/7886/3531 4669/7930/3564 4670/7929/3564
f 4702/7886/3532 4701/7887/3532 4668/7931/3565 4669/7930/3565
f 4701/7887/3533 4700/7888/3533 4667/7932/3566 4668/7931/3566
f 4700/7888/3534 4699/7889/3534 4666/7933/3567 4667/7932/3567
f 4699/7889/3535 4698/7764/3535 4665/7756/3568 4666/7933/3568
f 4461/7902/3536 4697/7901/3536 4664/7934/3569 4460/7935/3569
f 4697/7901/3537 4696/7903/3537 4663/7936/3570 4664/7934/3570
f 4696/7903/3538 4695/7904/3538 4662/7937/3571 4663/7936/3571
f 4695/7904/3539 4694/7905/3539 4661/7938/3572 4662/7937/3572
f 4694/7905/3540 4693/7906/3540 4660/7939/3573 4661/7938/3573
f 4693/7906/3541 4692/7907/3541 4659/7940/3574 4660/7939/3575
f 4692/7907/3542 4691/7908/3542 4658/7941/3576 4659/7940/3576
f 4691/7908/3543 4690/7909/3543 4657/7942/3577 4658/7941/3577
f 4690/7909/3544 4689/7910/3544 4656/7943/3578 4657/7942/3578
f 4689/7910/3545 4688/7911/3545 4655/7944/3579 4656/7943/3579
f 4688/7911/3546 4687/7762/3546 4654/7754/3580 4655/7944/3580
f 4446/7913/3547 4686/7912/3547 4653/7945/3581 4445/7946/3581
f 4686/7912/3548 4685/7914/3548 4652/7947/3582 4653/7945/3582
f 4685/7914/3549 4684/7915/3549 4651/7948/3583 4652/7947/3583
f 4684/7915/3550 4683/7916/3550 4650/7949/3584 4651/7948/3584
f 4683/7916/3551 4682/7917/3551 4649/7950/3585 4650/7949/3585
f 4682/7917/3552 4681/7918/3552 4648/7951/3586 4649/7950/3586
f 4681/7918/3553 4680/7919/3553 4647/7952/3587 4648/7951/3587
f 4680/7919/3554 4679/7920/3554 4646/7953/3588 4647/7952/3588
f 4679/7920/3555 4678/7921/3555 4645/7954/3589 4646/7953/3589
f 4678/7921/3556 4677/7922/3556 4644/7955/3590 4645/7954/3590
f 4677/7922/3557 4676/7758/3557 4643/7761/3591 4644/7955/3591
f 4453/7924/3558 4675/7923/3558 4642/7956/3592 4452/7957/3592
f 4675/7923/3559 4674/7925/3559 4641/7958/3593 4642/7956/3593
f 4674/7925/3560 4673/7926/3560 4640/7959/3594 4641/7958/3594
f 4673/7926/3561 4672/7927/3561 4639/7960/3595 4640/7959/3595
f 4672/7927/3562 4671/7928/3562 4638/7961/3596 4639/7960/3596
f 4671/7928/3563 4670/7929/3563 4637/7962/3597 4638/7961/3597
f 4670/7929/3564 4669/7930/3564 4636/7963/3598 4637/7962/3598
f 4669/7930/3565 4668/7931/3565 4635/7964/3599 4636/7963/3599
f 4668/7931/3566 4667/7932/3566 4634/7965/3600 4635/7964/3600
f 4667/7932/3567 4666/7933/3567 4633/7966/3601 4634/7965/3601
f 4666/7933/3568 4665/7756/3568 4632/7748/3602 4633/7966/3602
f 4460/7935/3569 4664/7934/3569 4631/7967/3603 4459/7968/3603
f 4664/7934/3570 4663/7936/3570 4630/7969/3604 4631/7967/3604
f 4663/7936/3571 4662/7937/3571 4629/7970/3605 4630/7969/3605
f 4662/7937/3572 4661/7938/3572 4628/7971/3606 4629/7970/3606
f 4661/7938/3573 4660/7939/3573 4627/7972/3607 4628/7971/3607
f 4660/7939/3575 4659/7940/3574 4626/7973/3608 4627/7972/3608
f 4659/7940/3576 4658/7941/3576 4625/7974/3609 4626/7973/3609
f 4658/7941/3577 4657/7942/3577 4624/7975/3610 4625/7974/3610
f 4657/7942/3578 4656/7943/3578 4623/7976/3611 4624/7975/3611
f 4656/7943/3579 4655/7944/3579 4622/7977/3612 4623/7976/3612
f 4655/7944/3580 4654/7754/3580 4621/7746/3613 4622/7977/3613
f 4445/7978/3581 4653/7979/3581 4620/7980/3614 4444/7981/3614
f 4653/7979/3582 4652/7982/3582 4619/7983/3615 4620/7980/3615
f 4652/7982/3583 4651/7984/3583 4618/7985/3616 4619/7983/3616
f 4651/7984/3584 4650/7986/3584 4617/7987/3617 4618/7985/3617
f 4650/7986/3585 4649/7988/3585 4616/7989/3618 4617/7987/3618
f 4649/7988/3586 4648/7990/3586 4615/7991/3619 4616/7989/3619
f 4648/7990/3587 4647/7992/3587 4614/7993/3620 4615/7991/3620
f 4647/7992/3588 4646/7994/3588 4613/7995/3621 4614/7993/3621
f 4646/7994/3589 4645/7996/3589 4612/7997/3622 4613/7995/3622
f 4645/7996/3590 4644/7998/3590 4611/7999/3623 4612/7997/3623
f 4644/7998/3591 4643/7752/3591 4610/7744/3624 4611/7999/3624
f 4452/7957/3592 4642/7956/3592 4609/8000/3625 4451/8001/3625
f 4642/7956/3593 4641/7958/3593 4608/8002/3626 4609/8000/3626
f 4641/7958/3594 4640/7959/3594 4607/8003/3627 4608/8002/3627
f 4640/7959/3595 4639/7960/3595 4606/8004/3628 4607/8003/3628
f 4639/7960/3596 4638/7961/3596 4605/8005/3629 4606/8004/3629
f 4638/7961/3597 4637/7962/3597 4604/8006/3630 4605/8005/3630
f 4637/7962/3598 4636/7963/3598 4603/8007/3631 4604/8006/3631
f 4636/7963/3599 4635/7964/3599 4602/8008/3632 4603/8007/3632
f 4635/7964/3600 4634/7965/3600 4601/8009/3633 4602/8008/3633
f 4634/7965/3601 4633/7966/3601 4600/8010/3634 4601/8009/3634
f 4633/7966/3602 4632/7748/3602 4599/7751/3635 4600/8010/3635
f 4459/7968/3603 4631/7967/3603 4598/8011/3636 4458/8012/3636
f 4631/7967/3604 4630/7969/3604 4597/8013/3637 4598/8011/3637
f 4630/7969/3605 4629/7970/3605 4596/8014/3638 4597/8013/3638
f 4629/7970/3606 4628/7971/3606 4595/8015/3639 4596/8014/3639
f 4628/7971/3607 4627/7972/3607 4594/8016/3640 4595/8015/3640
f 4627/7972/3608 4626/7973/3608 4593/8017/3641 4594/8016/3641
f 4626/7973/3609 4625/7974/3609 4592/8018/3642 4593/8017/3642
f 4625/7974/3610 4624/7975/3610 4591/8019/3643 4592/8018/3643
f 4624/7975/3611 4623/7976/3611 4590/8020/3644 4591/8019/3644
f 4623/7976/3612 4622/7977/3612 4589/8021/3645 4590/8020/3645
f 4622/7977/3613 4621/7746/3613 4588/7738/3646 4589/8021/3646
f 4444/7981/3614 4620/7980/3614 4587/8022/3647 4443/8023/3647
f 4620/7980/3615 4619/7983/3615 4586/8024/3648 4587/8022/3648
f 4619/7983/3616 4618/7985/3616 4585/8025/3649 4586/8024/3649
f 4618/7985/3617 4617/7987/3617 4584/8026/3650 4585/8025/3650
f 4617/7987/3618 4616/7989/3618 4583/8027/3651 4584/8026/3651
f 4616/7989/3619 4615/7991/3619 4582/8028/3652 4583/8027/3652
f 4615/7991/3620 4614/7993/3620 4581/8029/3653 4582/8028/3653
f 4614/7993/3621 4613/7995/3621 4580/8030/3654 4581/8029/3654
f 4613/7995/3622 4612/7997/3622 4579/8031/3655 4580/8030/3655
f 4612/7997/3623 4611/7999/3623 4578/8032/3656 4579/8031/3656
f 4611/7999/3624 4610/7744/3624 4577/7736/3657 4578/8032/3657
f 4451/8033/3625 4609/8034/3625 4576/8035/3658 4450/8036/3658
f 4609/8034/3626 4608/8037/3626 4575/8038/3659 4576/8035/3659
f 4608/8037/3627 4607/8039/3627 4574/8040/3660 4575/8038/3660
f 4607/8039/3628 4606/8041/3628 4573/8042/3661 4574/8040/3661
f 4606/8041/3629 4605/8043/3629 4572/8044/3662 4573/8042/3662
f 4605/8043/3630 4604/8045/3630 4571/8046/3663 4572/8044/3663
f 4604/8045/3631 4603/8047/3631 4570/8048/3664 4571/8046/3664
f 4603/8047/3632 4602/8049/3632 4569/8050/3665 4570/8048/3665
f 4602/8049/3633 4601/8051/3633 4568/8052/3666 4569/8050/3666
f 4601/8051/3634 4600/8053/3634 4567/8054/3667 4568/8052/3667
f 4600/8053/3635 4599/7742/3635 4566/7732/3668 4567/8054/3668
f 4458/8012/3636 4598/8011/3636 4554/8055/3669 4457/8056/3669
f 4598/8011/3637 4597/8013/3637 4553/8057/3670 4554/8055/3670
f 4597/8013/3638 4596/8014/3638 4552/8058/3671 4553/8057/3671
f 4596/8014/3639 4595/8015/3639 4551/8059/3672 4552/8058/3672
f 4595/8015/3640 4594/8016/3640 4550/8060/3673 4551/8059/3673
f 4594/8016/3641 4593/8017/3641 4549/8061/3674 4550/8060/3674
f 4593/8017/3642 4592/8018/3642 4548/8062/3675 4549/8061/3675
f 4592/8018/3643 4591/8019/3643 4547/8063/3676 4548/8062/3676
f 4591/8019/3644 4590/8020/3644 4546/8064/3677 4547/8063/3677
f 4590/8020/3645 4589/8021/3645 4545/8065/3678 4546/8064/3678
f 4589/8021/3646 4588/7738/3646 4544/7741/3679 4545/8065/3679
f 4443/8023/3647 4587/8022/3647 4532/8066/3680 4442/8067/3680
f 4587/8022/3648 4586/8024/3648 4531/8068/3681 4532/8066/3681
f 4586/8024/3649 4585/8025/3649 4530/8069/3682 4531/8068/3682
f 4585/8025/3650 4584/8026/3650 4529/8070/3683 4530/8069/3683
f 4584/8026/3651 4583/8027/3651 4528/8071/3684 4529/8070/3684
f 4583/8027/3652 4582/8028/3652 4527/8072/3685 4528/8071/3685
f 4582/8028/3653 4581/8029/3653 4526/8073/3686 4527/8072/3686
f 4581/8029/3654 4580/8030/3654 4525/8074/3687 4526/8073/3687
f 4580/8030/3655 4579/8031/3655 4524/8075/3688 4525/8074/3688
f 4579/8031/3656 4578/8032/3656 4523/8076/3689 4524/8075/3689
f 4578/8032/3657 4577/7736/3657 4522/7724/3690 4523/8076/3690
f 4450/8036/3658 4576/8035/3658 4555/7781/3426 4449/7780/3426
f 4576/8035/3659 4575/8038/3659 4556/7784/3428 4555/7781/3428
f 4575/8038/3660 4574/8040/3660 4557/7786/3430 4556/7784/3430
f 4574/8040/3661 4573/8042/3661 4558/7788/3432 4557/7786/3432
f 4573/8042/3662 4572/8044/3662 4559/7790/3434 4558/7788/3434
f 4572/8044/3663 4571/8046/3663 4560/7792/3436 4559/7790/3436
f 4571/8046/3664 4570/8048/3664 4561/7794/3438 4560/7792/3438
f 4570/8048/3665 4569/8050/3665 4562/7796/3440 4561/7794/3440
f 4569/8050/3666 4568/8052/3666 4563/7798/3442 4562/7796/3442
f 4568/8052/3667 4567/8054/3667 4564/7800/3444 4563/7798/3444
f 4567/8054/3668 4566/7732/3668 4565/7735/3446 4564/7800/3446
f 4457/8077/3669 4554/8078/3669 4533/7803/3448 4456/7802/3448
f 4554/8078/3670 4553/8079/3670 4534/7806/3450 4533/7803/3450
f 4553/8079/3671 4552/8080/3671 4535/7808/3452 4534/7806/3452
f 4552/8080/3672 4551/8081/3672 4536/7810/3454 4535/7808/3454
f 4551/8081/3673 4550/8082/3673 4537/7812/3456 4536/7810/3456
f 4550/8082/3674 4549/8083/3674 4538/7814/3458 4537/7812/3458
f 4549/8083/3675 4548/8084/3675 4539/7816/3460 4538/7814/3460
f 4548/8084/3676 4547/8085/3676 4540/7818/3462 4539/7816/3462
f 4547/8085/3677 4546/8086/3677 4541/7820/3464 4540/7818/3464
f 4546/8086/3678 4545/8087/3678 4542/7822/3466 4541/7820/3466
f 4545/8087/3679 4544/7728/3679 4543/7731/3468 4542/7822/3468
f 4442/8067/3680 4532/8066/3680 4511/7825/3470 4441/7824/3470
f 4532/8066/3681 4531/8068/3681 4512/7828/3472 4511/7825/3472
f 4531/8068/3682 4530/8069/3682 4513/7830/3474 4512/7828/3474
f 4530/8069/3683 4529/8070/3683 4514/7832/3476 4513/7830/3476
f 4529/8070/3684 4528/8071/3684 4515/7834/3478 4514/7832/3478
f 4528/8071/3685 4527/8072/3685 4516/7836/3480 4515/7834/3480
f 4527/8072/3686 4526/8073/3686 4517/7838/3482 4516/7836/3482
f 4526/8073/3687 4525/8074/3687 4518/7840/3484 4517/7838/3484
f 4525/8074/3688 4524/8075/3688 4519/7842/3486 4518/7840/3486
f 4524/8075/3689 4523/8076/3689 4520/7844/3488 4519/7842/3488
f 4523/8076/3690 4522/7724/3690 4521/7727/3490 4520/7844/3490
f 4489/8088/3691 4490/8089/3692 4491/8090/3693 4775/8091/3694
f 4775/8091/3694 4491/8090/3693 4492/8092/3695 4780/8093/3696
f 4780/8093/3696 4492/8092/3695 4493/8094/3697 4785/8095/3698
f 4785/8096/3698 4493/8097/3697 4494/8098/3699 4790/8099/3700
f 4790/8099/3700 4494/8098/3699 4495/8100/3701 4795/8101/3702
f 4795/8101/3702 4495/8100/3701 4496/8102/3703 4497/8103/3704
f 4488/8104/3705 4489/8088/3691 4775/8091/3694 4776/8105/3706
f 4776/8105/3706 4775/8091/3694 4780/8093/3696 4781/8106/3707
f 4781/8106/3707 4780/8093/3696 4785/8095/3698 4786/8107/3708
f 4786/8108/3708 4785/8096/3698 4790/8099/3700 4791/8109/3709
f 4791/8109/3709 4790/8099/3700 4795/8101/3702 4796/8110/3710
f 4796/8110/3710 4795/8101/3702 4497/8103/3704 4498/8111/3711
f 4487/8112/3712 4488/8104/3705 4776/8105/3706 4777/8113/3713
f 4777/8113/3713 4776/8105/3706 4781/8106/3707 4782/8114/3714
f 4782/8114/3714 4781/8106/3707 4786/8107/3708 4787/8115/12
f 4787/8116/12 4786/8108/3708 4791/8109/3709 4792/8117/3715
f 4792/8117/3715 4791/8109/3709 4796/8110/3710 4797/8118/3716
f 4797/8118/3716 4796/8110/3710 4498/8111/3711 4499/8119/3717
f 4510/8120/3718 4487/8121/3712 4777/8122/3713 4778/8123/3719
f 4778/8123/3719 4777/8122/3713 4782/8124/3714 4783/8125/3720
f 4783/8125/3720 4782/8124/3714 4787/8126/12 4788/8127/3721
f 4788/8128/3721 4787/8129/12 4792/8130/3715 4793/8131/3722
f 4793/8131/3722 4792/8130/3715 4797/8132/3716 4798/8133/3723
f 4798/8133/3723 4797/8132/3716 4499/8134/3717 4500/8135/3724
f 4509/8136/3725 4510/8120/3718 4778/8123/3719 4779/8137/3726
f 4779/8137/3726 4778/8123/3719 4783/8125/3720 4784/8138/3727
f 4784/8138/3727 4783/8125/3720 4788/8127/3721 4789/8139/3728
f 4789/8140/3728 4788/8128/3721 4793/8131/3722 4794/8141/3729
f 4794/8141/3729 4793/8131/3722 4798/8133/3723 4799/8142/3730
f 4799/8142/3730 4798/8133/3723 4500/8135/3724 4501/8143/3731
f 4508/8144/3732 4509/8136/3725 4779/8137/3726 4507/8145/3733
f 4507/8145/3733 4779/8137/3726 4784/8138/3727 4506/8146/3734
f 4506/8146/3734 4784/8138/3727 4789/8139/3728 4505/8147/3735
f 4505/8148/3735 4789/8140/3728 4794/8141/3729 4504/8149/3736
f 4504/8149/3736 4794/8141/3729 4799/8142/3730 4503/8150/3737
f 4503/8150/3737 4799/8142/3730 4501/8143/3731 4502/8151/3738
f 4486/8152/3 4464/8153/3 4463/8154/3
f 4464/8153/3 4486/8152/3 4465/8155/3
f 4465/8155/3 4486/8152/3 4466/8156/3
f 4466/8156/3 4468/8157/3 4467/8158/3
f 4468/8157/3 4470/8159/3 4469/8160/3
f 4470/8159/3 4474/8161/3 4471/8162/3
f 4471/8162/3 4474/8161/3 4472/8163/3
f 4472/8163/3 4474/8161/3 4473/8164/3
f 4474/8161/3 4476/8165/3 4475/8166/3
f 4476/8165/3 4478/8167/3 4477/8168/3
f 4478/8167/3 4480/8169/3 4479/8170/3
f 4480/8169/3 4482/8171/3 4481/8172/3
f 4482/8171/3 4484/8173/3 4483/8174/3
f 4484/8173/3 4486/8152/3 4485/8175/3
f 4466/8156/3 4470/8159/3 4468/8157/3
f 4474/8161/3 4470/8159/3 4476/8165/3
f 4476/8165/3 4470/8159/3 4478/8167/3
f 4478/8167/3 4482/8171/3 4480/8169/3
f 4482/8171/3 4478/8167/3 4484/8173/3
f 4484/8173/3 4478/8167/3 4486/8152/3
f 4466/8156/3 4486/8152/3 4478/8167/3 4470/8159/3
